transaction_id,description,amount,category
TXN598369,salary credit payment #3060,729.12,Financial Services
TXN285186,indigo payment #8749,4047.77,Travel & Transport
TXN465219,tata cliq payment #4389,2653.46,Shopping
TXN526504,playstation store payment #3057,1592.6,Entertainment
TXN346617,nilgiris supermarket payment #4593,3545.16,Groceries
TXN214611,jio fiber payment #4425,3099.06,Utilities
TXN309612,bharatpetrol payment #1869,3384.25,Fuel
TXN779445,ajio payment #1370,4260.98,Shopping
TXN416528,croma payment #3161,4422.52,Shopping
TXN534052,spencer’s retail payment #8885,3497.76,Groceries
TXN822063,ccd cafe payment #5873,2322.37,Food & Dining
TXN468074,cafe coffee day payment #6062,4615.53,Food & Dining
TXN811141,airtel digital tv payment #5904,2868.22,Utilities
TXN561567,hathway broadband payment #7277,1265.94,Utilities
TXN117215,airtel digital tv payment #8361,4836.21,Utilities
TXN714094,notion subscription payment #2052,1776.54,Bills & Subscriptions
TXN357420,atm cash removal payment #5397,1679.29,Financial Services
TXN420349,d mart payment #1848,2042.07,Shopping
TXN754688,playstation store payment #4360,4449.14,Entertainment
TXN870786,hp petrol payment #4063,4816.13,Fuel
TXN108161,freelancer payment payment #2372,846.06,Others
TXN309174,hotstar payment #8911,732.57,Entertainment
TXN676680,airindia payment #3733,3983.06,Travel & Transport
TXN388792,hpcl pump payment #8750,283.58,Fuel
TXN189170,dmart ready payment #1530,1277.64,Groceries
TXN548443,parking charges payment #6858,2395.06,Others
169,apollo pharmacy products,180.5,Health & Fitness
71,hotstar vip,99.99,Entertainment
TXN889743,meesho payment #7270,3889.96,Shopping
TXN177959,h&m india payment #8790,1428.37,Shopping
TXN997940,jiomart grocery payment #7243,661.06,Groceries
258,late fee for loan payment,350.0,Financial Services
TXN350224,jio fiber payment #3267,4908.13,Utilities
TXN907526,dmart ready payment #1716,747.68,Groceries
TXN629050,talwalkars gym payment #1745,126.27,Health & Fitness
TXN219754,pantaloons payment #9369,654.73,Shopping
TXN677086,dominos payment #3252,125.39,Food & Dining
TXN974628,icici atm payment #5554,2321.71,Financial Services
TXN907189,company reimbursement payment #7883,2008.44,Financial Services
TXN813390,zara india payment #4578,3833.11,Shopping
TXN444656,canva pro payment #8270,3722.35,Bills & Subscriptions
TXN390870,apple music payment #4539,2999.74,Bills & Subscriptions
TXN502704,zee5 premium payment #5521,1129.16,Bills & Subscriptions
94,aadhar supermarket groceries,450.0,Groceries
TXN392003,easyday club payment #8003,4801.97,Groceries
TXN405509,abhibus payment #6136,1652.7,Travel & Transport
TXN488984,swiggy payment #3513,3427.4,Food & Dining
TXN586758,bookmyshow payment #1173,2321.72,Entertainment
TXN204158,zee5 subscription payment #5213,546.02,Entertainment
TXN256846,ola payment #6231,2745.66,Travel & Transport
243,refund of failed upi transaction,300.0,Financial Services
TXN578472,xbox live payment #2492,1510.77,Entertainment
TXN822858,googlepay upi payment #1043,2101.74,Financial Services
TXN218661,airtel recharge payment #8917,3553.92,Utilities
TXN972837,transfer payment #9653,2531.26,Others
TXN179574,amazon prime video payment #4830,1401.56,Entertainment
TXN747518,1mg payment #6047,221.5,Health & Fitness
TXN978821,medplus payment #7623,701.53,Health & Fitness
TXN862422,bharatpetrol payment #5225,1666.77,Fuel
TXN500016,canva pro payment #4644,3079.51,Bills & Subscriptions
TXN224573,zee5 premium payment #7619,1300.5,Bills & Subscriptions
TXN144413,zee5 premium payment #9652,3451.98,Bills & Subscriptions
TXN226601,tata cliq payment #8635,1638.76,Shopping
TXN591081,faasos payment #6549,4040.74,Food & Dining
TXN324164,microsoft 365 payment #8010,691.94,Bills & Subscriptions
TXN606109,tata play dth payment #9290,222.18,Utilities
TXN209116,transfer payment #5432,3644.32,Others
TXN857168,googlepay upi payment #8433,115.9,Financial Services
TXN933592,pantaloons payment #8550,924.34,Shopping
TXN849747,icici emi payment payment #7149,2043.61,Financial Services
TXN530250,freelancer payment payment #1339,824.71,Others
TXN835570,nayara energy payment #9393,1564.67,Fuel
TXN106918,tnstc bus service payment #8898,4447.14,Travel & Transport
226,hdfc credit card bill payment,12000.0,Financial Services
TXN128015,bookmyshow payment #9291,318.71,Entertainment
27,tata sky bill,550.0,Utilities
TXN432061,lifestyle payment #3527,3724.31,Shopping
TXN976325,atm withdrawal payment #7389,4281.89,Financial Services
TXN970357,atm withdrawal payment #5837,207.5,Financial Services
33,iocl fuel,35.5,Fuel
TXN571635,croma payment #6411,3268.86,Shopping
TXN701334,haldirams payment #5480,1510.17,Food & Dining
TXN917392,ioc fuel station payment #3443,4752.29,Fuel
52,fitbit premium,14.99,Health & Fitness
TXN614084,ccd cafe payment #7984,3461.88,Food & Dining
TXN329471,icici credit card payment #2746,3914.26,Financial Services
TXN544815,shell payment #4492,4338.26,Fuel
TXN274418,nayara energy payment #8179,3689.66,Fuel
TXN791792,canva pro payment #4467,935.12,Bills & Subscriptions
TXN638179,tata cliq payment #1911,2321.82,Shopping
TXN428930,dominos payment #4125,192.79,Food & Dining
TXN172828,urbanclap payment #3789,1644.05,Others
TXN216359,spotify payment #7208,3308.86,Entertainment
TXN737517,tata play dth payment #9904,4056.53,Utilities
TXN161483,credit card pos payment #4502,4336.79,Financial Services
TXN687783,yatra travels payment #4089,2117.51,Travel & Transport
TXN208013,irctc payment #4450,917.86,Travel & Transport
TXN939892,talwalkars gym payment #5472,3805.88,Health & Fitness
TXN429839,dr lal pathlabs payment #2951,1979.79,Health & Fitness
TXN627935,inox movies payment #3598,956.1,Entertainment
TXN760626,debit card payment payment #8941,694.99,Financial Services
231,pos debit card transaction - lifestyle store,2300.75,Financial Services
TXN864654,1mg payment #6764,2162.27,Health & Fitness
TXN299254,tanishq payment #1251,1137.86,Shopping
TXN897925,jiomart grocery payment #1377,2638.18,Groceries
TXN530764,swiggy payment #6400,3383.06,Food & Dining
TXN469412,dominos payment #6447,753.71,Food & Dining
TXN544536,vistara airlines payment #6995,1001.18,Travel & Transport
TXN836197,dmart ready payment #8167,3207.13,Groceries
TXN330987,parking charges payment #6848,4498.44,Others
TXN299448,incentive payment payment #2790,1318.42,Financial Services
TXN756359,dmart ready payment #8587,485.89,Groceries
TXN402654,gold’s gym india payment #7809,4038.06,Health & Fitness
TXN958160,shell payment #1999,4219.91,Fuel
175,bigbasket online groceries,420.0,Groceries
TXN358568,myntra payment #6916,1333.33,Shopping
TXN247111,d mart payment #3733,2499.25,Shopping
TXN431192,alt balaji payment #1311,2167.82,Entertainment
TXN991913,nature's basket payment #1046,1096.07,Groceries
TXN981334,atm fee payment #7624,3648.49,Financial Services
TXN765117,spencer’s retail payment #5216,4363.13,Groceries
TXN632599,reliance fresh payment #7503,2560.73,Groceries
TXN253557,brewberrys cafe payment #3419,1257.72,Food & Dining
TXN766564,pvr cinemas payment #9541,1769.47,Entertainment
TXN101885,reliance petrol pump payment #3086,970.77,Fuel
TXN821541,jiomart grocery payment #2743,3640.75,Groceries
TXN172371,myntra payment #9866,4971.21,Shopping
TXN450006,bescom electricity payment #7793,2128.8,Utilities
TXN691353,lifestyle payment #2260,1566.46,Shopping
TXN432125,airindia payment #3061,2490.43,Travel & Transport
TXN824586,hdfc loan emi payment #1158,648.18,Financial Services
TXN233730,reliance fresh payment #2481,1682.96,Groceries
TXN377877,ioc fuel station payment #9013,4484.9,Fuel
TXN786735,chayos payment #3531,4438.53,Food & Dining
TXN668532,paytm upi payment #1958,2937.98,Financial Services
TXN538560,adobe creative cloud payment #5081,3423.25,Bills & Subscriptions
TXN508926,tneb payment payment #8421,2703.15,Utilities
TXN383572,essar petrol payment #9231,1675.86,Fuel
TXN815711,spencer’s retail payment #9289,2305.45,Groceries
TXN843596,orix cabs payment #5223,1026.2,Travel & Transport
TXN888318,google one payment #1155,399.18,Bills & Subscriptions
TXN936726,goibibo payment #1149,3852.76,Travel & Transport
TXN553959,1mg payment #6198,3580.25,Health & Fitness
TXN821353,local technician payment #6002,4277.56,Others
TXN211834,paytm upi payment #7302,4281.34,Financial Services
TXN290167,hpcl pump payment #5140,1052.2,Fuel
TXN537564,housejoy payment #6426,2016.03,Others
53,zee5 subscription,39.99,Entertainment
TXN312861,irl events india payment #1599,1115.28,Entertainment
TXN723789,spencer’s retail payment #7113,966.79,Groceries
TXN956800,amazon payment #1132,3508.43,Shopping
TXN526850,netflix payment #6215,2377.64,Entertainment
TXN509386,googlepay upi payment #7209,110.56,Financial Services
TXN908735,canva pro payment #8148,4789.77,Bills & Subscriptions
TXN720148,pizza hut payment #5961,4002.02,Food & Dining
TXN999138,meesho payment #3932,4662.68,Shopping
187,cadila doctor consultation,450.0,Health & Fitness
TXN976052,blablacar payment #6985,2979.63,Travel & Transport
TXN987826,flipkart payment #9584,265.74,Shopping
77,apple music subscription,9.99,Bills & Subscriptions
TXN865847,youtube premium payment #1210,4322.11,Bills & Subscriptions
TXN326053,netflix payment #5999,4456.38,Entertainment
18,bses rajdhani electricity,900.0,Utilities
TXN547861,alt balaji payment #8437,109.58,Entertainment
TXN340134,zee5 premium payment #5726,3777.7,Bills & Subscriptions
TXN962671,pharmeasy payment #5929,542.23,Health & Fitness
TXN181721,ola payment #2153,4188.84,Travel & Transport
TXN376626,nilgiris supermarket payment #8908,1206.57,Groceries
TXN373432,atm fee payment #9565,1650.21,Financial Services
TXN658582,company reimbursement payment #2133,4892.12,Financial Services
TXN735988,goibibo payment #2404,1161.31,Travel & Transport
TXN578073,apollo pharmacy payment #3430,1830.29,Health & Fitness
TXN276042,shell payment #6682,4913.66,Fuel
TXN357034,croma payment #9954,3826.36,Shopping
TXN757937,thai pavilion payment #3240,3178.42,Food & Dining
TXN549323,bpcl fuel outlet payment #2955,1948.27,Fuel
TXN954225,bookmyshow payment #8876,3699.47,Entertainment
TXN444056,h&m india payment #9792,834.28,Shopping
TXN246413,icici atm payment #8517,800.07,Financial Services
TXN513769,freelancer payment payment #5846,1753.91,Others
TXN109852,easyday club payment #1221,3982.76,Groceries
TXN986278,nayara energy payment #6813,4682.51,Fuel
TXN492505,unknown payment #2194,2263.49,Others
TXN997689,blinkit payment #1292,3253.97,Groceries
TXN734086,tnstc bus service payment #3196,2561.39,Travel & Transport
TXN564478,abhibus payment #7304,3879.0,Travel & Transport
TXN543588,v mart payment #3258,2916.55,Shopping
TXN158014,gold’s gym india payment #8960,3932.95,Health & Fitness
TXN491329,amazon payment #4583,2578.09,Shopping
TXN580938,nilgiris supermarket payment #6185,169.52,Groceries
TXN372374,xbox live payment #1982,4223.76,Entertainment
250,imps charge debit,5.0,Financial Services
TXN764316,hotstar payment #8932,241.64,Entertainment
TXN838857,ioc fuel station payment #4695,4566.28,Fuel
TXN335490,misc payment payment #2266,4797.26,Others
TXN617594,transfer payment #5520,2694.86,Others
31,aadhar fresh groceries,400.5,Groceries
TXN844056,adobe creative cloud payment #1886,4264.07,Bills & Subscriptions
TXN365971,swiggy payment #7338,4907.09,Food & Dining
TXN268010,talwalkars gym payment #4857,1557.37,Health & Fitness
TXN449218,swiggy payment #1637,771.48,Food & Dining
TXN232731,atm withdrawal payment #1231,3569.29,Financial Services
TXN591465,atm withdrawal payment #5728,2251.85,Financial Services
TXN771709,spotify premium payment #8354,1973.62,Bills & Subscriptions
TXN139726,indianoil payment #8523,3612.65,Fuel
TXN308802,bhim upi payment #6085,1200.74,Financial Services
TXN527060,pvr cinemas payment #2468,855.71,Entertainment
TXN836201,reliance petrol pump payment #9973,2657.73,Fuel
TXN445217,hotstar payment #5095,1064.7,Entertainment
TXN834861,yatra travels payment #9462,2724.69,Travel & Transport
217,atm service charge debit,25.0,Financial Services
TXN614958,donation payment payment #4272,1059.02,Others
TXN973074,card swipe payment #5636,4904.5,Financial Services
298,upi transfer to maid salary,2000.0,Financial Services
TXN294546,uber payment #9289,1957.31,Travel & Transport
TXN245766,healthspring payment #6104,3486.15,Health & Fitness
TXN245998,decathlon payment #8015,913.31,Shopping
TXN986593,pizza hut payment #2438,4071.51,Food & Dining
TXN190025,pantaloons payment #2712,1547.62,Shopping
239,neft transfer to lic premium,3500.0,Financial Services
TXN732063,swiggy payment #1151,1562.12,Food & Dining
TXN216123,zee5 subscription payment #7407,869.47,Entertainment
TXN994529,misc payment payment #3797,3428.09,Others
TXN962276,sbi atm payment #1207,4262.92,Financial Services
TXN784167,ksrtc bus payment #9883,745.68,Travel & Transport
TXN211496,municipal water tax payment #2047,4107.22,Utilities
TXN640828,flipkart payment #3938,1193.61,Shopping
230,reversal of credit card charges,-300.0,Financial Services
34,cult.fit fitness subscription,1200.0,Health & Fitness
213,reimbursement credit from hr,2300.0,Financial Services
TXN182659,nayara energy payment #7607,4103.81,Fuel
TXN371306,shoppers stop payment #2735,151.68,Shopping
TXN457311,essar petrol payment #4300,4051.58,Fuel
TXN525051,bescom electricity payment #3271,4383.58,Utilities
TXN115920,local technician payment #4903,746.18,Others
TXN296971,inox movies payment #2406,1634.07,Entertainment
TXN322167,vistara airlines payment #4424,3726.06,Travel & Transport
TXN963428,inox movies payment #5873,2016.34,Entertainment
TXN934816,atm withdrawal payment #1474,325.36,Financial Services
TXN989838,hotstar payment #8074,4899.49,Entertainment
TXN351815,inox movies payment #4444,1594.85,Entertainment
TXN624741,amazon prime video payment #2374,4246.76,Entertainment
TXN736473,apple music payment #3794,4208.63,Bills & Subscriptions
TXN837880,reliance trends payment #8032,3311.88,Shopping
TXN468845,icici emi payment payment #7232,2437.2,Financial Services
TXN163653,playstation store payment #8993,1236.34,Entertainment
TXN678588,gaana plus payment #9197,2520.66,Entertainment
241,refund from amazon via upi,450.0,Financial Services
TXN457506,donation payment payment #4547,3810.54,Others
TXN348243,netflix payment #6465,2646.41,Entertainment
TXN455784,bank a/c transfer payment #1993,2072.84,Financial Services
TXN908274,hpcl pump payment #7415,4268.71,Fuel
TXN694423,decathlon payment #1908,2548.09,Shopping
TXN610274,transfer payment #2942,1510.43,Others
276,atm cash withdrawal at foreign location,10000.0,Financial Services
TXN534694,spencer’s retail payment #4957,120.37,Groceries
TXN680472,bpcl fuel outlet payment #6143,3588.18,Fuel
TXN730645,dunzo payment #3033,2318.65,Groceries
TXN919023,nayara energy payment #8912,4629.42,Fuel
TXN188597,nobroker services payment #5921,4153.18,Others
TXN506281,tnstc bus service payment #7126,1001.48,Travel & Transport
TXN480612,sbi atm payment #9005,195.44,Financial Services
TXN743937,shoppers stop payment #7481,243.04,Shopping
TXN813824,hpcl pump payment #7620,3336.6,Fuel
TXN555401,vistara airlines payment #6700,4410.98,Travel & Transport
TXN134500,nykaa payment #9897,2861.2,Shopping
81,tata housing bill,800.0,Utilities
TXN862057,microsoft 365 payment #7407,451.93,Bills & Subscriptions
TXN171131,torrent power payment #5614,1346.65,Utilities
TXN938742,phonepe upi payment #4878,4336.57,Financial Services
TXN502724,freelancer payment payment #7990,1497.76,Others
TXN690268,chai sutta bar payment #9721,2500.25,Food & Dining
TXN247189,abhibus payment #3717,3810.31,Travel & Transport
TXN755674,googlepay upi payment #9317,4571.88,Financial Services
TXN892453,bescom electricity payment #9740,484.87,Utilities
TXN458332,faasos payment #3953,4760.73,Food & Dining
TXN413823,canva pro payment #8711,2037.26,Bills & Subscriptions
TXN957626,spotify payment #4369,1617.81,Entertainment
TXN493774,jio fiber payment #7759,4362.44,Utilities
TXN755744,hpcl pump payment #1833,3890.94,Fuel
TXN595351,dominos payment #7771,1718.44,Food & Dining
TXN485290,talwalkars gym payment #8793,4701.5,Health & Fitness
TXN712916,netflix payment #1991,725.64,Entertainment
TXN736408,amazon payment #5942,1106.68,Shopping
TXN380061,municipal water tax payment #5466,1741.34,Utilities
TXN343962,neft transfer payment #1488,559.11,Financial Services
TXN452457,atm cash removal payment #8956,242.22,Financial Services
TXN480992,shell payment #8474,4756.74,Fuel
TXN649435,ola payment #1431,3877.58,Travel & Transport
TXN521818,westside payment #7806,2175.52,Shopping
TXN645316,spotify premium payment #4196,3588.52,Bills & Subscriptions
TXN890795,pharmeasy payment #8764,4490.29,Health & Fitness
285,loan top-up credit,30000.0,Financial Services
TXN464699,urban company payment #1512,2753.59,Others
TXN698128,subway payment #4178,1902.42,Food & Dining
TXN526170,paytm upi payment #2402,1282.64,Financial Services
TXN473801,urbanclap payment #8761,2554.17,Others
TXN609172,nayara energy payment #5327,1976.91,Fuel
221,loan emi payment - hdfc home loan,18500.0,Financial Services
TXN116398,nilgiris supermarket payment #5582,966.0,Groceries
TXN761685,bharatpetrol payment #2324,2489.15,Fuel
TXN520018,rapido payment #2642,1150.84,Travel & Transport
TXN513869,columbia asia payment #7241,1582.29,Health & Fitness
TXN498197,ioc fuel station payment #8178,988.18,Fuel
TXN764001,vistara airlines payment #7090,2120.48,Travel & Transport
TXN270832,reliance fresh payment #5621,203.13,Groceries
103,d-mart groceries,380.5,Groceries
TXN910883,hp petrol payment #3742,4860.98,Fuel
TXN181247,credit card pos payment #4919,1445.53,Financial Services
286,credit card cashback credit,500.0,Financial Services
TXN511484,indigo payment #1918,1405.87,Travel & Transport
TXN851583,youtube premium payment #6458,848.24,Bills & Subscriptions
TXN425469,bescom electricity payment #8672,576.59,Utilities
TXN331890,playstation store payment #5967,4061.23,Entertainment
TXN350675,jio fiber payment #3174,1856.19,Utilities
TXN999308,1mg payment #9763,4348.07,Health & Fitness
TXN802173,heritage fresh payment #7876,2671.41,Groceries
45,bsnl broadband bill,750.0,Utilities
TXN384685,act fibernet payment #6152,3578.22,Utilities
TXN514118,dr lal pathlabs payment #9755,187.78,Health & Fitness
TXN341296,subway payment #5689,3901.13,Food & Dining
TXN695403,meesho payment #7461,466.67,Shopping
TXN461908,healthspring payment #7235,577.02,Health & Fitness
TXN231113,rapido payment #4012,4285.64,Travel & Transport
TXN217825,local technician payment #5840,573.01,Others
TXN455081,1mg payment #6959,4878.52,Health & Fitness
59,wynk music premium,8.99,Bills & Subscriptions
TXN933729,max healthcare payment #4622,4174.71,Health & Fitness
TXN534631,healthspring payment #5616,1073.45,Health & Fitness
TXN728635,inox movies payment #6597,1132.06,Entertainment
TXN479781,credit card pos payment #2729,2224.26,Financial Services
TXN973176,urbanclap payment #2697,2421.34,Others
TXN100909,tata play dth payment #3438,3299.04,Utilities
TXN760393,nature's basket payment #5403,1099.2,Groceries
TXN821403,canva pro payment #7498,2494.27,Bills & Subscriptions
TXN238739,amazonpay upi payment #8953,1149.76,Financial Services
TXN566624,parking charges payment #2890,3496.06,Others
TXN887029,ola payment #6410,493.09,Travel & Transport
TXN393366,nayara energy payment #8848,398.8,Fuel
TXN900088,cult fit payment #2287,2181.54,Health & Fitness
TXN682401,tneb payment payment #8780,781.44,Utilities
TXN542372,talwalkars gym payment #8592,826.01,Health & Fitness
TXN877725,jiomart grocery payment #1082,876.1,Groceries
TXN820999,reliance fresh payment #2722,4968.35,Groceries
TXN592841,atm cash removal payment #9056,4848.37,Financial Services
TXN247720,dominos payment #5382,2303.02,Food & Dining
TXN425625,apollo pharmacy payment #5023,4005.52,Health & Fitness
235,upi payment to mobile recharge,199.0,Financial Services
TXN854145,society maintenance payment #3480,1824.15,Others
TXN116817,adobe creative cloud payment #4908,1079.93,Bills & Subscriptions
TXN539001,essar petrol payment #9259,4418.81,Fuel
TXN347600,cult fit payment #5201,3465.59,Health & Fitness
TXN912241,nature's basket payment #7559,490.86,Groceries
TXN271276,ola payment #7527,584.98,Travel & Transport
TXN810614,shell payment #4626,3272.16,Fuel
TXN934794,atm withdrawal payment #6974,4505.01,Financial Services
287,debit card cashback,120.0,Financial Services
TXN297377,hpcl pump payment #3328,2859.23,Fuel
TXN716814,local technician payment #1553,1424.46,Others
TXN178794,more supermarket payment #4373,3505.33,Groceries
TXN714646,bookmyshow payment #1305,1418.88,Entertainment
TXN867979,rapido payment #9906,1803.56,Travel & Transport
TXN561694,hdfc credit card payment #2644,4383.53,Financial Services
TXN226516,amazonpay upi payment #6023,1331.88,Financial Services
TXN416509,healthspring payment #2256,3292.53,Health & Fitness
TXN535673,atm withdrawal payment #9337,3556.52,Financial Services
197,amazon prime,13.99,Entertainment
TXN338356,blinkit payment #9222,1599.57,Groceries
TXN846802,spencer’s retail payment #2338,1561.85,Groceries
TXN756895,airtel digital tv payment #4592,2374.66,Utilities
TXN499407,paradise biryani payment #9984,3589.55,Food & Dining
TXN542417,atm fee payment #9935,526.0,Financial Services
TXN803375,fortis hospital payment #6804,4984.02,Health & Fitness
TXN363319,hdfc credit card payment #5325,2576.5,Financial Services
TXN222343,pizza hut payment #5951,3281.27,Food & Dining
TXN439817,jio fiber payment #8449,541.88,Utilities
TXN616342,hp petrol payment #1750,4494.7,Fuel
TXN686187,bharatpetrol payment #5237,3653.41,Fuel
TXN521805,flipkart payment #5009,3728.65,Shopping
TXN878533,blablacar payment #6126,2031.34,Travel & Transport
TXN778748,paradise biryani payment #1857,3967.21,Food & Dining
TXN441092,playstation store payment #3772,388.68,Entertainment
TXN826648,bookmyshow payment #1378,4960.56,Entertainment
TXN218423,bharatpetrol payment #8914,4609.95,Fuel
225,sbi loan emi debit,7400.0,Financial Services
TXN887042,tneb payment payment #9624,4919.54,Utilities
TXN198820,donation payment payment #5718,3696.02,Others
TXN593090,apollo pharmacy payment #4766,997.39,Health & Fitness
TXN712056,behrouz biryani payment #2795,4901.5,Food & Dining
TXN452898,prime membership payment #6521,3061.42,Bills & Subscriptions
TXN923856,ajio payment #3221,4817.58,Shopping
TXN472932,indigo payment #2544,284.91,Travel & Transport
TXN707667,urban company payment #6067,1033.81,Others
TXN994794,airtel recharge payment #2485,1890.24,Utilities
TXN623956,bescom electricity payment #9856,3252.7,Utilities
TXN389511,vistara airlines payment #1246,920.07,Travel & Transport
15,indian oil fuel,50.0,Fuel
TXN612824,zee5 premium payment #5354,682.08,Bills & Subscriptions
220,bank service charge for account maintenance,100.0,Financial Services
TXN286040,orix cabs payment #3450,3067.0,Travel & Transport
TXN539589,bhim upi payment #1651,3134.97,Financial Services
TXN168652,bpcl fuel outlet payment #9736,135.92,Fuel
TXN268870,dmart ready payment #3307,3867.25,Groceries
TXN638637,google one payment #7013,4213.1,Bills & Subscriptions
TXN534753,yatra travels payment #2938,3339.44,Travel & Transport
TXN146372,tneb payment payment #1083,2147.08,Utilities
TXN673095,decathlon payment #3773,785.8,Shopping
TXN438302,bharatpetrol payment #1654,853.15,Fuel
TXN784219,dmart ready payment #6867,1014.12,Groceries
TXN457261,donation payment payment #9955,4336.01,Others
TXN267112,bpcl fuel outlet payment #2117,3952.67,Fuel
TXN422316,easyday club payment #8279,4095.78,Groceries
TXN188693,google one payment #3705,2919.05,Bills & Subscriptions
TXN760830,reliance petrol pump payment #7678,2001.36,Fuel
TXN411120,reversal charge payment #8973,858.5,Financial Services
TXN423241,decathlon payment #2745,548.45,Shopping
TXN303993,indianoil payment #2166,2413.88,Fuel
TXN988319,h&m india payment #1040,4357.65,Shopping
64,shoppers stop,400.75,Shopping
TXN748564,rtgs transfer payment #5803,4164.08,Financial Services
TXN792984,tneb payment payment #1003,3809.68,Utilities
TXN193020,transfer payment #4253,3210.39,Others
204,google pay upi transfer to friend,500.0,Financial Services
TXN480211,burger king payment #9331,1872.96,Food & Dining
62,amazon prime video,12.99,Entertainment
TXN874368,healthspring payment #3556,121.04,Health & Fitness
TXN566686,meesho payment #4705,2645.28,Shopping
TXN388389,bank service charge payment #2824,222.55,Financial Services
TXN567863,gaana plus payment #3406,3531.45,Entertainment
TXN706224,act fibernet payment #2006,3183.57,Utilities
TXN689351,parking charges payment #4359,2629.69,Others
TXN360322,flipkart payment #7870,1200.13,Shopping
TXN178711,googlepay upi payment #4929,951.69,Financial Services
147,cleartrip travel booking,900.0,Travel & Transport
TXN543940,shell payment #4157,718.31,Fuel
TXN560823,cult fit payment #4507,4852.63,Health & Fitness
TXN201414,sbi atm payment #2674,554.45,Financial Services
TXN916628,dunzo payment #2274,1877.24,Groceries
TXN155846,irl events india payment #3434,1705.63,Entertainment
TXN597775,medplus payment #9260,4271.35,Health & Fitness
TXN777308,essar petrol payment #4469,2122.01,Fuel
TXN648501,viva fitness gym payment #5921,4223.54,Health & Fitness
TXN377950,talwalkars gym payment #8371,3156.67,Health & Fitness
TXN307731,indigo payment #3209,2456.52,Travel & Transport
TXN788500,bsnl bill payment #1931,4698.68,Utilities
TXN490394,redbus payment #7866,3533.49,Travel & Transport
89,mx player subscription,5.99,Entertainment
TXN509711,croma payment #3545,2728.31,Shopping
TXN101206,icici atm payment #9431,4142.14,Financial Services
TXN923218,disney plus hotstar payment #7252,3304.21,Bills & Subscriptions
TXN457356,hotstar payment #8759,1267.96,Entertainment
TXN748151,zomato payment #6321,942.18,Food & Dining
TXN615500,reliance petrol pump payment #6094,1473.7,Fuel
TXN297487,zee5 subscription payment #2043,2719.0,Entertainment
TXN339592,dominos payment #4522,2207.34,Food & Dining
TXN737460,orix cabs payment #7633,3903.45,Travel & Transport
TXN572788,indigo payment #7440,2126.44,Travel & Transport
TXN359159,gaana plus payment #6477,4218.49,Entertainment
TXN882233,more supermarket payment #7427,1000.1,Groceries
TXN131394,easyday club payment #9691,1826.04,Groceries
TXN271720,sms charge payment #2876,3911.18,Financial Services
TXN559094,gaana plus payment #2706,3561.38,Entertainment
136,nykaa cosmetics,500.0,Shopping
TXN449472,bescom electricity payment #1100,657.8,Utilities
TXN794037,reliance fresh payment #5370,240.07,Groceries
TXN591868,apollo pharmacy payment #9412,3006.56,Health & Fitness
TXN373812,indianoil payment #5831,198.38,Fuel
TXN275044,unknown payment #8068,217.26,Others
TXN146168,bsnl bill payment #1067,1623.81,Utilities
TXN803024,chayos payment #9624,557.92,Food & Dining
TXN166974,firstcry payment #8034,1432.7,Shopping
TXN741709,indigo payment #4026,228.37,Travel & Transport
TXN267753,hdfc credit card payment #2796,848.92,Financial Services
TXN403527,disney plus hotstar payment #1131,2228.21,Bills & Subscriptions
TXN497887,hdfc loan emi payment #5010,900.67,Financial Services
TXN929868,tnstc bus service payment #7084,2372.05,Travel & Transport
TXN237654,goibibo payment #8260,3169.76,Travel & Transport
TXN370539,housejoy payment #2049,2258.15,Others
112,subhiksha supermarket,420.75,Groceries
TXN682959,amazon payment #7625,4287.55,Shopping
TXN742848,chai sutta bar payment #3290,1707.03,Food & Dining
192,easemytrip travel booking,950.0,Travel & Transport
261,upi payment to delivery agent,150.0,Financial Services
TXN746002,croma payment #3480,4607.48,Shopping
TXN257517,easyday club payment #3971,3429.22,Groceries
TXN409963,bharatpetrol payment #1417,3311.46,Fuel
TXN764259,hp petrol payment #3120,3110.95,Fuel
TXN466960,imps transfer payment #9837,355.22,Financial Services
TXN300444,spencer’s retail payment #4541,1805.62,Groceries
TXN128941,icici atm payment #9785,1722.63,Financial Services
TXN635218,bsnl bill payment #1133,3096.3,Utilities
TXN525392,municipal water tax payment #3087,2588.95,Utilities
TXN764873,bsnl bill payment #2870,3560.51,Utilities
TXN789354,talwalkars gym payment #3478,2822.81,Health & Fitness
TXN986304,notion subscription payment #7660,3875.83,Bills & Subscriptions
TXN109853,amazonpay upi payment #8529,1351.1,Financial Services
TXN764845,nayara energy payment #9941,1545.39,Fuel
TXN830549,bigbasket payment #3735,3035.85,Groceries
TXN739270,hotstar payment #2734,3930.1,Entertainment
TXN261630,tanishq payment #4965,1338.14,Shopping
46,pepperfry furniture,1800.0,Shopping
TXN283305,prime membership payment #9577,4528.61,Bills & Subscriptions
TXN119927,pizza hut payment #1086,4538.7,Food & Dining
TXN868265,coursera plus payment #4338,445.73,Bills & Subscriptions
TXN587455,bajaj finance emi payment #9817,3895.74,Financial Services
TXN736975,disney plus hotstar payment #5620,2802.56,Bills & Subscriptions
265,hdfc cheque clearing,0.0,Financial Services
TXN649249,indigo payment #6062,3473.81,Travel & Transport
TXN206176,bharatpetrol payment #8113,869.81,Fuel
TXN744755,irl events india payment #8711,3975.89,Entertainment
TXN861911,max healthcare payment #8106,4679.72,Health & Fitness
TXN495007,figma pro payment #5775,3550.29,Bills & Subscriptions
TXN243464,local technician payment #5309,525.63,Others
TXN921834,tneb payment payment #9283,476.63,Utilities
TXN267082,behrouz biryani payment #6123,1030.19,Food & Dining
TXN845635,essar petrol payment #5536,1379.62,Fuel
TXN376185,cult fit payment #9301,373.11,Health & Fitness
TXN785720,easyday club payment #6463,777.28,Groceries
TXN541365,unknown payment #1432,4791.71,Others
TXN667776,tnstc bus service payment #1108,3844.8,Travel & Transport
TXN583814,gaana plus payment #8679,3640.3,Entertainment
TXN478816,gaana plus payment #4154,4131.93,Entertainment
TXN767830,rapido payment #3238,1519.02,Travel & Transport
TXN291542,alt balaji payment #3755,1498.22,Entertainment
1,amazon order #12345,78.5,Shopping
TXN855582,jiomart grocery payment #8461,2568.71,Groceries
TXN839513,urban company payment #9907,1108.72,Others
TXN915809,dominos payment #2041,2433.61,Food & Dining
TXN639995,ccd cafe payment #3142,3827.26,Food & Dining
TXN678443,wow momo payment #7044,2390.29,Food & Dining
294,bank fee reversal,100.0,Financial Services
TXN250219,firstcry payment #4881,1578.65,Shopping
TXN699678,more supermarket payment #4015,117.64,Groceries
TXN954142,cult fit payment #5991,240.92,Health & Fitness
TXN774751,mcdonalds payment #6072,2838.72,Food & Dining
TXN598807,starbucks payment #7666,3299.17,Food & Dining
222,icici personal loan emi,9500.0,Financial Services
TXN623481,paytm upi payment #6155,1141.87,Financial Services
TXN725920,myntra payment #6798,2815.68,Shopping
TXN269930,ccd cafe payment #9239,2684.55,Food & Dining
TXN106907,amazon prime video payment #7811,3869.17,Entertainment
TXN541699,heritage fresh payment #1766,4952.27,Groceries
TXN128679,max healthcare payment #6353,2320.98,Health & Fitness
TXN660069,debit card payment payment #3091,4905.54,Financial Services
TXN710990,housejoy payment #4520,1956.31,Others
264,sbi cheque deposit,0.0,Financial Services
TXN738309,jiomart grocery payment #9459,4962.17,Groceries
TXN820431,more supermarket payment #5097,947.5,Groceries
TXN432427,burger king payment #2208,714.1,Food & Dining
TXN513741,haldirams payment #6992,542.48,Food & Dining
TXN992865,playstation store payment #5588,4376.97,Entertainment
TXN400548,dunzo payment #8999,294.0,Groceries
TXN475290,urban company payment #5118,2013.09,Others
TXN641722,sms charge payment #5526,2823.38,Financial Services
TXN610626,ksrtc bus payment #6877,3896.36,Travel & Transport
TXN217659,decathlon payment #2279,4594.5,Shopping
TXN834549,chai point payment #1517,2905.59,Food & Dining
TXN970917,paytm upi payment #2245,3001.28,Financial Services
TXN100037,parking charges payment #4288,662.07,Others
TXN636265,reversal charge payment #6139,2238.33,Financial Services
TXN840140,urbanclap payment #6695,3220.81,Others
TXN213054,fortis hospital payment #8065,308.33,Health & Fitness
TXN946971,urbanclap payment #7767,3762.63,Others
TXN689444,vistara airlines payment #8972,1570.17,Travel & Transport
TXN307356,myntra payment #1357,4986.09,Shopping
TXN347565,xbox live payment #1085,2320.42,Entertainment
TXN612356,firstcry payment #5216,3840.47,Shopping
TXN585331,indigo payment #6432,4401.64,Travel & Transport
TXN468765,essar petrol payment #1462,3546.92,Fuel
293,upi payment for mobile bill,399.0,Financial Services
TXN402020,amazonpay upi payment #9998,741.96,Financial Services
TXN170634,ioc fuel station payment #2198,1524.2,Fuel
TXN684357,zara india payment #7761,4842.15,Shopping
TXN408472,gaana plus payment #4098,4286.73,Entertainment
TXN726116,jiomart grocery payment #2744,420.06,Groceries
TXN405420,bikanervala payment #4963,3620.87,Food & Dining
TXN150051,playstation store payment #9314,1836.92,Entertainment
TXN536056,bsnl bill payment #3248,3246.99,Utilities
TXN519902,dominos payment #4986,2234.81,Food & Dining
TXN145976,columbia asia payment #1095,1714.19,Health & Fitness
TXN792561,tneb payment payment #5150,1543.39,Utilities
TXN932794,hp petrol payment #2200,365.91,Fuel
TXN888938,gaana plus payment #4874,2515.6,Entertainment
TXN506380,reliance petrol pump payment #1769,4639.78,Fuel
TXN207391,zara india payment #4580,4949.9,Shopping
TXN294015,dunzo payment #9125,989.42,Groceries
TXN518675,blinkit payment #7157,875.21,Groceries
TXN931131,phonepe upi payment #2169,392.23,Financial Services
TXN801534,adani electricity payment #2486,178.06,Utilities
TXN200992,shoppers stop payment #3937,624.38,Shopping
TXN850800,card swipe payment #1434,2850.1,Financial Services
TXN130401,airtel digital tv payment #8268,348.56,Utilities
TXN968034,jiomart grocery payment #7898,1288.24,Groceries
TXN170499,thai pavilion payment #8179,270.51,Food & Dining
TXN359214,transfer payment #2983,2647.13,Others
TXN323491,bookmyshow payment #4772,2386.03,Entertainment
TXN627786,reliance petrol pump payment #3112,603.27,Fuel
TXN112542,adani electricity payment #1138,4175.28,Utilities
TXN333726,irctc payment #9465,1332.77,Travel & Transport
TXN703998,orix cabs payment #6298,3455.22,Travel & Transport
TXN510133,h&m india payment #4621,2284.31,Shopping
TXN549653,zee5 subscription payment #4738,776.17,Entertainment
TXN584935,tata play dth payment #9797,4490.05,Utilities
TXN145471,chai sutta bar payment #4629,4732.54,Food & Dining
TXN464158,tnstc bus service payment #9859,259.56,Travel & Transport
TXN886197,nykaa payment #3735,1922.16,Shopping
TXN352572,icici credit card payment #6038,1273.32,Financial Services
TXN862729,prime membership payment #3933,4298.22,Bills & Subscriptions
TXN425845,bajaj finance emi payment #4920,3577.94,Financial Services
8,pvr cinemas ticket,200.0,Entertainment
TXN288128,tata play dth payment #2322,131.11,Utilities
TXN222292,figma pro payment #7018,156.85,Bills & Subscriptions
TXN559713,goibibo payment #5410,712.69,Travel & Transport
TXN186554,blablacar payment #3425,747.73,Travel & Transport
TXN753518,vodafone idea recharge payment #5254,2674.42,Utilities
TXN224473,hp petrol payment #9166,2290.63,Fuel
TXN877947,transfer payment #9535,1229.63,Others
TXN733727,dunzo payment #6198,1777.88,Groceries
TXN798740,prime membership payment #6209,4892.31,Bills & Subscriptions
TXN815339,easyday club payment #6138,1931.05,Groceries
TXN705445,vodafone idea recharge payment #9779,191.72,Utilities
97,cadila healthcare consultation,550.0,Health & Fitness
TXN621718,blablacar payment #4110,2667.94,Travel & Transport
TXN162804,reliance trends payment #7878,2510.94,Shopping
TXN251950,medplus payment #5550,4409.22,Health & Fitness
TXN532007,pharmeasy payment #7111,3916.16,Health & Fitness
26,saregama music concert,300.0,Entertainment
TXN786398,society maintenance payment #1812,1240.1,Others
TXN107161,pantaloons payment #6301,4685.54,Shopping
TXN653429,inox movies payment #1129,4152.32,Entertainment
TXN689107,swiggy payment #7563,350.67,Food & Dining
TXN544336,irl events india payment #5016,2733.92,Entertainment
TXN525750,lifestyle payment #2294,1927.95,Shopping
TXN643341,healthspring payment #3354,163.2,Health & Fitness
TXN191892,viva fitness gym payment #7471,4042.74,Health & Fitness
68,linkedin premium,29.99,Bills & Subscriptions
TXN259826,apollo pharmacy payment #2908,913.92,Health & Fitness
TXN832229,prime membership payment #2641,115.11,Bills & Subscriptions
TXN685253,abhibus payment #3931,2836.28,Travel & Transport
TXN935540,nayara energy payment #4892,2603.52,Fuel
TXN645205,talwalkars gym payment #2253,3339.29,Health & Fitness
32,gaana music premium,9.99,Bills & Subscriptions
TXN497509,adobe creative cloud payment #1834,2171.34,Bills & Subscriptions
TXN329580,bookmyshow payment #4241,1492.09,Entertainment
TXN880758,mcdonalds payment #2527,2216.19,Food & Dining
TXN679606,tneb payment payment #3784,2932.8,Utilities
TXN757343,society maintenance payment #2768,4830.72,Others
TXN212235,icici credit card payment #3200,1395.88,Financial Services
TXN488368,uber payment #8069,2658.02,Travel & Transport
TXN681866,tnstc bus service payment #3928,1914.04,Travel & Transport
TXN859364,rapido payment #9369,1396.15,Travel & Transport
TXN576713,spencer’s retail payment #4471,1192.11,Groceries
TXN395528,local technician payment #1422,1910.75,Others
TXN729088,nature's basket payment #9502,4118.17,Groceries
TXN828361,act fibernet payment #8713,759.27,Utilities
TXN906066,behrouz biryani payment #5676,3264.9,Food & Dining
TXN356068,freelancer payment payment #5795,4357.96,Others
TXN402491,local technician payment #4664,4438.21,Others
TXN146307,cult fit payment #5266,672.53,Health & Fitness
TXN500209,bpcl fuel outlet payment #2963,4350.74,Fuel
TXN803055,kfc payment #7367,2322.85,Food & Dining
TXN614259,ioc fuel station payment #9882,1614.36,Fuel
TXN122301,nature's basket payment #7272,1258.47,Groceries
TXN237148,hotstar payment #3366,4425.34,Entertainment
TXN818534,pharmeasy payment #6945,4525.47,Health & Fitness
TXN116093,bank a/c transfer payment #9617,4561.16,Financial Services
223,bajaj finance emi payment,3200.0,Financial Services
TXN185465,urban company payment #6596,1637.84,Others
TXN593152,atm cash removal payment #5133,4191.06,Financial Services
TXN391740,myntra payment #7600,2626.51,Shopping
TXN288288,inox movies payment #5473,1973.62,Entertainment
TXN633376,nobroker services payment #6250,2249.08,Others
TXN577924,notion subscription payment #4586,2549.18,Bills & Subscriptions
TXN803950,makemytrip payment #7767,1190.52,Travel & Transport
TXN207581,starbucks payment #9937,1539.46,Food & Dining
TXN708222,gold’s gym india payment #6939,569.58,Health & Fitness
TXN555884,bank service charge payment #6573,646.61,Financial Services
TXN221197,parking charges payment #7993,2792.77,Others
TXN215806,pvr cinemas payment #7926,4936.08,Entertainment
TXN185916,shell payment #3798,3227.13,Fuel
TXN992325,urban company payment #5389,2586.69,Others
224,axis bank auto loan emi,10500.0,Financial Services
TXN556501,municipal water tax payment #8063,3943.14,Utilities
TXN502686,meesho payment #3017,2988.91,Shopping
TXN947954,transfer payment #8111,4087.8,Others
TXN396712,columbia asia payment #4531,4976.52,Health & Fitness
TXN462479,neft transfer payment #2776,3023.2,Financial Services
TXN400947,dmart ready payment #5940,3161.32,Groceries
TXN988456,zomato payment #1996,4993.08,Food & Dining
TXN919240,zee5 premium payment #4299,1432.12,Bills & Subscriptions
TXN930541,chai point payment #2988,4927.15,Food & Dining
TXN116389,adani electricity payment #7162,3910.54,Utilities
TXN185955,airindia payment #3879,3263.2,Travel & Transport
TXN486251,faasos payment #8780,4097.17,Food & Dining
TXN104487,playstation store payment #1033,3083.06,Entertainment
TXN464340,jiomart grocery payment #2903,106.86,Groceries
181,lifestyle app shopping,200.25,Shopping
TXN520286,bsnl bill payment #5949,2710.45,Utilities
TXN188425,dominos payment #6626,4913.69,Food & Dining
TXN395023,bikanervala payment #6781,338.42,Food & Dining
TXN156413,tata play dth payment #1826,619.04,Utilities
TXN691912,bikanervala payment #8354,3437.55,Food & Dining
TXN360247,icici emi payment payment #5978,517.39,Financial Services
TXN815819,shell payment #5819,2299.19,Fuel
TXN544579,prime membership payment #1175,4814.62,Bills & Subscriptions
TXN130782,nykaa payment #2934,3880.01,Shopping
TXN278980,bescom electricity payment #2594,2335.3,Utilities
TXN879241,spotify payment #9789,2150.22,Entertainment
TXN240057,decathlon payment #4618,1173.73,Shopping
TXN918107,local technician payment #5959,4712.99,Others
TXN726111,airindia payment #6168,2474.84,Travel & Transport
242,refund from swiggy upi,200.0,Financial Services
TXN432043,sbi atm payment #9742,1962.05,Financial Services
TXN922880,bpcl fuel outlet payment #2928,1485.26,Fuel
TXN311740,talwalkars gym payment #9064,3984.38,Health & Fitness
TXN753323,ioc fuel station payment #1202,3954.1,Fuel
TXN890303,spencer’s retail payment #5931,1445.9,Groceries
TXN764323,google one payment #3224,4621.41,Bills & Subscriptions
274,foreign remittance received,45000.0,Financial Services
TXN299367,paradise biryani payment #6772,1173.12,Food & Dining
TXN741599,cafe coffee day payment #8311,1151.4,Food & Dining
TXN789402,transfer payment #3321,4110.9,Others
TXN874879,coursera plus payment #6653,1296.71,Bills & Subscriptions
TXN850151,jio fiber payment #2740,4571.79,Utilities
TXN690996,chayos payment #6531,4228.4,Food & Dining
TXN397005,dominos payment #6655,2206.58,Food & Dining
TXN474175,rapido payment #1468,272.26,Travel & Transport
TXN918771,brewberrys cafe payment #4131,1501.94,Food & Dining
209,rtgs transfer to business account,50000.0,Financial Services
266,icici demand draft charge,150.0,Financial Services
TXN644107,prime membership payment #9684,2493.96,Bills & Subscriptions
TXN691240,lifestyle payment #6980,658.05,Shopping
TXN641218,tneb payment payment #2609,4128.48,Utilities
TXN179184,nykaa payment #7786,1938.34,Shopping
TXN334153,tnstc bus service payment #3435,1892.51,Travel & Transport
TXN544920,icici emi payment payment #5901,3230.8,Financial Services
TXN103468,torrent power payment #2148,2746.63,Utilities
TXN460836,prime membership payment #1346,718.01,Bills & Subscriptions
TXN636256,columbia asia payment #7626,4938.86,Health & Fitness
TXN576877,zomato payment #5332,2729.2,Food & Dining
TXN175231,act fibernet payment #3056,757.96,Utilities
TXN415989,hp petrol payment #5748,3955.77,Fuel
TXN114210,spencer’s retail payment #1339,639.17,Groceries
TXN104326,viva fitness gym payment #4479,2959.38,Health & Fitness
TXN683397,chayos payment #7105,4077.67,Food & Dining
TXN566509,makemytrip payment #7479,1429.12,Travel & Transport
TXN867559,misc payment payment #1805,3278.25,Others
TXN924911,donation payment payment #6558,2351.46,Others
TXN812413,wow momo payment #9406,4025.37,Food & Dining
TXN608149,flipkart payment #6882,4764.03,Shopping
TXN866260,myntra payment #4751,1977.04,Shopping
TXN986589,lifestyle payment #2871,1804.83,Shopping
TXN818987,chai point payment #6942,586.84,Food & Dining
TXN970198,housejoy payment #6703,2964.02,Others
TXN325258,uber payment #5920,4923.53,Travel & Transport
TXN631958,chayos payment #5902,3009.25,Food & Dining
74,pizza hut delivery,16.0,Food & Dining
49,reliance smart point groceries,425.0,Groceries
TXN455193,bsnl bill payment #6101,3104.99,Utilities
TXN756596,firstcry payment #1793,325.12,Shopping
TXN197649,municipal water tax payment #6901,4664.25,Utilities
TXN765282,nilgiris supermarket payment #3138,4918.73,Groceries
TXN655953,airtel digital tv payment #4860,1040.32,Utilities
TXN676713,behrouz biryani payment #6692,3576.75,Food & Dining
TXN716482,reliance trends payment #4438,4072.44,Shopping
TXN716493,nayara energy payment #3451,826.18,Fuel
TXN712401,meesho payment #1265,1377.79,Shopping
TXN941134,bpcl fuel outlet payment #5082,3190.7,Fuel
TXN822487,amazon prime video payment #7937,4982.91,Entertainment
TXN688602,hpcl pump payment #9691,2426.8,Fuel
TXN140712,zee5 premium payment #2167,2103.06,Bills & Subscriptions
TXN809147,shell payment #8895,1794.17,Fuel
TXN650131,act fibernet payment #6393,2682.56,Utilities
TXN766269,behrouz biryani payment #4626,3273.5,Food & Dining
TXN790130,coursera plus payment #3811,2172.95,Bills & Subscriptions
TXN928446,spotify premium payment #9830,3597.37,Bills & Subscriptions
TXN776184,heritage fresh payment #7765,4549.17,Groceries
TXN213119,microsoft 365 payment #3153,637.69,Bills & Subscriptions
TXN128048,apollo pharmacy payment #2117,2540.86,Health & Fitness
TXN361728,healthspring payment #2347,643.06,Health & Fitness
TXN240855,inox movies payment #5170,2797.7,Entertainment
TXN498619,pvr cinemas payment #5110,4213.49,Entertainment
TXN465848,spotify premium payment #9021,568.15,Bills & Subscriptions
TXN693047,columbia asia payment #6927,2947.22,Health & Fitness
TXN664939,decathlon payment #9720,1477.32,Shopping
TXN199346,spotify premium payment #3809,1334.51,Bills & Subscriptions
TXN525756,hathway broadband payment #6212,3587.69,Utilities
TXN595523,unknown payment #9000,4378.77,Others
TXN571029,bank service charge payment #9928,2155.65,Financial Services
TXN226215,blablacar payment #3863,2340.26,Travel & Transport
TXN168079,bsnl bill payment #8001,4232.22,Utilities
TXN917380,dmart ready payment #7089,1922.62,Groceries
TXN458143,bookmyshow payment #4297,3947.79,Entertainment
TXN943706,tnstc bus service payment #7246,1817.54,Travel & Transport
TXN830587,youtube premium payment #9721,1159.22,Bills & Subscriptions
TXN230738,google one payment #5802,519.96,Bills & Subscriptions
TXN191621,max healthcare payment #8298,3417.61,Health & Fitness
TXN455556,ccd cafe payment #7114,3995.0,Food & Dining
TXN772239,blinkit payment #8447,2517.35,Groceries
TXN625600,yatra travels payment #5953,1257.4,Travel & Transport
TXN795650,airindia payment #2285,3411.48,Travel & Transport
TXN308727,haldirams payment #6990,3799.33,Food & Dining
TXN448354,tanishq payment #1110,4749.23,Shopping
TXN729752,housejoy payment #9854,3619.76,Others
TXN740939,freelancer payment payment #4955,4280.66,Others
TXN233606,disney plus hotstar payment #2902,2906.91,Bills & Subscriptions
TXN316174,bescom electricity payment #8798,3492.56,Utilities
TXN758537,1mg payment #9419,1049.69,Health & Fitness
TXN663723,tanishq payment #1535,1446.78,Shopping
TXN234097,orix cabs payment #1367,1293.98,Travel & Transport
TXN456349,urban company payment #8954,3668.12,Others
TXN718196,transfer payment #4005,3646.17,Others
TXN594668,society maintenance payment #8925,1944.96,Others
TXN470920,zee5 premium payment #8198,892.99,Bills & Subscriptions
111,yatra travels booking,1200.0,Travel & Transport
TXN790428,transfer payment #5560,3946.31,Others
TXN516760,yatra travels payment #5514,4959.81,Travel & Transport
TXN626930,tanishq payment #3616,2086.54,Shopping
TXN666847,debit card payment payment #2604,347.88,Financial Services
TXN813793,paradise biryani payment #7229,824.1,Food & Dining
60,indianoil fuel,48.5,Fuel
TXN359414,irctc payment #7387,1615.92,Travel & Transport
TXN528368,gold’s gym india payment #4102,2149.82,Health & Fitness
TXN170813,pantaloons payment #2195,181.78,Shopping
TXN808502,parking charges payment #9115,768.37,Others
TXN969414,urbanclap payment #6337,2894.79,Others
TXN811459,local technician payment #6810,1318.77,Others
TXN813145,brewberrys cafe payment #2215,2304.88,Food & Dining
TXN501058,meesho payment #7887,1934.86,Shopping
TXN978343,hpcl pump payment #6730,1786.82,Fuel
TXN157287,local technician payment #7966,2053.53,Others
TXN849666,orix cabs payment #7467,1324.49,Travel & Transport
TXN973128,jiomart grocery payment #3627,153.25,Groceries
TXN955015,faasos payment #9444,2051.3,Food & Dining
TXN499812,freelancer payment payment #5261,896.49,Others
TXN580115,bescom electricity payment #2075,1022.93,Utilities
267,loan foreclosure payment,20000.0,Financial Services
TXN330246,society maintenance payment #5078,4798.96,Others
TXN776149,wow momo payment #9920,4518.31,Food & Dining
TXN538555,decathlon payment #3316,2603.04,Shopping
TXN104942,bharatpetrol payment #6134,3209.04,Fuel
TXN586288,municipal water tax payment #1399,4884.46,Utilities
57,yatra flight ticket,4000.0,Travel & Transport
234,credit card swipe at electronics store,12499.0,Financial Services
TXN875795,pharmeasy payment #5979,2521.09,Health & Fitness
TXN949355,society maintenance payment #2576,1097.34,Others
TXN629554,bookmyshow payment #8760,1772.47,Entertainment
TXN860242,nykaa payment #4088,4693.31,Shopping
TXN297296,google one payment #6574,3728.85,Bills & Subscriptions
TXN600935,googlepay upi payment #1841,1337.14,Financial Services
TXN806033,h&m india payment #7108,685.06,Shopping
TXN630930,1mg payment #3627,3522.56,Health & Fitness
TXN963930,fortis hospital payment #4489,3337.95,Health & Fitness
273,rtgs transfer for property purchase,1500000.0,Financial Services
TXN883041,sbi card payment payment #5708,4987.39,Financial Services
TXN345196,irl events india payment #9737,4238.03,Entertainment
TXN378727,yatra travels payment #1955,4135.85,Travel & Transport
TXN799080,redbus payment #6905,4448.85,Travel & Transport
TXN618827,alt balaji payment #8918,3606.68,Entertainment
TXN605608,netflix payment #1985,4674.18,Entertainment
TXN174132,adani electricity payment #1022,4315.87,Utilities
TXN517035,decathlon payment #2037,3998.82,Shopping
257,salary advance credit,5000.0,Financial Services
TXN834781,coursera plus payment #4029,2086.12,Bills & Subscriptions
70,manipal hospitals consultation,700.0,Health & Fitness
TXN862400,chai sutta bar payment #5369,4025.63,Food & Dining
TXN350385,uber payment #6965,3902.48,Travel & Transport
TXN512433,nature's basket payment #9090,3100.37,Groceries
TXN911813,nature's basket payment #1513,4940.27,Groceries
TXN795612,atm fee payment #6409,3153.46,Financial Services
TXN549186,incentive payment payment #1672,1801.3,Financial Services
TXN640422,pvr cinemas payment #3476,4281.7,Entertainment
TXN897392,vodafone idea recharge payment #2318,4221.79,Utilities
TXN115440,uber payment #4814,541.97,Travel & Transport
255,upi payment at clothing store,1200.0,Financial Services
TXN126985,hpcl pump payment #8869,1078.41,Fuel
TXN336574,mcdonalds payment #3306,3795.34,Food & Dining
TXN777568,debit card payment payment #1887,3399.49,Financial Services
TXN388375,behrouz biryani payment #3430,421.84,Food & Dining
280,axis mobile app upi payment,950.0,Financial Services
TXN969812,spencer’s retail payment #8443,2815.36,Groceries
TXN421440,google one payment #3879,2679.73,Bills & Subscriptions
TXN821347,adobe creative cloud payment #9818,2601.89,Bills & Subscriptions
13,big bazaar groceries,580.25,Groceries
117,bses bill,1050.0,Utilities
TXN183057,blablacar payment #7199,1180.9,Travel & Transport
TXN487538,hotstar payment #7694,640.65,Entertainment
TXN207241,ola payment #9764,208.44,Travel & Transport
TXN127633,urbanclap payment #1351,4663.11,Others
TXN276578,disney plus hotstar payment #6047,131.46,Bills & Subscriptions
TXN416503,uber payment #9480,761.92,Travel & Transport
TXN929151,bank a/c transfer payment #7818,3070.96,Financial Services
TXN340044,sbi atm payment #5102,226.74,Financial Services
TXN878659,google one payment #2742,739.38,Bills & Subscriptions
TXN987938,municipal water tax payment #1121,2931.9,Utilities
TXN401602,wow momo payment #3399,1523.22,Food & Dining
TXN157474,municipal water tax payment #6500,3705.23,Utilities
TXN690525,makemytrip payment #8254,4833.67,Travel & Transport
TXN117062,jiomart grocery payment #1640,1753.21,Groceries
TXN146150,prime membership payment #3750,3647.66,Bills & Subscriptions
TXN436759,donation payment payment #1482,4625.4,Others
TXN878204,local technician payment #5687,1204.93,Others
TXN791252,unknown payment #5493,1872.3,Others
TXN611088,coursera plus payment #3518,2112.52,Bills & Subscriptions
TXN520040,reliance trends payment #3141,1070.85,Shopping
TXN569865,ioc fuel station payment #8277,4026.18,Fuel
TXN757685,brewberrys cafe payment #6295,4334.81,Food & Dining
TXN769952,tnstc bus service payment #2310,2393.49,Travel & Transport
TXN925622,incentive payment payment #5065,1407.35,Financial Services
170,prime video channel subscription,12.99,Entertainment
TXN907455,indigo payment #8046,4978.86,Travel & Transport
TXN561801,netflix payment #2887,797.77,Entertainment
TXN172187,vistara airlines payment #8429,3023.01,Travel & Transport
TXN201295,canva pro payment #2035,1180.78,Bills & Subscriptions
TXN172792,paytm upi payment #7528,1708.48,Financial Services
TXN414070,talwalkars gym payment #6563,916.47,Health & Fitness
TXN169966,pharmeasy payment #9078,4972.23,Health & Fitness
30,goibibo bus ticket,800.0,Travel & Transport
TXN349825,adobe creative cloud payment #9664,3063.1,Bills & Subscriptions
23,hotstar subscription,79.99,Bills & Subscriptions
TXN377198,abhibus payment #8989,1235.57,Travel & Transport
TXN438689,playstation store payment #1849,4283.91,Entertainment
TXN617927,more supermarket payment #4229,343.33,Groceries
TXN936039,hathway broadband payment #1194,1515.08,Utilities
TXN681478,brewberrys cafe payment #8873,4383.17,Food & Dining
TXN355528,municipal water tax payment #7773,1269.02,Utilities
TXN347231,swiggy payment #7495,2559.83,Food & Dining
TXN442722,icici atm payment #6363,1137.14,Financial Services
TXN926403,kfc payment #2264,1549.38,Food & Dining
TXN758592,bookmyshow payment #3587,1441.5,Entertainment
TXN897135,credit card pos payment #5530,3650.47,Financial Services
44,youtube premium,12.99,Entertainment
88,vlcc wellness products,200.0,Health & Fitness
TXN567315,indianoil payment #2879,3377.8,Fuel
TXN510373,spencer’s retail payment #4962,2823.12,Groceries
TXN556957,fortis hospital payment #3378,3283.73,Health & Fitness
TXN483629,kritunga payment #3165,3953.91,Food & Dining
TXN149405,card swipe payment #9085,545.46,Financial Services
TXN576467,tata play dth payment #7974,3153.92,Utilities
TXN615611,westside payment #9109,2104.76,Shopping
TXN633541,ajio payment #2889,1219.18,Shopping
TXN768357,misc payment payment #8364,1950.38,Others
TXN690016,hpcl pump payment #2641,4632.15,Fuel
TXN889359,atm withdrawal payment #3068,3225.56,Financial Services
TXN445356,zee5 premium payment #9984,2093.23,Bills & Subscriptions
TXN742865,abhibus payment #5413,2409.59,Travel & Transport
TXN857997,nykaa payment #6400,1579.53,Shopping
TXN137642,bank service charge payment #8994,4374.68,Financial Services
TXN830322,netflix payment #3843,2124.5,Entertainment
TXN836720,canva pro payment #1119,3599.38,Bills & Subscriptions
TXN797298,irl events india payment #7799,1867.15,Entertainment
TXN432799,zee5 subscription payment #1394,4312.28,Entertainment
TXN850534,disney plus hotstar payment #2465,616.8,Bills & Subscriptions
TXN255785,zee5 premium payment #6545,3007.62,Bills & Subscriptions
TXN620509,vodafone idea recharge payment #3125,3110.02,Utilities
TXN488477,irl events india payment #1138,711.34,Entertainment
TXN567830,nilgiris supermarket payment #8992,2224.01,Groceries
TXN834122,nobroker services payment #5739,3812.53,Others
TXN460572,hp petrol payment #5687,4350.63,Fuel
TXN780748,unknown payment #3458,1967.34,Others
TXN847841,freelancer payment payment #3540,4773.06,Others
TXN336290,zara india payment #8758,1280.74,Shopping
TXN341288,kfc payment #7229,2709.65,Food & Dining
TXN130369,local technician payment #7750,3467.39,Others
TXN213666,dmart ready payment #7950,1054.18,Groceries
TXN741003,westside payment #6134,3025.16,Shopping
TXN447302,apple music payment #7464,2163.17,Bills & Subscriptions
TXN999908,tanishq payment #2320,3303.31,Shopping
TXN590262,alt balaji payment #6511,2187.9,Entertainment
TXN517143,urbanclap payment #5790,735.61,Others
TXN882193,hotstar payment #8567,1967.66,Entertainment
TXN631741,alt balaji payment #3369,380.86,Entertainment
TXN970699,tnstc bus service payment #8891,935.78,Travel & Transport
268,house rent paid via bank transfer,15000.0,Financial Services
TXN768891,credit card pos payment #3344,1237.72,Financial Services
TXN122323,local technician payment #8434,4769.92,Others
TXN881770,bsnl bill payment #9529,3854.28,Utilities
TXN963355,zara india payment #7948,2706.47,Shopping
TXN810477,playstation store payment #8075,422.37,Entertainment
TXN261745,paradise biryani payment #3147,3026.51,Food & Dining
TXN477048,figma pro payment #2310,4759.96,Bills & Subscriptions
TXN218881,essar petrol payment #7248,4588.07,Fuel
TXN952092,canva pro payment #1051,4932.29,Bills & Subscriptions
TXN412501,spotify payment #1445,3595.17,Entertainment
TXN387286,indianoil payment #6904,3552.71,Fuel
TXN211954,jio fiber payment #5896,3509.82,Utilities
TXN267457,paradise biryani payment #7850,1316.52,Food & Dining
TXN626474,bigbasket payment #5947,4493.61,Groceries
TXN440536,tneb payment payment #6412,3965.02,Utilities
TXN197466,hpcl pump payment #5395,4404.53,Fuel
TXN694822,misc payment payment #1740,4112.74,Others
TXN985652,reliance fresh payment #2520,479.17,Groceries
TXN514507,gaana plus payment #2145,1573.13,Entertainment
TXN772625,irl events india payment #1607,3334.86,Entertainment
TXN182790,ioc fuel station payment #4860,2433.69,Fuel
TXN115743,abhibus payment #1528,2102.09,Travel & Transport
TXN896241,spencer’s retail payment #5137,4468.77,Groceries
TXN621800,municipal water tax payment #5146,159.82,Utilities
TXN816751,atm fee payment #5374,3538.92,Financial Services
TXN261223,nayara energy payment #2181,3759.77,Fuel
TXN350405,hdfc credit card payment #4090,4905.8,Financial Services
TXN913217,icici emi payment payment #7274,1244.46,Financial Services
TXN417960,cult fit payment #2410,803.83,Health & Fitness
TXN928611,easyday club payment #1735,2862.32,Groceries
TXN449970,inox movies payment #1627,2775.53,Entertainment
TXN970196,shell payment #1035,1772.65,Fuel
TXN548709,transfer payment #1208,3363.55,Others
TXN548462,googlepay upi payment #8239,2803.23,Financial Services
TXN292984,urban company payment #7628,2470.23,Others
TXN644098,playstation store payment #9342,1933.9,Entertainment
TXN792829,airtel digital tv payment #1644,4840.81,Utilities
TXN147976,adobe creative cloud payment #1272,3205.51,Bills & Subscriptions
TXN334410,coursera plus payment #8159,4061.39,Bills & Subscriptions
TXN908422,zee5 premium payment #3644,160.45,Bills & Subscriptions
TXN351696,google one payment #2302,475.8,Bills & Subscriptions
TXN260295,barbeque nation payment #4232,950.15,Food & Dining
TXN216946,figma pro payment #6956,1737.98,Bills & Subscriptions
TXN946632,bsnl bill payment #5648,2139.49,Utilities
TXN923073,bigbasket payment #1860,1372.47,Groceries
TXN270666,nature's basket payment #1459,1273.7,Groceries
TXN571093,society maintenance payment #9927,4506.18,Others
TXN818798,hathway broadband payment #2600,2673.79,Utilities
TXN441244,redbus payment #7216,2946.94,Travel & Transport
TXN895807,youtube premium payment #4811,203.95,Bills & Subscriptions
TXN532459,abhibus payment #4767,4020.79,Travel & Transport
215,hdfc atm cash withdrawal,3000.0,Financial Services
TXN931023,nobroker services payment #8455,2876.65,Others
TXN409727,lifestyle payment #2404,3883.62,Shopping
TXN554987,d mart payment #2354,2549.31,Shopping
TXN288158,paytm upi payment #5853,1214.67,Financial Services
TXN444295,shell payment #6206,2480.72,Fuel
TXN184002,googlepay upi payment #1931,4807.82,Financial Services
TXN834764,bpcl fuel outlet payment #5423,3151.71,Fuel
TXN748410,adani electricity payment #1312,2408.98,Utilities
TXN634150,salary credit payment #5573,1820.62,Financial Services
TXN836789,spencer’s retail payment #6830,4871.87,Groceries
TXN162833,prime membership payment #4990,3136.85,Bills & Subscriptions
TXN365045,inox movies payment #7719,2309.59,Entertainment
TXN996531,yatra travels payment #7522,3705.33,Travel & Transport
TXN677599,mcdonalds payment #5105,1061.88,Food & Dining
TXN721826,cult fit payment #5270,950.05,Health & Fitness
TXN529718,society maintenance payment #1747,1611.7,Others
TXN730841,prime membership payment #3069,2646.78,Bills & Subscriptions
TXN519904,credit card pos payment #5722,3346.66,Financial Services
TXN287497,bsnl bill payment #2313,2014.34,Utilities
TXN693423,atm withdrawal payment #2983,4001.51,Financial Services
TXN792094,incentive payment payment #4728,1192.33,Financial Services
TXN413791,ajio payment #2690,1635.42,Shopping
TXN133659,salary credit payment #1916,1222.34,Financial Services
TXN108256,pvr cinemas payment #7418,349.52,Entertainment
TXN819096,society maintenance payment #8935,652.53,Others
TXN395503,more supermarket payment #2666,4786.69,Groceries
TXN316881,hdfc loan emi payment #8633,2137.29,Financial Services
TXN503348,local technician payment #1308,4327.59,Others
TXN112394,ksrtc bus payment #6171,3477.13,Travel & Transport
TXN978292,swiggy payment #3868,2147.64,Food & Dining
TXN859687,yatra travels payment #2311,3084.24,Travel & Transport
TXN385166,lifestyle payment #6345,1658.48,Shopping
TXN216506,municipal water tax payment #1977,1474.96,Utilities
TXN820442,bpcl fuel outlet payment #7858,4831.58,Fuel
TXN413328,airindia payment #5150,2458.03,Travel & Transport
TXN555786,airtel recharge payment #6966,1496.82,Utilities
TXN255851,reliance petrol pump payment #5585,2285.46,Fuel
TXN192086,spotify premium payment #4378,3297.94,Bills & Subscriptions
TXN628709,airtel recharge payment #8711,3694.03,Utilities
TXN938202,act fibernet payment #4869,2476.1,Utilities
TXN109909,zara india payment #8798,374.96,Shopping
246,hdfc netbanking payment,1250.25,Financial Services
TXN873637,viva fitness gym payment #3205,245.65,Health & Fitness
TXN596171,airindia payment #2045,4690.29,Travel & Transport
TXN201377,barbeque nation payment #2946,730.45,Food & Dining
TXN614034,urbanclap payment #5786,3373.08,Others
TXN119570,bookmyshow payment #8796,2562.93,Entertainment
TXN960085,healthspring payment #7920,4396.13,Health & Fitness
278,sbi yono app transfer,7000.0,Financial Services
TXN255457,act fibernet payment #4401,339.7,Utilities
TXN207734,dunzo payment #7126,4694.75,Groceries
TXN892182,vodafone idea recharge payment #1890,3247.08,Utilities
TXN154673,society maintenance payment #1296,2807.23,Others
TXN494483,unknown payment #5029,770.69,Others
TXN371645,microsoft 365 payment #8812,3002.32,Bills & Subscriptions
TXN375831,freelancer payment payment #2816,2955.59,Others
TXN236878,airtel recharge payment #4976,3536.35,Utilities
TXN205939,urban company payment #4911,422.65,Others
105,hpcl petrol,38.0,Fuel
TXN249623,amazon prime video payment #5512,1088.34,Entertainment
TXN142383,indigo payment #8921,4701.96,Travel & Transport
TXN695990,meesho payment #7337,4317.99,Shopping
TXN505977,makemytrip payment #2015,3166.38,Travel & Transport
TXN169986,alt balaji payment #5782,3366.62,Entertainment
TXN893612,essar petrol payment #1230,4470.83,Fuel
TXN395198,bpcl fuel outlet payment #9849,1399.8,Fuel
TXN548158,figma pro payment #1324,3833.45,Bills & Subscriptions
TXN755725,hotstar payment #8184,3844.08,Entertainment
TXN629283,gaana plus payment #3175,3833.56,Entertainment
TXN444136,irl events india payment #1425,2324.98,Entertainment
TXN172990,pharmeasy payment #8011,1025.05,Health & Fitness
TXN502586,unknown payment #5572,4287.41,Others
TXN408347,housejoy payment #8711,4718.15,Others
TXN228864,microsoft 365 payment #3275,225.83,Bills & Subscriptions
TXN887803,hotstar payment #3743,2592.21,Entertainment
TXN331356,easyday club payment #4377,4102.55,Groceries
TXN360289,zara india payment #2392,635.91,Shopping
TXN680238,amazonpay upi payment #1745,4874.05,Financial Services
TXN301898,adani electricity payment #4438,1672.31,Utilities
TXN608223,essar petrol payment #8859,2768.14,Fuel
TXN367352,apple music payment #7914,464.36,Bills & Subscriptions
TXN974329,airtel recharge payment #3877,1050.68,Utilities
TXN323103,microsoft 365 payment #6181,158.71,Bills & Subscriptions
TXN861697,bharatpetrol payment #2852,749.31,Fuel
259,penalty charge - credit card,500.0,Financial Services
TXN562806,zara india payment #1681,3824.02,Shopping
TXN660737,nobroker services payment #5709,4306.72,Others
TXN461145,zara india payment #9120,329.73,Shopping
TXN804258,essar petrol payment #4842,113.42,Fuel
TXN338161,goibibo payment #6688,2460.09,Travel & Transport
TXN525942,swiggy payment #2229,3388.8,Food & Dining
TXN219125,reliance fresh payment #9182,4335.08,Groceries
TXN897477,canva pro payment #8829,2477.45,Bills & Subscriptions
TXN508489,airtel digital tv payment #3719,2897.81,Utilities
TXN223172,bhim upi payment #2858,2361.09,Financial Services
TXN774591,chayos payment #9543,1577.99,Food & Dining
TXN119535,makemytrip payment #2252,3664.38,Travel & Transport
TXN732512,v mart payment #3230,1572.13,Shopping
TXN644022,irl events india payment #2376,1545.74,Entertainment
TXN296772,dunzo payment #1597,1171.25,Groceries
TXN568238,atm fee payment #9022,4339.78,Financial Services
TXN112885,gaana plus payment #4153,629.23,Entertainment
TXN235300,haldirams payment #3981,3862.13,Food & Dining
TXN393724,reliance fresh payment #5843,891.22,Groceries
TXN346729,tata play dth payment #9436,668.72,Utilities
146,pizza hut order,15.0,Food & Dining
TXN318877,irctc payment #1214,4658.03,Travel & Transport
TXN430310,reliance trends payment #5778,1378.86,Shopping
TXN313795,burger king payment #3481,2123.5,Food & Dining
101,mcdonald's delivery,10.0,Food & Dining
TXN857371,dmart ready payment #7658,1387.73,Groceries
TXN365852,freelancer payment payment #5216,3350.7,Others
TXN472200,misc payment payment #1741,461.39,Others
TXN599352,heritage fresh payment #4483,3541.23,Groceries
TXN855777,westside payment #9474,3936.64,Shopping
TXN566532,prime membership payment #5807,3329.87,Bills & Subscriptions
TXN314124,inox movies payment #7404,4902.84,Entertainment
TXN317541,zee5 premium payment #3033,3792.19,Bills & Subscriptions
TXN833613,urbanclap payment #3797,2606.42,Others
TXN364516,notion subscription payment #2650,2211.45,Bills & Subscriptions
TXN786315,disney plus hotstar payment #7845,2672.31,Bills & Subscriptions
TXN517584,croma payment #8848,1639.5,Shopping
TXN575786,hdfc loan emi payment #6419,1823.87,Financial Services
TXN145785,spotify payment #2565,2028.4,Entertainment
TXN707993,donation payment payment #9481,4496.78,Others
TXN974224,bajaj finance emi payment #5930,2089.77,Financial Services
TXN438144,donation payment payment #8140,3426.72,Others
TXN781448,misc payment payment #1896,1423.86,Others
TXN134455,dr lal pathlabs payment #8250,2352.32,Health & Fitness
TXN789237,lifestyle payment #4022,1013.3,Shopping
TXN589368,essar petrol payment #8520,1334.79,Fuel
TXN763529,adani electricity payment #6886,2483.87,Utilities
TXN949153,haldirams payment #1672,2303.7,Food & Dining
TXN684413,indigo payment #3589,1655.73,Travel & Transport
TXN735388,makemytrip payment #1804,1895.13,Travel & Transport
TXN659380,reliance fresh payment #7599,281.34,Groceries
TXN836879,hp petrol payment #4368,2735.0,Fuel
TXN741780,municipal water tax payment #3949,3614.27,Utilities
TXN370143,microsoft 365 payment #5593,1179.84,Bills & Subscriptions
TXN248407,canva pro payment #1853,3208.4,Bills & Subscriptions
TXN102565,fortis hospital payment #4678,231.52,Health & Fitness
TXN516278,starbucks payment #1595,4986.14,Food & Dining
TXN352528,bajaj finance emi payment #7267,3136.58,Financial Services
TXN940257,more supermarket payment #7444,4159.89,Groceries
TXN281720,urban company payment #5948,3025.49,Others
TXN729138,nature's basket payment #8928,4975.09,Groceries
TXN463546,meesho payment #1185,902.78,Shopping
TXN223794,alt balaji payment #2727,918.53,Entertainment
TXN297045,more supermarket payment #8670,4110.71,Groceries
TXN517375,ola payment #4110,1526.78,Travel & Transport
TXN186518,bescom electricity payment #1447,1505.4,Utilities
TXN950389,dr lal pathlabs payment #2478,3806.8,Health & Fitness
TXN616910,urban company payment #2638,4799.55,Others
TXN787757,shoppers stop payment #1971,4963.18,Shopping
TXN304061,amazon prime video payment #6181,125.28,Entertainment
TXN760374,coursera plus payment #6269,999.37,Bills & Subscriptions
TXN344903,prime membership payment #6333,3421.85,Bills & Subscriptions
TXN703027,xbox live payment #8778,878.03,Entertainment
284,upi transfer to car mechanic,1400.0,Financial Services
TXN548906,tata play dth payment #5573,171.07,Utilities
TXN686741,viva fitness gym payment #7076,747.97,Health & Fitness
TXN237057,flipkart payment #8126,3345.98,Shopping
TXN614688,pharmeasy payment #3525,690.95,Health & Fitness
TXN839730,dmart ready payment #7047,1690.35,Groceries
210,salary credit from employer,45000.0,Financial Services
TXN347993,coursera plus payment #1223,3860.19,Bills & Subscriptions
299,upi transfer to cook,1800.0,Financial Services
TXN704570,orix cabs payment #2728,3854.79,Travel & Transport
TXN602811,1mg payment #3150,4624.71,Health & Fitness
TXN532424,myntra payment #1794,3845.26,Shopping
TXN206225,parking charges payment #7628,2020.35,Others
TXN838094,tneb payment payment #7068,3171.37,Utilities
TXN236078,irctc payment #1717,4192.45,Travel & Transport
TXN292800,essar petrol payment #9608,1177.81,Fuel
TXN694691,dunzo payment #7275,2203.63,Groceries
TXN565798,max healthcare payment #2435,1156.91,Health & Fitness
TXN972503,hotstar payment #2270,2739.38,Entertainment
TXN281162,shoppers stop payment #6986,2777.15,Shopping
TXN881565,spotify premium payment #8856,1441.25,Bills & Subscriptions
TXN491738,bpcl fuel outlet payment #6978,4806.74,Fuel
TXN651640,swiggy payment #3076,3734.42,Food & Dining
TXN969226,behrouz biryani payment #3093,3383.57,Food & Dining
42,essar fuel,58.0,Fuel
TXN211957,makemytrip payment #3489,3917.63,Travel & Transport
TXN855274,hp petrol payment #9762,128.9,Fuel
TXN304899,alt balaji payment #1894,2168.1,Entertainment
290,upi transfer to newspaper guy,250.0,Financial Services
TXN125071,meesho payment #1104,4668.75,Shopping
TXN518309,makemytrip payment #5067,1507.72,Travel & Transport
TXN476948,abhibus payment #8145,1455.73,Travel & Transport
TXN287155,vistara airlines payment #2245,2817.3,Travel & Transport
TXN456778,salary credit payment #3615,3520.88,Financial Services
TXN737894,bharatpetrol payment #1138,1196.47,Fuel
TXN885650,spotify payment #4394,1484.04,Entertainment
TXN689318,kritunga payment #9824,1428.55,Food & Dining
TXN543489,google one payment #9495,4558.75,Bills & Subscriptions
TXN698708,dr lal pathlabs payment #3302,1256.6,Health & Fitness
TXN934832,xbox live payment #1406,2902.77,Entertainment
TXN941339,shell payment #1930,4046.61,Fuel
TXN946305,sms charge payment #5956,3097.22,Financial Services
TXN173384,youtube premium payment #2058,4362.35,Bills & Subscriptions
TXN429657,kfc payment #9674,1898.05,Food & Dining
TXN670143,abhibus payment #2373,1488.01,Travel & Transport
TXN342720,bajaj finance emi payment #8699,1527.17,Financial Services
TXN685466,nayara energy payment #3435,4211.26,Fuel
TXN968415,spencer’s retail payment #7723,1823.47,Groceries
TXN637549,gaana plus payment #1194,2412.82,Entertainment
TXN250647,pizza hut payment #4342,1766.94,Food & Dining
TXN696831,dunzo payment #5014,477.62,Groceries
TXN586041,1mg payment #1662,2615.37,Health & Fitness
TXN778665,cult fit payment #9115,2683.67,Health & Fitness
TXN644675,youtube premium payment #5068,1572.94,Bills & Subscriptions
TXN306283,urban company payment #3337,4979.98,Others
TXN575557,donation payment payment #7060,3402.14,Others
TXN665892,ola payment #5269,2763.0,Travel & Transport
TXN660625,google one payment #3903,1541.31,Bills & Subscriptions
TXN182020,healthspring payment #4066,1134.24,Health & Fitness
TXN467820,housejoy payment #8415,2504.24,Others
TXN536019,disney plus hotstar payment #7131,2508.12,Bills & Subscriptions
TXN156986,local technician payment #9487,2355.08,Others
TXN655550,lifestyle payment #6038,609.35,Shopping
TXN440140,starbucks payment #7062,1627.02,Food & Dining
TXN544151,icici credit card payment #1832,552.26,Financial Services
TXN376331,canva pro payment #5606,3856.97,Bills & Subscriptions
TXN610343,adani electricity payment #1257,805.58,Utilities
TXN445549,v mart payment #7224,4039.97,Shopping
TXN740037,dmart ready payment #7350,1271.64,Groceries
TXN880399,fortis hospital payment #7637,4357.02,Health & Fitness
TXN449138,h&m india payment #4555,2449.03,Shopping
TXN813745,playstation store payment #9731,3110.84,Entertainment
TXN423401,thai pavilion payment #8972,2681.98,Food & Dining
TXN906234,urban company payment #9224,3360.1,Others
TXN800646,bhim upi payment #8613,2892.26,Financial Services
TXN392099,haldirams payment #7022,662.94,Food & Dining
TXN500773,blablacar payment #3248,530.2,Travel & Transport
TXN544136,makemytrip payment #5281,4289.39,Travel & Transport
TXN197102,vodafone idea recharge payment #1612,3911.17,Utilities
TXN659713,orix cabs payment #9576,3234.95,Travel & Transport
TXN730134,spencer’s retail payment #9947,3894.48,Groceries
TXN821255,pharmeasy payment #7834,978.92,Health & Fitness
TXN398873,reliance fresh payment #9892,2235.79,Groceries
TXN143860,hdfc atm payment #3426,2205.95,Financial Services
TXN217984,hpcl pump payment #9561,3930.26,Fuel
TXN856086,wow momo payment #7929,4353.65,Food & Dining
TXN602550,airtel recharge payment #7974,2702.5,Utilities
TXN534603,shell payment #6536,628.05,Fuel
TXN995278,healthspring payment #7513,824.94,Health & Fitness
TXN685283,freelancer payment payment #6202,1032.95,Others
TXN903986,fortis hospital payment #6196,4409.39,Health & Fitness
58,namdev fresh groceries,380.5,Groceries
TXN426711,tnstc bus service payment #4558,1775.37,Travel & Transport
TXN795759,uber payment #7170,2956.72,Travel & Transport
TXN621711,zee5 subscription payment #7700,1900.81,Entertainment
TXN612530,hp petrol payment #1500,1285.5,Fuel
TXN570267,jiomart grocery payment #6690,4485.07,Groceries
TXN647312,gold’s gym india payment #9196,4671.38,Health & Fitness
TXN867180,fortis hospital payment #6549,3476.82,Health & Fitness
TXN579094,ola payment #9530,635.65,Travel & Transport
TXN705711,tnstc bus service payment #5157,4943.69,Travel & Transport
TXN929637,pvr cinemas payment #5816,2481.04,Entertainment
TXN549112,hpcl pump payment #6971,4057.73,Fuel
TXN284171,faasos payment #6352,3762.66,Food & Dining
TXN913875,chayos payment #9647,2173.95,Food & Dining
TXN583232,nilgiris supermarket payment #2805,1278.76,Groceries
TXN783414,bhim upi payment #2124,3928.04,Financial Services
TXN847245,lifestyle payment #9300,1503.79,Shopping
TXN219565,starbucks payment #2251,2601.37,Food & Dining
73,myglamm beauty,350.0,Shopping
TXN823222,vistara airlines payment #1355,3880.46,Travel & Transport
TXN941272,ola payment #9680,2201.89,Travel & Transport
TXN302647,tnstc bus service payment #8763,773.81,Travel & Transport
TXN146853,tata cliq payment #6225,429.15,Shopping
TXN386544,cafe coffee day payment #5381,241.87,Food & Dining
TXN221414,hp petrol payment #1323,336.35,Fuel
TXN591658,columbia asia payment #8506,520.12,Health & Fitness
TXN881369,hdfc credit card payment #1803,4562.02,Financial Services
TXN849649,more supermarket payment #7301,509.73,Groceries
TXN707497,dmart ready payment #1379,3228.09,Groceries
TXN928909,bigbasket payment #1254,228.61,Groceries
TXN811016,bescom electricity payment #9570,2346.01,Utilities
TXN618172,talwalkars gym payment #5361,1511.01,Health & Fitness
TXN685098,reliance trends payment #9366,3759.58,Shopping
TXN540460,parking charges payment #7292,3803.49,Others
TXN810859,essar petrol payment #1202,3552.38,Fuel
TXN607236,parking charges payment #3098,3891.04,Others
TXN212379,blinkit payment #2672,821.72,Groceries
TXN396327,local technician payment #4065,3694.45,Others
TXN826515,cult fit payment #3873,4212.73,Health & Fitness
TXN537859,inox movies payment #2106,4365.09,Entertainment
TXN556641,bank service charge payment #8532,3565.81,Financial Services
TXN197736,hdfc loan emi payment #1224,2806.03,Financial Services
TXN157701,ajio payment #8428,3100.25,Shopping
TXN251716,paradise biryani payment #1046,1458.65,Food & Dining
TXN394620,act fibernet payment #5129,749.44,Utilities
TXN958729,wow momo payment #6752,3664.16,Food & Dining
TXN437548,heritage fresh payment #9029,4884.11,Groceries
TXN232537,freelancer payment payment #8698,3739.98,Others
TXN832264,transfer payment #1587,4891.76,Others
TXN799631,playstation store payment #8551,3832.23,Entertainment
TXN170528,freelancer payment payment #4509,115.67,Others
TXN996840,faasos payment #2257,3258.87,Food & Dining
TXN637234,burger king payment #5475,1156.29,Food & Dining
TXN791505,tata play dth payment #4897,1162.68,Utilities
TXN973390,bpcl fuel outlet payment #1474,951.31,Fuel
TXN849086,shell payment #4291,1127.59,Fuel
TXN926097,rtgs transfer payment #4824,4627.16,Financial Services
TXN805893,rapido payment #5663,1840.03,Travel & Transport
TXN662259,jiomart grocery payment #9745,2513.75,Groceries
TXN871146,apple music payment #3337,1956.12,Bills & Subscriptions
TXN532876,zee5 subscription payment #2617,1668.2,Entertainment
TXN615138,cult fit payment #6169,3710.66,Health & Fitness
TXN831871,viva fitness gym payment #5932,1430.15,Health & Fitness
TXN247442,lifestyle payment #2562,1005.43,Shopping
TXN275284,ioc fuel station payment #3832,4750.4,Fuel
TXN209167,hpcl pump payment #4619,3234.27,Fuel
TXN986850,bsnl bill payment #6758,2445.4,Utilities
TXN377896,phonepe upi payment #2225,2400.5,Financial Services
TXN683879,amazon prime video payment #5975,1250.12,Entertainment
50,gaana music subscription,9.99,Bills & Subscriptions
TXN338703,reliance petrol pump payment #2154,2917.32,Fuel
TXN890371,nykaa payment #7284,1254.05,Shopping
TXN627262,indianoil payment #2189,1852.73,Fuel
TXN600905,ajio payment #7919,3500.75,Shopping
TXN170841,chayos payment #1266,1849.76,Food & Dining
TXN860397,redbus payment #9511,575.88,Travel & Transport
TXN394083,vodafone idea recharge payment #2084,4851.11,Utilities
TXN804005,disney plus hotstar payment #7403,925.42,Bills & Subscriptions
TXN753205,act fibernet payment #2875,174.76,Utilities
TXN262062,healthspring payment #3671,601.85,Health & Fitness
TXN642383,alt balaji payment #8644,2528.32,Entertainment
TXN606957,airtel digital tv payment #3524,1032.04,Utilities
TXN140983,amazon prime video payment #8539,2367.21,Entertainment
TXN781927,unknown payment #9136,2587.26,Others
TXN586173,coursera plus payment #3878,1360.73,Bills & Subscriptions
TXN407729,jiomart grocery payment #5146,2975.66,Groceries
TXN260751,gaana plus payment #5744,297.38,Entertainment
TXN514828,ola payment #5025,2641.64,Travel & Transport
TXN404124,freelancer payment payment #4282,2433.18,Others
TXN389221,prime membership payment #8678,2560.92,Bills & Subscriptions
TXN988869,netflix payment #7183,1635.07,Entertainment
TXN150486,reliance petrol pump payment #2770,3630.03,Fuel
TXN259540,tnstc bus service payment #4076,1671.15,Travel & Transport
TXN321766,spencer’s retail payment #8756,1145.76,Groceries
TXN251357,amazon prime video payment #7830,4136.68,Entertainment
TXN609597,icici credit card payment #2290,519.7,Financial Services
TXN710434,indigo payment #3267,1398.44,Travel & Transport
TXN516444,reliance petrol pump payment #9530,4139.12,Fuel
TXN812569,vodafone idea recharge payment #5910,2894.35,Utilities
TXN442230,v mart payment #7499,4847.71,Shopping
TXN981621,gaana plus payment #2106,3005.14,Entertainment
TXN123853,airindia payment #5999,2305.3,Travel & Transport
TXN913274,tnstc bus service payment #4985,3811.62,Travel & Transport
TXN544692,cult fit payment #6813,4908.38,Health & Fitness
TXN459513,hpcl pump payment #5067,1440.62,Fuel
TXN459315,bharatpetrol payment #3250,4962.5,Fuel
TXN374680,salary credit payment #3143,3221.86,Financial Services
TXN217955,gold’s gym india payment #8949,2343.02,Health & Fitness
TXN110537,urbanclap payment #4801,550.75,Others
TXN985506,pizza hut payment #6928,531.84,Food & Dining
TXN814622,municipal water tax payment #8326,1058.77,Utilities
TXN318572,airindia payment #9538,3363.44,Travel & Transport
TXN811875,ccd cafe payment #7697,3894.88,Food & Dining
TXN761282,ola payment #7347,2629.02,Travel & Transport
TXN419626,zee5 premium payment #7449,1165.57,Bills & Subscriptions
TXN831663,society maintenance payment #9608,1370.21,Others
TXN254887,bharatpetrol payment #6301,391.82,Fuel
TXN530189,viva fitness gym payment #5919,4236.2,Health & Fitness
TXN578148,dunzo payment #9177,3279.67,Groceries
TXN912149,urban company payment #6467,4467.72,Others
TXN545526,zee5 subscription payment #2342,552.02,Entertainment
TXN583439,columbia asia payment #1958,816.07,Health & Fitness
TXN448098,indianoil payment #4652,4237.16,Fuel
TXN589131,haldirams payment #2739,1663.67,Food & Dining
TXN330436,more supermarket payment #1483,1704.94,Groceries
176,netflix india,14.99,Bills & Subscriptions
TXN502810,dominos payment #1829,1522.04,Food & Dining
TXN830429,amazonpay upi payment #8454,1497.72,Financial Services
TXN848022,spotify payment #1947,4890.89,Entertainment
TXN800674,bikanervala payment #7825,1017.84,Food & Dining
TXN860294,xbox live payment #3014,4169.44,Entertainment
TXN155457,gold’s gym india payment #3219,1851.19,Health & Fitness
TXN871947,misc payment payment #2638,1592.55,Others
TXN835381,blablacar payment #9026,2676.52,Travel & Transport
TXN555342,torrent power payment #5041,1314.37,Utilities
TXN766764,vistara airlines payment #1852,887.62,Travel & Transport
TXN986209,bikanervala payment #4705,4055.38,Food & Dining
TXN446954,paytm upi payment #2052,2132.85,Financial Services
TXN596219,prime membership payment #5355,4667.43,Bills & Subscriptions
TXN301528,irctc payment #9899,2403.72,Travel & Transport
TXN107543,uber payment #9561,677.36,Travel & Transport
TXN843647,netflix payment #5606,3434.72,Entertainment
TXN527066,viva fitness gym payment #8273,1206.78,Health & Fitness
TXN827369,bank a/c transfer payment #3634,1716.04,Financial Services
TXN302472,tata play dth payment #4104,785.72,Utilities
TXN208618,hdfc loan emi payment #5905,4665.6,Financial Services
TXN198123,gold’s gym india payment #3425,705.91,Health & Fitness
TXN991777,google one payment #9784,3977.17,Bills & Subscriptions
TXN607774,swiggy payment #3589,2254.07,Food & Dining
TXN206210,bpcl fuel outlet payment #2229,3645.46,Fuel
TXN953536,heritage fresh payment #2712,1768.21,Groceries
TXN668882,airtel digital tv payment #9422,601.64,Utilities
TXN642717,atm fee payment #7118,2246.69,Financial Services
TXN807287,spotify premium payment #8350,4826.77,Bills & Subscriptions
TXN168681,columbia asia payment #2391,4560.91,Health & Fitness
TXN572407,chai sutta bar payment #3471,4792.84,Food & Dining
TXN100716,shell payment #1326,2679.6,Fuel
TXN537017,ioc fuel station payment #6257,1420.16,Fuel
TXN442838,cult fit payment #7269,3062.46,Health & Fitness
TXN270757,columbia asia payment #1287,4241.87,Health & Fitness
TXN731548,gold’s gym india payment #2158,2781.07,Health & Fitness
TXN798806,urban company payment #2738,4630.13,Others
85,bigbasket groceries,480.0,Groceries
TXN174589,easyday club payment #6952,1831.51,Groceries
TXN336828,tata cliq payment #4984,4952.14,Shopping
TXN792764,shoppers stop payment #4043,3430.5,Shopping
TXN401198,subway payment #4267,3803.96,Food & Dining
TXN973548,xbox live payment #7395,4803.04,Entertainment
TXN155119,canva pro payment #4687,3532.0,Bills & Subscriptions
TXN464733,gold’s gym india payment #5544,4749.08,Health & Fitness
TXN270495,cult fit payment #7109,2297.3,Health & Fitness
TXN691021,notion subscription payment #4156,3600.78,Bills & Subscriptions
TXN898975,icici credit card payment #5315,4862.25,Financial Services
TXN485792,pharmeasy payment #3445,536.4,Health & Fitness
TXN949363,yatra travels payment #6903,2845.72,Travel & Transport
TXN279420,blinkit payment #5399,2805.54,Groceries
TXN835869,paradise biryani payment #8048,585.97,Food & Dining
TXN508937,hotstar payment #1605,2733.42,Entertainment
TXN423404,tata cliq payment #9743,3278.73,Shopping
TXN542983,goibibo payment #5684,2360.6,Travel & Transport
TXN133133,max healthcare payment #1289,4767.64,Health & Fitness
TXN555589,reliance trends payment #1948,1297.95,Shopping
TXN431845,westside payment #1197,4935.72,Shopping
TXN660033,pvr cinemas payment #1745,890.94,Entertainment
TXN374375,pharmeasy payment #9157,2502.23,Health & Fitness
TXN643878,chayos payment #2020,3558.3,Food & Dining
TXN729502,dr lal pathlabs payment #8805,1415.55,Health & Fitness
TXN840530,freelancer payment payment #9244,1132.82,Others
TXN504321,nature's basket payment #4811,2852.04,Groceries
TXN654797,microsoft 365 payment #9061,1067.97,Bills & Subscriptions
TXN613989,bharatpetrol payment #6615,4981.08,Fuel
TXN125755,tata cliq payment #9199,838.65,Shopping
TXN936997,tata play dth payment #6431,2162.98,Utilities
19,flipkart order #67890,95.75,Shopping
TXN783157,salary credit payment #3870,2405.45,Financial Services
TXN980357,reliance trends payment #9872,1797.48,Shopping
TXN700495,hpcl pump payment #5934,2503.7,Fuel
TXN580290,dr lal pathlabs payment #9182,3865.74,Health & Fitness
TXN852204,donation payment payment #6199,305.58,Others
TXN419071,bigbasket payment #2815,335.22,Groceries
TXN645337,prime membership payment #1118,1940.76,Bills & Subscriptions
TXN319393,apollo pharmacy payment #4083,4309.16,Health & Fitness
TXN322409,dominos payment #8450,549.2,Food & Dining
TXN825835,jio fiber payment #6503,723.34,Utilities
TXN145814,paradise biryani payment #3712,3633.8,Food & Dining
TXN995852,max healthcare payment #8697,2431.96,Health & Fitness
TXN979908,zee5 subscription payment #6864,1995.08,Entertainment
TXN990901,zee5 premium payment #9711,2803.19,Bills & Subscriptions
TXN885478,hathway broadband payment #8554,3888.44,Utilities
TXN343118,firstcry payment #7985,4796.47,Shopping
TXN550244,dunzo payment #3947,4064.3,Groceries
TXN531712,googlepay upi payment #6442,3933.69,Financial Services
TXN255863,nilgiris supermarket payment #2251,3965.4,Groceries
TXN803069,heritage fresh payment #1987,1141.13,Groceries
TXN374516,talwalkars gym payment #3391,240.99,Health & Fitness
TXN673867,nayara energy payment #8279,1963.24,Fuel
TXN466704,uber payment #5994,929.35,Travel & Transport
TXN392701,figma pro payment #3297,2406.86,Bills & Subscriptions
TXN251631,vodafone idea recharge payment #3459,894.41,Utilities
TXN309740,1mg payment #4365,2979.25,Health & Fitness
TXN734210,reversal charge payment #3546,1434.51,Financial Services
TXN904905,croma payment #9939,981.64,Shopping
TXN870883,dr lal pathlabs payment #6233,2312.3,Health & Fitness
TXN737086,starbucks payment #1510,799.62,Food & Dining
TXN100884,vodafone idea recharge payment #9992,4842.71,Utilities
TXN168553,irl events india payment #8106,4404.1,Entertainment
120,paytm travel,800.0,Travel & Transport
TXN933635,bharatpetrol payment #5883,3418.72,Fuel
TXN387210,reliance fresh payment #2369,794.52,Groceries
TXN932204,essar petrol payment #1331,1755.54,Fuel
TXN998182,tanishq payment #1660,1153.6,Shopping
TXN966945,nobroker services payment #4764,2889.78,Others
TXN337232,reliance petrol pump payment #8204,2378.78,Fuel
TXN602780,bpcl fuel outlet payment #7149,597.0,Fuel
86,spotify subscription,11.99,Bills & Subscriptions
TXN542244,spotify payment #3328,3940.58,Entertainment
TXN689593,essar petrol payment #2890,3827.8,Fuel
TXN183262,tata play dth payment #8434,2109.74,Utilities
TXN396635,starbucks payment #6962,1926.97,Food & Dining
TXN662968,myntra payment #2667,4017.56,Shopping
160,fit & fab gym membership,900.0,Health & Fitness
TXN993590,shell payment #4072,691.65,Fuel
TXN988845,coursera plus payment #3022,1439.92,Bills & Subscriptions
TXN697586,xbox live payment #2065,724.41,Entertainment
TXN170559,v mart payment #1256,1279.26,Shopping
TXN628216,apollo pharmacy payment #3938,1375.43,Health & Fitness
TXN790917,ioc fuel station payment #2868,577.44,Fuel
TXN132938,bank service charge payment #1964,1221.81,Financial Services
TXN563638,incentive payment payment #6279,2378.44,Financial Services
193,namdev supermarket groceries,350.5,Groceries
TXN475308,reliance petrol pump payment #9571,4868.29,Fuel
TXN259797,hpcl pump payment #6008,3497.94,Fuel
TXN286657,dr lal pathlabs payment #2516,2054.41,Health & Fitness
TXN496230,reliance fresh payment #1193,3056.14,Groceries
TXN350132,company reimbursement payment #1333,3144.54,Financial Services
TXN713762,debit card payment payment #5557,989.3,Financial Services
TXN511987,reliance petrol pump payment #4891,569.99,Fuel
TXN612643,bsnl bill payment #1604,3703.75,Utilities
TXN247269,blinkit payment #8242,3286.43,Groceries
TXN478356,hpcl pump payment #9043,852.59,Fuel
TXN735281,canva pro payment #5012,2177.68,Bills & Subscriptions
TXN742515,dunzo payment #5320,1713.71,Groceries
TXN174814,pvr cinemas payment #4731,582.2,Entertainment
TXN990649,orix cabs payment #9185,758.91,Travel & Transport
TXN447596,nayara energy payment #1635,2039.38,Fuel
TXN443238,torrent power payment #9579,1620.76,Utilities
TXN215333,google one payment #5425,710.64,Bills & Subscriptions
TXN983794,amazonpay upi payment #4598,3454.61,Financial Services
TXN870214,bajaj finance emi payment #1653,4458.17,Financial Services
TXN800409,easyday club payment #4253,481.26,Groceries
TXN516656,hp petrol payment #2425,2001.69,Fuel
TXN424500,pizza hut payment #4833,2716.65,Food & Dining
TXN957939,prime membership payment #2468,3910.88,Bills & Subscriptions
TXN407645,xbox live payment #8675,742.68,Entertainment
TXN301512,microsoft 365 payment #1628,1441.92,Bills & Subscriptions
TXN511122,tneb payment payment #5227,4573.02,Utilities
TXN338633,irl events india payment #3445,4340.78,Entertainment
TXN147168,gaana plus payment #6249,2068.81,Entertainment
TXN618746,croma payment #8039,4141.75,Shopping
127,lifestyle online shopping,220.0,Shopping
TXN827117,d mart payment #8973,3213.96,Shopping
TXN182034,bescom electricity payment #5578,2378.19,Utilities
TXN245051,atm cash removal payment #7543,1873.78,Financial Services
TXN433193,max healthcare payment #7462,1052.81,Health & Fitness
TXN309452,hp petrol payment #9154,1073.37,Fuel
TXN647707,youtube premium payment #1685,574.53,Bills & Subscriptions
TXN127537,zara india payment #9395,2099.42,Shopping
TXN427270,tnstc bus service payment #7375,3439.07,Travel & Transport
TXN880746,redbus payment #7145,3851.97,Travel & Transport
TXN314178,bsnl bill payment #3424,2532.01,Utilities
TXN789786,haldirams payment #1430,3084.08,Food & Dining
TXN206260,apple music payment #7587,1837.21,Bills & Subscriptions
202,neft transfer to sbi savings account,2200.5,Financial Services
TXN740405,irl events india payment #8240,368.47,Entertainment
TXN167136,debit card payment payment #2982,1314.74,Financial Services
TXN444622,medplus payment #9161,3416.85,Health & Fitness
TXN224099,nature's basket payment #2249,3116.91,Groceries
TXN201424,pvr cinemas payment #2029,3167.37,Entertainment
TXN438891,nobroker services payment #1996,2855.06,Others
TXN531256,xbox live payment #4559,4552.81,Entertainment
TXN368214,indianoil payment #7147,4395.07,Fuel
TXN225805,jio fiber payment #2995,3569.57,Utilities
TXN663658,subway payment #2902,576.24,Food & Dining
TXN521943,medplus payment #3669,2003.66,Health & Fitness
TXN127626,nilgiris supermarket payment #3344,1949.56,Groceries
TXN444688,spencer’s retail payment #8096,1077.41,Groceries
TXN963862,hpcl pump payment #6015,918.4,Fuel
TXN895248,act fibernet payment #6477,3122.41,Utilities
TXN993749,medplus payment #7535,537.02,Health & Fitness
TXN136705,coursera plus payment #5206,4272.11,Bills & Subscriptions
TXN889327,tneb payment payment #3525,4204.31,Utilities
TXN858243,mcdonalds payment #4804,2722.25,Food & Dining
TXN758342,max healthcare payment #3958,4416.39,Health & Fitness
TXN205907,atm withdrawal payment #2307,4291.06,Financial Services
TXN563516,pizza hut payment #7947,2479.74,Food & Dining
TXN693127,tanishq payment #3755,3925.63,Shopping
TXN791710,blinkit payment #1166,4527.83,Groceries
TXN220116,hdfc credit card payment #1188,3433.39,Financial Services
TXN477712,bharatpetrol payment #1646,4276.02,Fuel
TXN539507,amazon prime video payment #6810,1765.13,Entertainment
TXN736059,hdfc loan emi payment #3705,1398.78,Financial Services
TXN888977,tata play dth payment #5937,2433.7,Utilities
TXN708798,reliance petrol pump payment #2608,1067.35,Fuel
TXN386780,airindia payment #9542,3204.48,Travel & Transport
TXN587433,dmart ready payment #9767,4510.62,Groceries
TXN766311,healthspring payment #8143,1088.62,Health & Fitness
TXN263459,heritage fresh payment #1216,1505.17,Groceries
66,paytm travel booking,1000.0,Travel & Transport
TXN308665,gaana plus payment #9005,231.51,Entertainment
TXN539605,ajio payment #1527,4066.44,Shopping
TXN911329,figma pro payment #1025,574.67,Bills & Subscriptions
TXN115667,dmart ready payment #9151,577.29,Groceries
TXN218448,fortis hospital payment #9740,1936.05,Health & Fitness
TXN260169,abhibus payment #7837,1277.77,Travel & Transport
277,bank forex markup fee,300.0,Financial Services
TXN893188,paytm upi payment #9494,1872.72,Financial Services
TXN484208,columbia asia payment #1739,728.17,Health & Fitness
TXN839883,airtel digital tv payment #4828,1961.02,Utilities
TXN872722,blablacar payment #4281,2636.94,Travel & Transport
TXN184891,airtel digital tv payment #4393,3959.69,Utilities
TXN279337,urbanclap payment #5395,2526.34,Others
TXN830609,pantaloons payment #2599,2247.01,Shopping
TXN802371,chayos payment #4920,1288.04,Food & Dining
TXN275254,cult fit payment #2548,3033.94,Health & Fitness
TXN877991,card swipe payment #9821,3465.6,Financial Services
TXN882692,fortis hospital payment #3420,1277.83,Health & Fitness
TXN470141,playstation store payment #8293,3394.0,Entertainment
TXN573469,amazon prime video payment #2779,1711.32,Entertainment
TXN380310,westside payment #5135,4094.55,Shopping
TXN801520,hp petrol payment #2809,4192.64,Fuel
TXN387348,viva fitness gym payment #7656,3967.66,Health & Fitness
TXN273659,amazon prime video payment #5544,3264.99,Entertainment
TXN372933,haldirams payment #2929,1382.71,Food & Dining
100,ajio shopping,200.5,Shopping
TXN312616,abhibus payment #5348,1113.22,Travel & Transport
TXN428634,medplus payment #3003,3888.64,Health & Fitness
TXN593699,decathlon payment #7813,3539.51,Shopping
TXN297303,v mart payment #1647,4380.74,Shopping
TXN395917,torrent power payment #6885,637.52,Utilities
TXN742053,rapido payment #6527,2166.9,Travel & Transport
TXN786587,reversal charge payment #3361,2108.9,Financial Services
TXN238741,indianoil payment #1145,2423.08,Fuel
TXN818666,viva fitness gym payment #9037,3334.39,Health & Fitness
TXN284229,zomato payment #9149,3760.37,Food & Dining
TXN902658,reliance petrol pump payment #4086,834.65,Fuel
232,pos card payment - reliance trends,1750.5,Financial Services
TXN880097,healthspring payment #7388,4048.62,Health & Fitness
TXN327999,irctc payment #7550,2888.42,Travel & Transport
TXN977057,municipal water tax payment #9943,772.91,Utilities
TXN258366,meesho payment #4791,433.04,Shopping
TXN861200,reliance petrol pump payment #4441,3766.65,Fuel
TXN138583,bookmyshow payment #9090,4839.75,Entertainment
TXN554484,microsoft 365 payment #9278,3086.03,Bills & Subscriptions
TXN501261,tnstc bus service payment #2904,1363.32,Travel & Transport
TXN344303,airtel digital tv payment #3440,3731.15,Utilities
TXN775908,google one payment #3967,1981.4,Bills & Subscriptions
TXN872519,reliance petrol pump payment #7857,2082.53,Fuel
TXN260221,google one payment #5918,3016.4,Bills & Subscriptions
TXN460549,gold’s gym india payment #1568,3361.21,Health & Fitness
TXN427704,burger king payment #2557,1631.49,Food & Dining
TXN546711,healthspring payment #4053,2227.12,Health & Fitness
TXN838908,bsnl bill payment #7987,2020.39,Utilities
196,medplus health products,200.0,Health & Fitness
TXN616791,disney plus hotstar payment #5683,2815.38,Bills & Subscriptions
TXN499985,netflix payment #1855,1545.09,Entertainment
TXN261760,hathway broadband payment #6902,4215.82,Utilities
TXN316642,dr lal pathlabs payment #3133,2213.41,Health & Fitness
TXN879414,wow momo payment #8159,4458.48,Food & Dining
TXN109634,spotify premium payment #4639,622.27,Bills & Subscriptions
TXN819064,max healthcare payment #3131,4250.11,Health & Fitness
TXN663670,more supermarket payment #7043,4099.12,Groceries
24,hpcl fuel,40.0,Fuel
TXN320172,dmart ready payment #5079,4948.73,Groceries
205,paytm upi payment at petrol pump,850.25,Financial Services
TXN588002,reliance trends payment #2017,3372.15,Shopping
TXN194693,dr lal pathlabs payment #6954,3391.19,Health & Fitness
TXN292811,shoppers stop payment #3444,1569.45,Shopping
TXN647114,jio fiber payment #2416,2117.31,Utilities
TXN644932,bpcl fuel outlet payment #6343,4297.46,Fuel
TXN361829,prime membership payment #7183,3858.86,Bills & Subscriptions
TXN572700,company reimbursement payment #2419,1466.75,Financial Services
TXN444650,urbanclap payment #5801,4564.24,Others
TXN848022,mcdonalds payment #8406,946.02,Food & Dining
TXN973844,firstcry payment #4768,1961.21,Shopping
TXN690500,orix cabs payment #6299,3081.23,Travel & Transport
TXN141675,freelancer payment payment #3766,234.02,Others
TXN847385,easyday club payment #8059,296.06,Groceries
TXN201639,incentive payment payment #7669,1033.01,Financial Services
TXN244892,reliance petrol pump payment #8419,4043.5,Fuel
TXN416797,sms charge payment #5097,2338.5,Financial Services
TXN596250,reliance fresh payment #8548,1363.93,Groceries
TXN826897,municipal water tax payment #7031,4019.53,Utilities
TXN327882,urban company payment #1255,2323.91,Others
TXN842225,icici emi payment payment #4608,135.24,Financial Services
TXN905934,atm fee payment #9797,3779.3,Financial Services
TXN154714,kritunga payment #3267,4377.71,Food & Dining
TXN349565,hdfc credit card payment #6413,447.2,Financial Services
TXN640882,bookmyshow payment #4438,2424.75,Entertainment
TXN398179,easyday club payment #1076,4567.05,Groceries
TXN382258,freelancer payment payment #9525,2260.99,Others
TXN218959,brewberrys cafe payment #5566,1323.1,Food & Dining
TXN831510,makemytrip payment #9987,2279.74,Travel & Transport
TXN720517,municipal water tax payment #4643,4469.93,Utilities
TXN249149,goibibo payment #1893,3480.77,Travel & Transport
TXN213355,essar petrol payment #5631,1562.53,Fuel
TXN317402,bescom electricity payment #2932,3713.6,Utilities
TXN566885,gold’s gym india payment #9686,4225.35,Health & Fitness
TXN969695,decathlon payment #2514,2724.61,Shopping
TXN827774,bsnl bill payment #6582,1120.37,Utilities
87,iocl petrol,45.0,Fuel
TXN453800,apple music payment #1353,2784.92,Bills & Subscriptions
TXN349185,hathway broadband payment #2422,2535.57,Utilities
TXN546772,notion subscription payment #4791,1186.7,Bills & Subscriptions
TXN112940,v mart payment #6315,4332.22,Shopping
14,spotify premium,10.99,Bills & Subscriptions
TXN635167,h&m india payment #9008,545.61,Shopping
TXN746447,behrouz biryani payment #3662,2025.48,Food & Dining
TXN832497,nilgiris supermarket payment #3295,3765.72,Groceries
TXN389666,card swipe payment #3236,4333.73,Financial Services
TXN471197,disney plus hotstar payment #8500,997.21,Bills & Subscriptions
TXN902784,icici emi payment payment #1320,4297.99,Financial Services
TXN389346,act fibernet payment #2260,635.89,Utilities
TXN979269,essar petrol payment #1472,4326.62,Fuel
TXN815706,shell payment #4994,4798.59,Fuel
TXN668016,adobe creative cloud payment #4105,3160.9,Bills & Subscriptions
TXN158642,dr lal pathlabs payment #5166,4328.21,Health & Fitness
TXN252591,airindia payment #4016,1656.23,Travel & Transport
TXN932776,nobroker services payment #2645,4668.6,Others
TXN155004,tata play dth payment #1709,611.66,Utilities
TXN550770,imps transfer payment #5978,1505.88,Financial Services
TXN470472,more supermarket payment #7998,1988.38,Groceries
TXN420863,amazon prime video payment #4840,2039.91,Entertainment
TXN534152,uber payment #6221,4412.65,Travel & Transport
TXN571907,airtel digital tv payment #7948,2805.05,Utilities
TXN427260,medplus payment #5056,1249.65,Health & Fitness
TXN580233,irctc payment #4054,1074.49,Travel & Transport
TXN867080,viva fitness gym payment #8423,1692.09,Health & Fitness
TXN552760,adani electricity payment #6797,4785.3,Utilities
TXN156415,nayara energy payment #6122,4832.58,Fuel
TXN693419,atm fee payment #7484,1444.95,Financial Services
TXN257525,local technician payment #3410,2384.96,Others
269,school fee paid via netbanking,20000.0,Financial Services
TXN982260,ioc fuel station payment #7839,3403.79,Fuel
TXN636141,nykaa payment #2369,1618.54,Shopping
TXN667719,freelancer payment payment #5383,1662.41,Others
9,tata power bill,1500.0,Utilities
TXN321494,swiggy payment #1125,1101.67,Food & Dining
TXN292401,hdfc loan emi payment #8350,786.89,Financial Services
TXN795578,indianoil payment #1158,4274.79,Fuel
TXN691364,phonepe upi payment #8758,3380.35,Financial Services
TXN615959,jio fiber payment #7432,974.37,Utilities
106,fit & fab gym,1000.0,Health & Fitness
TXN520075,vodafone idea recharge payment #6463,3441.0,Utilities
183,makemytrip hotels,2200.0,Travel & Transport
140,wynk music,6.99,Bills & Subscriptions
TXN427617,municipal water tax payment #8304,3119.95,Utilities
TXN955793,coursera plus payment #8546,1648.04,Bills & Subscriptions
TXN901883,urban company payment #4285,1739.25,Others
TXN433674,hpcl pump payment #1530,992.2,Fuel
TXN291059,viva fitness gym payment #8583,979.81,Health & Fitness
TXN791281,more supermarket payment #7194,3874.92,Groceries
TXN428933,zee5 subscription payment #5986,3635.6,Entertainment
TXN375311,tnstc bus service payment #1807,2785.95,Travel & Transport
123,indian oil xtra fuel,46.5,Fuel
TXN387198,tneb payment payment #6496,409.79,Utilities
TXN302957,municipal water tax payment #4812,3572.08,Utilities
TXN841947,dmart ready payment #3507,236.31,Groceries
TXN309197,donation payment payment #3280,3448.27,Others
TXN902694,transfer payment #2979,2151.27,Others
TXN171551,adobe creative cloud payment #8606,2475.32,Bills & Subscriptions
TXN961784,irl events india payment #7616,4734.49,Entertainment
TXN858889,thai pavilion payment #7333,1492.32,Food & Dining
TXN644909,xbox live payment #3293,3600.32,Entertainment
TXN977646,tata play dth payment #4546,2998.75,Utilities
TXN910894,d mart payment #7024,870.82,Shopping
TXN192292,nilgiris supermarket payment #8138,1209.07,Groceries
TXN475644,dominos payment #1422,745.84,Food & Dining
TXN243055,zee5 premium payment #9334,4668.96,Bills & Subscriptions
TXN167755,transfer payment #5974,2485.44,Others
TXN111258,microsoft 365 payment #4185,2043.7,Bills & Subscriptions
TXN262656,reliance trends payment #5055,2357.06,Shopping
TXN533021,1mg payment #9055,2408.35,Health & Fitness
TXN900962,bsnl bill payment #3128,1942.2,Utilities
TXN460317,blablacar payment #2168,487.65,Travel & Transport
TXN382400,gold’s gym india payment #8861,2324.87,Health & Fitness
TXN655132,uber payment #1651,1312.22,Travel & Transport
260,bank fee for cheque bounce,250.0,Financial Services
TXN904214,bikanervala payment #5336,3290.54,Food & Dining
TXN435671,spencer’s retail payment #8130,1657.14,Groceries
TXN803904,ioc fuel station payment #6420,1849.98,Fuel
TXN297083,jiomart grocery payment #4326,3922.1,Groceries
TXN676566,ccd cafe payment #9261,2306.74,Food & Dining
TXN877931,microsoft 365 payment #9222,3657.37,Bills & Subscriptions
TXN876677,local technician payment #7699,3191.08,Others
TXN798260,viva fitness gym payment #8742,708.47,Health & Fitness
TXN599687,ola payment #4530,4087.71,Travel & Transport
TXN797309,coursera plus payment #1885,4542.5,Bills & Subscriptions
TXN933762,blinkit payment #6036,4208.57,Groceries
TXN646313,blablacar payment #7564,3108.43,Travel & Transport
TXN169327,fortis hospital payment #9606,4934.53,Health & Fitness
TXN207919,blinkit payment #4476,2683.59,Groceries
TXN861949,hpcl pump payment #2560,2220.95,Fuel
TXN279451,bank service charge payment #2169,3084.74,Financial Services
72,mahindra power bill,1050.0,Utilities
TXN758775,wow momo payment #4950,3691.41,Food & Dining
TXN560623,redbus payment #4351,424.07,Travel & Transport
TXN174461,reliance trends payment #9185,3226.6,Shopping
TXN684482,googlepay upi payment #9486,2376.29,Financial Services
TXN299028,wow momo payment #1992,2050.88,Food & Dining
TXN920628,parking charges payment #8111,4342.14,Others
TXN892476,irl events india payment #8489,4816.97,Entertainment
TXN479895,freelancer payment payment #9284,474.57,Others
TXN910075,amazonpay upi payment #6296,668.02,Financial Services
TXN539673,irl events india payment #9516,4866.04,Entertainment
TXN442645,inox movies payment #9495,154.13,Entertainment
TXN177687,society maintenance payment #9402,3393.2,Others
TXN988990,blinkit payment #8438,3310.92,Groceries
TXN635456,1mg payment #1738,2615.73,Health & Fitness
TXN800695,reliance fresh payment #7771,3220.83,Groceries
TXN103704,bsnl bill payment #3155,4806.13,Utilities
TXN638214,shell payment #5408,3292.78,Fuel
TXN276919,dr lal pathlabs payment #2666,3733.02,Health & Fitness
TXN735242,pharmeasy payment #1345,3262.45,Health & Fitness
252,upi autopay subscription renewal,199.0,Financial Services
TXN936020,subway payment #9151,1900.0,Food & Dining
TXN730889,indianoil payment #2478,375.22,Fuel
TXN448121,phonepe upi payment #9229,4830.23,Financial Services
TXN825388,disney plus hotstar payment #9060,543.16,Bills & Subscriptions
TXN552202,bsnl bill payment #3357,2749.1,Utilities
TXN388519,westside payment #4621,2126.45,Shopping
TXN414910,hdfc credit card payment #3041,3626.8,Financial Services
TXN288627,yatra travels payment #7563,1470.18,Travel & Transport
TXN549312,google one payment #6060,1258.34,Bills & Subscriptions
TXN724840,dunzo payment #2817,2349.73,Groceries
TXN375285,unknown payment #6508,4621.22,Others
TXN887625,card swipe payment #6491,557.6,Financial Services
245,sbi internet banking transfer,5000.0,Financial Services
TXN760943,donation payment payment #9249,4989.28,Others
TXN384489,uber payment #2091,2004.36,Travel & Transport
TXN809083,firstcry payment #5055,3831.22,Shopping
TXN282973,kfc payment #9850,1328.21,Food & Dining
TXN678727,hdfc loan emi payment #8935,1791.11,Financial Services
TXN258789,urbanclap payment #4205,1399.9,Others
TXN262520,ola payment #8786,3473.19,Travel & Transport
TXN920755,canva pro payment #7203,4763.74,Bills & Subscriptions
TXN678589,pvr cinemas payment #4501,554.82,Entertainment
TXN884256,hdfc atm payment #3749,3068.87,Financial Services
TXN824016,zara india payment #5668,3916.95,Shopping
TXN972712,fortis hospital payment #3243,1076.36,Health & Fitness
TXN838857,disney plus hotstar payment #4808,2566.76,Bills & Subscriptions
254,upi payment at restaurant,950.0,Financial Services
TXN804938,atm fee payment #1339,4997.9,Financial Services
TXN492040,amazon prime video payment #3932,1676.93,Entertainment
TXN417329,vodafone idea recharge payment #8404,4164.34,Utilities
TXN721894,bescom electricity payment #4493,3844.72,Utilities
TXN561278,transfer payment #8271,2367.35,Others
TXN512344,subway payment #1379,541.24,Food & Dining
TXN650472,google one payment #1834,1963.73,Bills & Subscriptions
TXN821942,bharatpetrol payment #7199,1603.43,Fuel
TXN717558,hpcl pump payment #6846,1193.86,Fuel
TXN543732,indigo payment #1887,2676.1,Travel & Transport
TXN759675,urbanclap payment #2409,2952.33,Others
TXN201605,parking charges payment #5576,4729.36,Others
TXN696879,irl events india payment #5044,2676.7,Entertainment
TXN456480,airindia payment #2185,2565.53,Travel & Transport
TXN329056,essar petrol payment #6424,1867.91,Fuel
TXN461792,blablacar payment #6781,4104.46,Travel & Transport
TXN795558,parking charges payment #6400,4628.45,Others
TXN757667,airtel recharge payment #3224,2459.33,Utilities
84,cleartrip travel,950.0,Travel & Transport
TXN412713,misc payment payment #3083,3933.7,Others
TXN316509,hotstar payment #7373,4779.97,Entertainment
21,uber ride,45.0,Travel & Transport
TXN119676,municipal water tax payment #5105,3908.46,Utilities
TXN109363,airindia payment #7484,3966.8,Travel & Transport
TXN901865,viva fitness gym payment #5009,239.37,Health & Fitness
TXN320034,cult fit payment #4712,1606.4,Health & Fitness
TXN842057,bpcl fuel outlet payment #6866,457.12,Fuel
TXN741199,amazon prime video payment #9410,2996.09,Entertainment
TXN961613,orix cabs payment #5970,2270.72,Travel & Transport
TXN874417,blablacar payment #4212,814.63,Travel & Transport
TXN669810,society maintenance payment #7425,3029.43,Others
TXN220364,reliance fresh payment #4543,4347.68,Groceries
TXN519095,amazon prime video payment #5764,281.38,Entertainment
TXN415759,lifestyle payment #3777,780.32,Shopping
TXN780956,yatra travels payment #2767,193.48,Travel & Transport
TXN467230,unknown payment #1817,1332.02,Others
TXN200780,viva fitness gym payment #3151,1859.32,Health & Fitness
TXN464663,zara india payment #3178,3302.32,Shopping
TXN558737,h&m india payment #2083,1619.83,Shopping
203,phonepe upi payment to grocery store,340.75,Financial Services
TXN311824,apple music payment #7136,2543.76,Bills & Subscriptions
TXN585494,amazon payment #1372,4894.6,Shopping
TXN948330,urban company payment #6203,2115.02,Others
TXN767181,easyday club payment #8030,731.47,Groceries
TXN833281,airindia payment #4764,2288.31,Travel & Transport
TXN849019,coursera plus payment #9119,4019.12,Bills & Subscriptions
TXN481237,youtube premium payment #5985,639.27,Bills & Subscriptions
TXN864915,reliance fresh payment #4094,2891.32,Groceries
TXN396668,pharmeasy payment #6907,4638.56,Health & Fitness
TXN421384,mcdonalds payment #6372,3338.5,Food & Dining
TXN923824,rapido payment #1079,1634.75,Travel & Transport
TXN546768,orix cabs payment #6935,622.26,Travel & Transport
TXN850490,fortis hospital payment #8056,758.99,Health & Fitness
TXN581111,nature's basket payment #2857,4639.11,Groceries
TXN878967,reversal charge payment #4155,1646.18,Financial Services
TXN677759,dr lal pathlabs payment #5841,2885.82,Health & Fitness
79,healthspring supplements,150.0,Health & Fitness
TXN707723,local technician payment #4569,2102.19,Others
TXN659461,gaana plus payment #8278,514.77,Entertainment
TXN831160,myntra payment #8511,3210.72,Shopping
TXN367382,westside payment #3196,2003.25,Shopping
TXN920375,viva fitness gym payment #1168,3797.3,Health & Fitness
TXN261156,gaana plus payment #1527,4618.51,Entertainment
TXN678286,more supermarket payment #2506,1807.91,Groceries
TXN282480,atm cash removal payment #7211,3418.86,Financial Services
TXN825916,reliance trends payment #4463,4516.24,Shopping
TXN144283,pharmeasy payment #3883,3257.04,Health & Fitness
TXN219505,netflix payment #2043,1754.9,Entertainment
TXN357167,dunzo payment #3351,453.04,Groceries
TXN170966,mcdonalds payment #9576,4875.81,Food & Dining
TXN632294,amazon prime video payment #6633,2246.74,Entertainment
TXN908554,starbucks payment #3962,4173.59,Food & Dining
TXN827186,spencer’s retail payment #9633,2931.59,Groceries
TXN600590,nayara energy payment #7609,2202.22,Fuel
TXN341292,sbi atm payment #1344,2982.71,Financial Services
256,neft transfer to vendor,7800.0,Financial Services
TXN360276,firstcry payment #3430,546.94,Shopping
TXN797576,parking charges payment #3607,1235.35,Others
TXN553263,parking charges payment #2965,2277.58,Others
TXN618152,dr lal pathlabs payment #8433,4153.56,Health & Fitness
TXN333507,westside payment #3086,3666.5,Shopping
TXN517426,housejoy payment #2860,1803.14,Others
TXN621433,nykaa payment #6892,2612.8,Shopping
TXN848244,google one payment #9985,3319.41,Bills & Subscriptions
TXN379570,dr lal pathlabs payment #9433,4516.91,Health & Fitness
238,upi transfer for fuel payment,600.5,Financial Services
TXN674134,spotify payment #9008,110.22,Entertainment
TXN951266,irl events india payment #8244,3517.61,Entertainment
TXN794530,hpcl pump payment #2676,136.0,Fuel
TXN671015,incentive payment payment #4241,2183.18,Financial Services
TXN453492,microsoft 365 payment #1457,4947.52,Bills & Subscriptions
TXN499152,zara india payment #6269,3900.02,Shopping
TXN500673,reliance fresh payment #1388,2977.16,Groceries
TXN169403,incentive payment payment #6168,2065.71,Financial Services
TXN971662,croma payment #8183,4008.66,Shopping
TXN100561,adobe creative cloud payment #1779,990.58,Bills & Subscriptions
TXN321659,hpcl pump payment #2462,1020.88,Fuel
TXN270249,google one payment #7304,4667.43,Bills & Subscriptions
TXN688678,subway payment #1410,3135.78,Food & Dining
TXN243006,ioc fuel station payment #3561,2713.99,Fuel
TXN621249,more supermarket payment #7278,2151.43,Groceries
TXN476993,shoppers stop payment #9907,280.15,Shopping
TXN289276,amazon prime video payment #1381,1765.79,Entertainment
TXN422266,airtel recharge payment #3822,3200.04,Utilities
TXN449709,brewberrys cafe payment #1349,347.83,Food & Dining
TXN469082,parking charges payment #7716,1873.22,Others
TXN386193,incentive payment payment #4613,2492.32,Financial Services
TXN587310,urbanclap payment #7960,667.51,Others
TXN677236,reliance petrol pump payment #1824,2583.95,Fuel
TXN876459,ajio payment #3692,4656.62,Shopping
TXN425301,thai pavilion payment #3317,4592.06,Food & Dining
TXN481969,viva fitness gym payment #1981,2659.12,Health & Fitness
TXN190951,lifestyle payment #8007,2624.88,Shopping
TXN472060,sbi atm payment #3979,2488.99,Financial Services
TXN841309,pvr cinemas payment #9074,4532.09,Entertainment
TXN735163,pantaloons payment #3509,2329.4,Shopping
TXN293194,inox movies payment #7158,1106.05,Entertainment
TXN443032,microsoft 365 payment #9396,627.65,Bills & Subscriptions
TXN947831,housejoy payment #4793,4908.51,Others
TXN640472,apple music payment #1859,675.0,Bills & Subscriptions
TXN662484,adobe creative cloud payment #8017,4471.75,Bills & Subscriptions
TXN526369,bsnl bill payment #1203,3496.48,Utilities
TXN204415,jiomart grocery payment #3595,2243.27,Groceries
TXN949296,canva pro payment #8764,3561.66,Bills & Subscriptions
TXN168804,indianoil payment #9442,3978.3,Fuel
TXN728038,sbi card payment payment #9689,4600.62,Financial Services
TXN430738,ola payment #8901,1918.86,Travel & Transport
TXN926952,chai point payment #6383,3894.41,Food & Dining
TXN358771,tnstc bus service payment #6323,4347.2,Travel & Transport
TXN714015,nayara energy payment #6428,1921.24,Fuel
TXN700815,coursera plus payment #4685,212.83,Bills & Subscriptions
TXN975355,cult fit payment #9179,4371.23,Health & Fitness
TXN285197,bescom electricity payment #5750,3274.18,Utilities
TXN478970,figma pro payment #1565,4615.2,Bills & Subscriptions
TXN489523,spencer’s retail payment #3700,367.89,Groceries
TXN550405,xbox live payment #7131,1657.96,Entertainment
TXN382795,tata play dth payment #4181,3196.9,Utilities
TXN151028,figma pro payment #1858,3031.21,Bills & Subscriptions
TXN145981,bpcl fuel outlet payment #9335,2283.23,Fuel
TXN309044,neft transfer payment #1508,4753.1,Financial Services
TXN817644,bajaj finance emi payment #2121,1250.37,Financial Services
TXN443187,decathlon payment #8449,4756.24,Shopping
TXN122709,misc payment payment #8083,816.61,Others
TXN786141,spotify premium payment #2971,301.09,Bills & Subscriptions
TXN243030,tata play dth payment #3917,1997.92,Utilities
TXN995304,airtel recharge payment #6718,279.93,Utilities
166,subhiksha supermarket groceries,390.75,Groceries
7,apollo pharmacy,180.0,Health & Fitness
TXN790677,more supermarket payment #9315,1489.66,Groceries
TXN972335,sbi atm payment #7211,1463.46,Financial Services
TXN911414,irctc payment #7529,2558.93,Travel & Transport
TXN932308,heritage fresh payment #3038,1818.01,Groceries
TXN416178,irl events india payment #7627,3899.46,Entertainment
TXN378095,hp petrol payment #6500,2288.49,Fuel
TXN469007,rapido payment #1301,1799.22,Travel & Transport
TXN623059,ioc fuel station payment #9260,759.72,Fuel
TXN855948,paradise biryani payment #5106,3421.05,Food & Dining
TXN911763,alt balaji payment #5238,1282.56,Entertainment
TXN700241,irl events india payment #3043,2298.81,Entertainment
TXN821726,nature's basket payment #3003,147.2,Groceries
TXN981282,more supermarket payment #5864,1049.76,Groceries
TXN144284,dr lal pathlabs payment #5742,2813.95,Health & Fitness
TXN345180,brewberrys cafe payment #7086,630.9,Food & Dining
TXN975136,icici credit card payment #3442,2773.39,Financial Services
92,zomato order,22.5,Food & Dining
TXN387653,bookmyshow payment #9570,3671.6,Entertainment
TXN602275,nilgiris supermarket payment #8109,1906.34,Groceries
TXN936124,indianoil payment #4594,2920.89,Fuel
TXN793360,healthspring payment #7749,1821.22,Health & Fitness
TXN995735,bpcl fuel outlet payment #5888,2124.23,Fuel
TXN777424,dr lal pathlabs payment #5373,4136.18,Health & Fitness
TXN503376,viva fitness gym payment #4926,1339.62,Health & Fitness
TXN457999,dmart ready payment #9573,4658.11,Groceries
TXN135087,hathway broadband payment #9948,2924.13,Utilities
TXN473838,1mg payment #9108,299.88,Health & Fitness
TXN460234,bescom electricity payment #6119,3103.89,Utilities
TXN142859,hathway broadband payment #6989,2380.23,Utilities
TXN766738,rapido payment #8480,3192.13,Travel & Transport
TXN902245,jiomart grocery payment #7977,2663.53,Groceries
TXN638289,mcdonalds payment #3626,1436.68,Food & Dining
TXN416120,dunzo payment #9955,3133.15,Groceries
TXN449759,company reimbursement payment #5533,316.03,Financial Services
TXN822494,playstation store payment #3910,257.09,Entertainment
TXN792299,zee5 premium payment #8785,2623.08,Bills & Subscriptions
TXN449718,zee5 premium payment #2457,1877.82,Bills & Subscriptions
TXN494228,society maintenance payment #8555,2774.57,Others
TXN272359,h&m india payment #2785,861.51,Shopping
TXN299800,1mg payment #4677,3596.46,Health & Fitness
TXN380345,jio fiber payment #6250,1828.29,Utilities
TXN303129,adani electricity payment #4409,1454.49,Utilities
TXN980096,urban company payment #7454,434.23,Others
TXN747137,society maintenance payment #8194,4310.64,Others
TXN633243,blablacar payment #4787,4900.98,Travel & Transport
TXN374320,nayara energy payment #8220,325.26,Fuel
TXN705956,dunzo payment #9548,2685.19,Groceries
TXN825391,rtgs transfer payment #5820,1185.82,Financial Services
TXN829417,ajio payment #8846,4580.76,Shopping
TXN144008,irl events india payment #2669,4135.69,Entertainment
TXN177289,hpcl pump payment #4695,897.02,Fuel
TXN749485,act fibernet payment #4163,266.8,Utilities
TXN848021,indianoil payment #4111,1781.52,Fuel
TXN151047,gold’s gym india payment #3118,1135.7,Health & Fitness
38,kfc delivery,20.0,Food & Dining
TXN275329,nykaa payment #9079,815.08,Shopping
TXN763646,firstcry payment #5775,3700.88,Shopping
TXN923012,amazon prime video payment #5224,4968.95,Entertainment
TXN186345,reliance petrol pump payment #4154,1669.53,Fuel
TXN855829,indigo payment #4744,4089.53,Travel & Transport
40,spencer's supermarket,380.0,Groceries
TXN863336,blablacar payment #1305,4404.69,Travel & Transport
TXN935294,spotify payment #1383,236.67,Entertainment
216,icici atm cash withdrawal,1500.0,Financial Services
TXN689648,hpcl pump payment #5990,4461.54,Fuel
TXN180111,max healthcare payment #2867,2145.0,Health & Fitness
TXN315830,easyday club payment #6105,911.7,Groceries
TXN876487,1mg payment #9248,179.72,Health & Fitness
TXN823825,columbia asia payment #6910,3484.25,Health & Fitness
TXN576136,goibibo payment #5314,2753.87,Travel & Transport
TXN911117,ioc fuel station payment #5481,1125.97,Fuel
TXN767814,bharatpetrol payment #9255,2758.21,Fuel
TXN501393,bsnl bill payment #5543,3907.82,Utilities
TXN393328,dominos payment #9017,3116.7,Food & Dining
TXN216356,airtel digital tv payment #6963,4451.09,Utilities
TXN804667,ajio payment #1550,2287.56,Shopping
TXN818264,subway payment #5012,4042.97,Food & Dining
206,bhim upi payment to electrician,600.0,Financial Services
3,irctc train ticket,1200.0,Travel & Transport
TXN240718,haldirams payment #9590,2520.17,Food & Dining
TXN252627,cult fit payment #6759,243.37,Health & Fitness
TXN661091,indigo payment #6634,1505.14,Travel & Transport
TXN497346,bescom electricity payment #5903,1681.83,Utilities
TXN656011,tata play dth payment #7258,3424.62,Utilities
TXN697766,croma payment #4390,4046.66,Shopping
TXN211871,abhibus payment #6833,864.38,Travel & Transport
TXN309215,urban company payment #3223,2139.93,Others
54,tata play bill,620.0,Utilities
TXN313442,parking charges payment #8966,1470.94,Others
TXN656208,hathway broadband payment #8775,1386.86,Utilities
TXN481405,xbox live payment #2626,856.05,Entertainment
TXN471496,pizza hut payment #9734,1777.4,Food & Dining
TXN434844,easyday club payment #8548,687.52,Groceries
TXN808340,essar petrol payment #8415,602.15,Fuel
TXN471083,spotify premium payment #8542,1709.9,Bills & Subscriptions
TXN942570,cult fit payment #1477,1366.14,Health & Fitness
TXN753004,ksrtc bus payment #8418,1433.46,Travel & Transport
TXN532227,irctc payment #8239,1608.55,Travel & Transport
TXN987025,wow momo payment #9501,4485.14,Food & Dining
TXN718831,airtel recharge payment #4854,2215.41,Utilities
TXN409898,westside payment #4090,3764.43,Shopping
TXN922911,inox movies payment #5902,1494.22,Entertainment
TXN952679,reliance petrol pump payment #8606,345.39,Fuel
TXN635205,goibibo payment #3193,2377.04,Travel & Transport
TXN735710,subway payment #9508,2339.24,Food & Dining
TXN469899,fortis hospital payment #7189,3123.0,Health & Fitness
TXN354125,microsoft 365 payment #7947,3704.75,Bills & Subscriptions
TXN125190,netflix payment #8863,2216.55,Entertainment
TXN116265,urbanclap payment #3947,4394.39,Others
TXN261712,reliance trends payment #2204,501.99,Shopping
TXN674485,icici credit card payment #9270,2191.03,Financial Services
TXN163821,urban company payment #8888,3483.91,Others
TXN591897,subway payment #3273,3818.32,Food & Dining
TXN427110,atm withdrawal payment #2771,2935.56,Financial Services
TXN260263,atm withdrawal payment #9317,3083.95,Financial Services
TXN282973,freelancer payment payment #7399,2613.92,Others
188,disneyplus hotstar,15.99,Entertainment
TXN911152,torrent power payment #2097,2847.72,Utilities
TXN805756,prime membership payment #2426,1576.61,Bills & Subscriptions
TXN329659,bharatpetrol payment #1427,1662.5,Fuel
TXN644861,airtel recharge payment #4806,4191.24,Utilities
TXN243294,spotify premium payment #8878,452.5,Bills & Subscriptions
TXN669605,atm withdrawal payment #3584,2247.1,Financial Services
TXN142581,gold’s gym india payment #5723,2829.95,Health & Fitness
TXN496922,neft transfer payment #8527,2727.52,Financial Services
TXN819517,canva pro payment #7036,2314.4,Bills & Subscriptions
TXN191962,airtel recharge payment #5889,1722.44,Utilities
TXN319684,hdfc atm payment #3664,1913.89,Financial Services
TXN398910,dominos payment #9452,4270.71,Food & Dining
TXN646196,donation payment payment #7987,3687.24,Others
291,upi merchant payment - hardware store,780.0,Financial Services
TXN753959,parking charges payment #1105,4047.52,Others
TXN317881,bajaj finance emi payment #2625,4743.19,Financial Services
TXN685934,vodafone idea recharge payment #7003,958.81,Utilities
TXN451109,reliance fresh payment #3917,2200.28,Groceries
TXN194632,viva fitness gym payment #9605,1333.86,Health & Fitness
TXN378428,faasos payment #1436,3024.86,Food & Dining
TXN657101,adani electricity payment #1672,577.09,Utilities
TXN652367,heritage fresh payment #7594,591.15,Groceries
TXN224811,parking charges payment #4955,3588.72,Others
TXN756944,airtel recharge payment #6556,4919.73,Utilities
TXN681440,pvr cinemas payment #3855,1765.11,Entertainment
297,card decline charge,50.0,Financial Services
TXN810526,icici credit card payment #8622,4515.93,Financial Services
TXN565471,pizza hut payment #7981,916.56,Food & Dining
TXN595948,reversal charge payment #8744,1290.69,Financial Services
TXN629979,tata cliq payment #2391,2945.78,Shopping
TXN173199,shell payment #2639,1497.17,Fuel
TXN362073,urban company payment #5495,519.13,Others
16,practo doctor consultation,600.0,Health & Fitness
TXN411327,spencer’s retail payment #6603,4820.49,Groceries
TXN554691,apple music payment #6183,4963.0,Bills & Subscriptions
TXN271252,notion subscription payment #7255,3283.87,Bills & Subscriptions
TXN956253,hdfc credit card payment #8711,1189.93,Financial Services
229,hdfc credit card auto debit,9500.0,Financial Services
TXN467506,shell payment #5088,3496.56,Fuel
TXN661862,talwalkars gym payment #2234,4217.86,Health & Fitness
TXN354367,h&m india payment #5979,3723.92,Shopping
TXN438273,nayara energy payment #2655,1749.15,Fuel
TXN733375,irl events india payment #5496,1034.15,Entertainment
TXN468727,swiggy payment #5712,3042.01,Food & Dining
TXN693297,ksrtc bus payment #3608,977.81,Travel & Transport
TXN646622,bank service charge payment #5543,3852.49,Financial Services
TXN112426,amazon payment #9719,2803.05,Shopping
TXN217348,cult fit payment #3213,167.99,Health & Fitness
TXN211495,gold’s gym india payment #5248,4370.92,Health & Fitness
TXN430926,swiggy payment #4268,4440.37,Food & Dining
TXN335790,chai point payment #5571,2834.62,Food & Dining
TXN728636,goibibo payment #4190,264.69,Travel & Transport
172,flipkart fashion,75.75,Shopping
TXN385320,starbucks payment #1815,3402.45,Food & Dining
TXN888387,phonepe upi payment #5915,2340.4,Financial Services
TXN502630,icici emi payment payment #4185,3619.89,Financial Services
TXN290824,apple music payment #3200,1070.3,Bills & Subscriptions
TXN647718,tata play dth payment #7350,3597.02,Utilities
TXN207892,nilgiris supermarket payment #5605,4813.17,Groceries
TXN624108,pizza hut payment #2029,643.2,Food & Dining
TXN956401,tata cliq payment #5305,1808.03,Shopping
TXN496566,irl events india payment #4107,1039.24,Entertainment
TXN888193,blinkit payment #1138,4904.65,Groceries
TXN997904,makemytrip payment #4863,2821.17,Travel & Transport
TXN833491,urban company payment #4710,4424.74,Others
TXN406019,more supermarket payment #1747,2714.47,Groceries
TXN501583,reliance trends payment #1753,2411.65,Shopping
TXN641922,nayara energy payment #1568,2560.3,Fuel
TXN323839,reliance fresh payment #8699,813.02,Groceries
TXN684646,redbus payment #7770,2805.31,Travel & Transport
TXN624977,ksrtc bus payment #8400,543.16,Travel & Transport
TXN288540,nature's basket payment #8387,4061.89,Groceries
TXN487477,icici credit card payment #2127,4408.42,Financial Services
262,upi payment to auto driver,90.0,Financial Services
TXN802382,bpcl fuel outlet payment #4669,4891.69,Fuel
TXN384682,jiomart grocery payment #7393,2064.16,Groceries
TXN751050,urbanclap payment #9391,1928.24,Others
TXN917376,irl events india payment #2723,2571.53,Entertainment
TXN757790,easyday club payment #7422,4230.85,Groceries
TXN521161,hotstar payment #2389,1757.69,Entertainment
102,goair flight ticket,1800.0,Travel & Transport
TXN751009,inox movies payment #7897,2458.86,Entertainment
218,bank sms alert charge,15.0,Financial Services
109,central shopping,230.0,Shopping
TXN433765,gaana plus payment #9270,4791.34,Entertainment
TXN140698,local technician payment #4416,3578.95,Others
TXN463470,irl events india payment #5906,1481.04,Entertainment
TXN712686,alt balaji payment #7468,4372.87,Entertainment
TXN242703,viva fitness gym payment #8264,3975.99,Health & Fitness
TXN110151,spotify payment #6006,4722.43,Entertainment
TXN684080,inox movies payment #1764,3873.46,Entertainment
TXN851210,youtube premium payment #9566,3240.96,Bills & Subscriptions
TXN496818,canva pro payment #6918,3358.88,Bills & Subscriptions
TXN248140,reliance fresh payment #1494,819.74,Groceries
TXN223088,myntra payment #8193,4339.92,Shopping
TXN458660,fortis hospital payment #9570,3841.59,Health & Fitness
TXN514337,makemytrip payment #7544,1830.33,Travel & Transport
TXN618213,reliance fresh payment #7308,1827.78,Groceries
TXN576086,atm withdrawal payment #5632,3544.64,Financial Services
TXN762113,nilgiris supermarket payment #3069,2570.86,Groceries
TXN209380,playstation store payment #5991,556.88,Entertainment
TXN289473,torrent power payment #8311,1515.02,Utilities
TXN809649,figma pro payment #9156,2623.56,Bills & Subscriptions
TXN454827,dunzo payment #9886,3707.04,Groceries
TXN229794,irl events india payment #6060,2849.12,Entertainment
TXN641538,xbox live payment #5057,615.61,Entertainment
TXN840734,bhim upi payment #7275,3500.35,Financial Services
TXN992717,haldirams payment #5757,4467.53,Food & Dining
TXN567080,healthspring payment #9399,1079.37,Health & Fitness
98,disney+ hotstar,15.99,Entertainment
TXN935620,ioc fuel station payment #7909,3279.35,Fuel
TXN254775,spotify premium payment #2670,3423.76,Bills & Subscriptions
TXN912915,freelancer payment payment #3741,3799.46,Others
TXN600296,1mg payment #1217,941.5,Health & Fitness
TXN399102,cult fit payment #3634,3587.88,Health & Fitness
TXN240221,inox movies payment #1260,4578.69,Entertainment
191,foodpanda order,23.0,Food & Dining
29,starbucks coffee,12.0,Food & Dining
TXN546370,amazon prime video payment #2605,818.11,Entertainment
TXN838594,dr lal pathlabs payment #1741,508.12,Health & Fitness
TXN915922,pizza hut payment #8564,3870.25,Food & Dining
TXN816586,reliance petrol pump payment #3636,4919.31,Fuel
TXN780999,torrent power payment #2752,1696.76,Utilities
TXN686120,inox movies payment #9622,2073.49,Entertainment
TXN674842,goibibo payment #4788,4004.16,Travel & Transport
TXN129556,ccd cafe payment #2337,1937.07,Food & Dining
TXN786563,redbus payment #5444,360.12,Travel & Transport
TXN486945,bhim upi payment #6016,3353.4,Financial Services
TXN657742,airtel digital tv payment #3010,2403.8,Utilities
TXN952118,alt balaji payment #8401,304.78,Entertainment
TXN972176,thai pavilion payment #8770,428.95,Food & Dining
214,sbi atm cash withdrawal,2000.0,Financial Services
TXN938171,swiggy payment #6438,1438.76,Food & Dining
TXN590106,bookmyshow payment #8794,3504.43,Entertainment
TXN607755,donation payment payment #4845,3224.8,Others
TXN311118,netflix payment #8364,2967.61,Entertainment
TXN144235,vistara airlines payment #3598,3182.9,Travel & Transport
TXN952547,mcdonalds payment #4394,2973.28,Food & Dining
TXN844163,reliance petrol pump payment #1092,1719.76,Fuel
TXN354854,irctc payment #2841,3723.95,Travel & Transport
TXN769102,amazon prime video payment #5396,2947.81,Entertainment
TXN101760,adobe creative cloud payment #7229,2926.89,Bills & Subscriptions
TXN239116,reliance petrol pump payment #6657,4613.84,Fuel
TXN682813,viva fitness gym payment #5478,2131.12,Health & Fitness
TXN696487,dr lal pathlabs payment #8986,3843.65,Health & Fitness
TXN678985,urban company payment #3310,570.28,Others
TXN684056,dr lal pathlabs payment #5198,457.97,Health & Fitness
TXN789504,youtube premium payment #9414,3594.79,Bills & Subscriptions
TXN383201,googlepay upi payment #9548,4830.82,Financial Services
TXN459443,adani electricity payment #6503,2117.29,Utilities
TXN820141,bpcl fuel outlet payment #9587,1755.39,Fuel
TXN757860,dunzo payment #5385,798.91,Groceries
TXN862491,nayara energy payment #1313,1219.25,Fuel
283,upi payment to dentist,850.0,Financial Services
TXN437408,salary credit payment #9903,1948.33,Financial Services
TXN962287,burger king payment #2293,2209.98,Food & Dining
TXN497753,local technician payment #1727,1199.8,Others
TXN769983,apollo pharmacy payment #5749,1529.15,Health & Fitness
TXN378258,chai point payment #6304,177.33,Food & Dining
TXN951452,essar petrol payment #4087,907.93,Fuel
TXN824141,reliance petrol pump payment #3399,4212.97,Fuel
TXN813702,apollo pharmacy payment #5657,3438.43,Health & Fitness
TXN818102,pvr cinemas payment #4325,2562.13,Entertainment
TXN974627,unknown payment #8050,1826.05,Others
TXN160423,tanishq payment #3365,4048.3,Shopping
TXN563367,nobroker services payment #2573,779.19,Others
TXN333049,bharatpetrol payment #6499,3306.73,Fuel
TXN231319,disney plus hotstar payment #8105,1561.98,Bills & Subscriptions
TXN160736,housejoy payment #4172,1781.32,Others
TXN884735,apple music payment #4436,1168.87,Bills & Subscriptions
TXN106177,figma pro payment #8999,381.73,Bills & Subscriptions
TXN688155,easyday club payment #7375,4132.78,Groceries
TXN675462,barbeque nation payment #4533,4191.32,Food & Dining
TXN180333,parking charges payment #5094,4081.85,Others
TXN694799,chai point payment #7001,1874.54,Food & Dining
TXN173832,act fibernet payment #2692,270.82,Utilities
TXN699982,nature's basket payment #6490,935.01,Groceries
TXN728492,debit card payment payment #3369,1979.57,Financial Services
82,snapdeal shopping,110.5,Shopping
TXN150290,bpcl fuel outlet payment #1796,3010.23,Fuel
TXN775149,figma pro payment #2005,2598.33,Bills & Subscriptions
TXN350956,v mart payment #4350,2043.5,Shopping
TXN752338,transfer payment #9245,4548.13,Others
TXN224074,jiomart grocery payment #8416,1824.59,Groceries
TXN276827,haldirams payment #2530,2562.61,Food & Dining
TXN171262,hdfc credit card payment #4044,435.75,Financial Services
TXN927691,fortis hospital payment #5982,2879.53,Health & Fitness
TXN739037,airtel recharge payment #8141,810.21,Utilities
TXN495490,flipkart payment #2531,2085.86,Shopping
TXN601608,kritunga payment #6325,4990.8,Food & Dining
TXN806396,croma payment #1844,1415.46,Shopping
228,sbi card payment - minimum due,2500.0,Financial Services
211,monthly salary credited,52000.0,Financial Services
TXN191061,abhibus payment #1004,4880.66,Travel & Transport
TXN777278,credit card pos payment #4937,3483.99,Financial Services
TXN315477,reliance petrol pump payment #8772,3539.15,Fuel
TXN112884,amazon payment #1721,4307.58,Shopping
TXN309341,apple music payment #7984,186.54,Bills & Subscriptions
TXN850432,nayara energy payment #8496,801.8,Fuel
TXN656926,credit card pos payment #9238,4605.0,Financial Services
TXN310960,vodafone idea recharge payment #4478,155.36,Utilities
TXN565676,easyday club payment #9924,588.54,Groceries
TXN732958,vodafone idea recharge payment #4602,4443.4,Utilities
TXN956721,adani electricity payment #2007,543.61,Utilities
TXN531071,atm fee payment #8062,1836.06,Financial Services
TXN563864,cafe coffee day payment #2294,1797.18,Food & Dining
TXN493696,hp petrol payment #2215,1774.86,Fuel
TXN993419,nobroker services payment #2107,320.15,Others
TXN550005,disney plus hotstar payment #5052,3365.02,Bills & Subscriptions
TXN171656,gold’s gym india payment #4962,2574.06,Health & Fitness
TXN768914,gold’s gym india payment #8656,1412.89,Health & Fitness
TXN154022,reliance fresh payment #5430,4379.58,Groceries
TXN602073,vistara airlines payment #2856,2459.43,Travel & Transport
TXN772612,swiggy payment #1464,497.99,Food & Dining
TXN177103,kritunga payment #6939,2810.79,Food & Dining
55,central online shopping,250.0,Shopping
TXN111091,torrent power payment #3947,1635.02,Utilities
TXN158716,nilgiris supermarket payment #4471,2061.97,Groceries
TXN423668,irl events india payment #3385,822.3,Entertainment
TXN827497,indigo payment #5713,167.29,Travel & Transport
TXN342034,1mg payment #5107,2497.77,Health & Fitness
TXN106242,nobroker services payment #3063,2074.42,Others
TXN584045,zara india payment #1440,4769.72,Shopping
TXN891018,zee5 subscription payment #9407,4802.73,Entertainment
TXN918859,indianoil payment #5117,1095.13,Fuel
TXN158104,burger king payment #9238,4562.49,Food & Dining
TXN945089,easyday club payment #2625,4977.28,Groceries
TXN680099,icici atm payment #8668,2692.66,Financial Services
TXN963506,easyday club payment #3369,1686.29,Groceries
TXN904150,paytm upi payment #8619,3527.38,Financial Services
TXN714012,gold’s gym india payment #5151,1841.74,Health & Fitness
TXN799155,columbia asia payment #9381,4722.67,Health & Fitness
TXN283594,haldirams payment #6546,4086.19,Food & Dining
TXN847332,h&m india payment #3362,3786.05,Shopping
TXN124085,columbia asia payment #4677,201.6,Health & Fitness
TXN245939,myntra payment #7703,3397.59,Shopping
TXN225961,transfer payment #1458,1488.77,Others
TXN512369,irl events india payment #3692,2226.95,Entertainment
TXN712554,neft transfer payment #6138,380.11,Financial Services
TXN542904,bpcl fuel outlet payment #5684,4399.64,Fuel
TXN312137,indigo payment #9869,3451.84,Travel & Transport
TXN218220,flipkart payment #4921,2524.95,Shopping
TXN956795,bank service charge payment #9666,138.33,Financial Services
190,nykaa online shopping,450.0,Shopping
TXN956526,adobe creative cloud payment #6620,4997.28,Bills & Subscriptions
TXN635593,nykaa payment #2262,2531.12,Shopping
TXN772464,dominos payment #6489,1494.35,Food & Dining
TXN207197,tata cliq payment #6896,3830.6,Shopping
TXN481466,dmart ready payment #1235,1914.26,Groceries
TXN666176,max healthcare payment #5913,2221.26,Health & Fitness
TXN708519,mcdonalds payment #9307,1983.96,Food & Dining
TXN459731,ajio payment #3321,1806.81,Shopping
TXN446297,spotify premium payment #1937,4878.99,Bills & Subscriptions
TXN929053,more supermarket payment #1145,4407.86,Groceries
TXN887941,coursera plus payment #5578,4760.2,Bills & Subscriptions
TXN888242,spencer’s retail payment #2698,2532.38,Groceries
TXN545405,hathway broadband payment #6821,1206.13,Utilities
TXN227728,freelancer payment payment #8271,2014.5,Others
TXN552275,essar petrol payment #8909,3552.07,Fuel
TXN145209,tata play dth payment #3888,882.82,Utilities
25,fitness first membership,2500.0,Health & Fitness
TXN155595,misc payment payment #9369,3722.88,Others
TXN564077,alt balaji payment #6927,4724.33,Entertainment
TXN119895,hotstar payment #9713,980.74,Entertainment
TXN689448,notion subscription payment #8431,1487.81,Bills & Subscriptions
TXN685941,shoppers stop payment #8484,2863.16,Shopping
TXN604967,dunzo payment #3073,1411.19,Groceries
TXN749887,westside payment #3439,1280.75,Shopping
TXN311811,nilgiris supermarket payment #8769,4949.26,Groceries
TXN106988,freelancer payment payment #9813,4015.06,Others
TXN397571,icici credit card payment #3780,3328.37,Financial Services
TXN562816,microsoft 365 payment #7188,922.05,Bills & Subscriptions
TXN301019,jiomart grocery payment #3517,314.67,Groceries
TXN924047,alt balaji payment #9956,3253.91,Entertainment
TXN556943,pharmeasy payment #5321,2633.17,Health & Fitness
TXN888669,hotstar payment #1849,1092.54,Entertainment
TXN831758,tanishq payment #1280,2560.86,Shopping
TXN282012,bigbasket payment #1526,3060.45,Groceries
TXN779792,alt balaji payment #2040,1412.46,Entertainment
TXN348490,local technician payment #2854,2604.07,Others
TXN504452,nayara energy payment #8479,1431.98,Fuel
TXN370782,hathway broadband payment #6450,4980.2,Utilities
TXN661762,amazon payment #9673,3638.74,Shopping
TXN943671,thai pavilion payment #7511,4839.62,Food & Dining
TXN961953,tata play dth payment #6330,2819.93,Utilities
TXN540073,zee5 premium payment #9379,3064.23,Bills & Subscriptions
TXN772036,indigo payment #5638,1680.74,Travel & Transport
TXN390819,playstation store payment #7489,643.64,Entertainment
TXN439658,act fibernet payment #5919,2582.78,Utilities
TXN714054,hpcl pump payment #2036,3804.21,Fuel
TXN700426,disney plus hotstar payment #2456,635.44,Bills & Subscriptions
TXN888870,amazon payment #4519,1108.34,Shopping
TXN829445,adani electricity payment #4027,4490.41,Utilities
TXN260952,prime membership payment #1183,3419.18,Bills & Subscriptions
155,mcdonald's order,8.0,Food & Dining
TXN681652,playstation store payment #2663,1306.95,Entertainment
TXN273438,bpcl fuel outlet payment #8688,4274.17,Fuel
TXN320281,hdfc credit card payment #1653,4504.73,Financial Services
TXN823769,faasos payment #5735,3554.01,Food & Dining
TXN571213,rapido payment #2128,2702.57,Travel & Transport
TXN393916,pantaloons payment #4971,1696.84,Shopping
TXN789719,max healthcare payment #6343,283.15,Health & Fitness
TXN215485,spencer’s retail payment #2841,2509.92,Groceries
TXN140605,sms charge payment #2771,1974.45,Financial Services
TXN415535,viva fitness gym payment #9824,1035.48,Health & Fitness
TXN765046,paytm upi payment #6617,1097.63,Financial Services
TXN521860,nobroker services payment #7919,1836.4,Others
TXN603762,nilgiris supermarket payment #2392,1091.38,Groceries
TXN640410,paradise biryani payment #9782,180.53,Food & Dining
TXN839893,pvr cinemas payment #4371,1301.9,Entertainment
11,zomato food order,30.0,Food & Dining
TXN648055,apple music payment #9035,3506.0,Bills & Subscriptions
TXN847159,max healthcare payment #9612,4245.74,Health & Fitness
TXN803458,vodafone idea recharge payment #4246,3593.2,Utilities
TXN325595,chai sutta bar payment #8491,4836.76,Food & Dining
TXN376648,housejoy payment #1341,969.82,Others
95,jio recharge,200.0,Bills & Subscriptions
161,mubi premium subscription,11.99,Entertainment
TXN536191,spotify payment #9063,594.43,Entertainment
TXN180251,irl events india payment #2986,4977.05,Entertainment
TXN695908,local technician payment #7944,2905.75,Others
TXN584887,max healthcare payment #4747,4543.54,Health & Fitness
TXN874863,municipal water tax payment #3860,4559.64,Utilities
TXN983353,zee5 subscription payment #7178,2899.71,Entertainment
TXN493605,spotify premium payment #3826,3298.71,Bills & Subscriptions
TXN918656,bescom electricity payment #6298,1360.95,Utilities
TXN808602,hotstar payment #6564,3289.51,Entertainment
TXN165442,hathway broadband payment #3089,4277.28,Utilities
TXN302500,abhibus payment #9710,1988.12,Travel & Transport
TXN396578,card swipe payment #5377,4120.69,Financial Services
TXN776320,bescom electricity payment #7208,1704.3,Utilities
TXN512064,fortis hospital payment #7364,138.54,Health & Fitness
TXN593649,bpcl fuel outlet payment #3967,1539.54,Fuel
TXN860124,freelancer payment payment #4453,701.47,Others
TXN317221,d mart payment #6152,176.72,Shopping
TXN405759,tata cliq payment #1130,1907.7,Shopping
TXN363470,healthspring payment #4278,2130.14,Health & Fitness
TXN372793,hdfc credit card payment #8564,990.47,Financial Services
TXN305721,h&m india payment #7841,1546.44,Shopping
TXN881410,bookmyshow payment #6394,1325.12,Entertainment
TXN185131,bank service charge payment #4457,1396.77,Financial Services
TXN873199,airtel digital tv payment #2860,3280.29,Utilities
TXN900149,playstation store payment #5006,4612.97,Entertainment
TXN305625,tnstc bus service payment #7476,3296.02,Travel & Transport
TXN873876,notion subscription payment #5337,1144.02,Bills & Subscriptions
TXN439813,ola payment #1653,4904.89,Travel & Transport
TXN197627,bharatpetrol payment #2228,2780.53,Fuel
TXN492649,hotstar payment #7086,1594.13,Entertainment
TXN398301,blablacar payment #1003,3658.94,Travel & Transport
TXN132405,urbanclap payment #3320,1850.25,Others
TXN817318,vodafone idea recharge payment #7586,1688.75,Utilities
TXN648051,viva fitness gym payment #2723,2042.21,Health & Fitness
TXN594514,burger king payment #9221,3897.36,Food & Dining
TXN441505,hathway broadband payment #4256,3760.73,Utilities
TXN944797,unknown payment #4860,2518.42,Others
TXN918430,reliance petrol pump payment #9303,2076.59,Fuel
TXN152294,freelancer payment payment #8103,635.0,Others
TXN492842,nilgiris supermarket payment #7484,137.27,Groceries
TXN431889,apollo pharmacy payment #8695,2981.15,Health & Fitness
TXN813644,spencer’s retail payment #7701,4299.3,Groceries
TXN639403,tanishq payment #5380,4766.75,Shopping
TXN665389,torrent power payment #2279,3451.96,Utilities
TXN967949,inox movies payment #5225,1940.01,Entertainment
TXN788637,dominos payment #9313,1142.42,Food & Dining
TXN674765,nayara energy payment #5839,885.83,Fuel
TXN180088,local technician payment #3005,3317.29,Others
TXN233402,urban company payment #5252,4358.37,Others
TXN847467,parking charges payment #9326,3938.99,Others
TXN890645,medplus payment #5617,941.69,Health & Fitness
TXN628345,heritage fresh payment #7864,2666.44,Groceries
TXN286906,airtel recharge payment #2784,2143.09,Utilities
TXN655021,misc payment payment #3168,2623.0,Others
165,yatra travels flight ticket,1000.0,Travel & Transport
78,indian oil servo fuel,47.5,Fuel
TXN798199,adani electricity payment #6346,2482.13,Utilities
TXN166165,brewberrys cafe payment #3986,4076.34,Food & Dining
TXN210010,bharatpetrol payment #7862,4170.2,Fuel
TXN347625,municipal water tax payment #6606,2768.18,Utilities
TXN999143,urban company payment #1264,3424.1,Others
TXN238722,spotify premium payment #3436,1223.98,Bills & Subscriptions
TXN374721,dunzo payment #2754,794.99,Groceries
TXN735605,hp petrol payment #7347,3321.86,Fuel
TXN525505,tata play dth payment #3886,1609.38,Utilities
TXN604012,ioc fuel station payment #4402,3472.2,Fuel
TXN497817,urbanclap payment #9752,3079.88,Others
TXN680170,parking charges payment #1935,4056.24,Others
TXN173372,reversal charge payment #4228,1884.69,Financial Services
TXN518114,bsnl bill payment #1860,921.24,Utilities
TXN515011,paytm upi payment #6147,1269.56,Financial Services
TXN423301,zee5 premium payment #2684,2014.03,Bills & Subscriptions
TXN298837,disney plus hotstar payment #8688,1059.01,Bills & Subscriptions
TXN994911,bookmyshow payment #6556,4616.5,Entertainment
TXN657783,makemytrip payment #5664,3277.44,Travel & Transport
TXN587686,flipkart payment #7568,437.74,Shopping
TXN471958,unknown payment #8282,308.9,Others
TXN640418,vodafone idea recharge payment #7411,2915.74,Utilities
TXN115722,google one payment #6842,1684.5,Bills & Subscriptions
TXN334981,gaana plus payment #4714,691.37,Entertainment
TXN391248,bigbasket payment #3427,4716.03,Groceries
TXN834611,essar petrol payment #9504,2663.21,Fuel
TXN609231,hdfc credit card payment #4872,914.92,Financial Services
TXN871041,abhibus payment #1549,1075.98,Travel & Transport
TXN191165,canva pro payment #6000,3214.61,Bills & Subscriptions
TXN222596,viva fitness gym payment #3514,890.15,Health & Fitness
TXN557318,fortis hospital payment #8952,2843.14,Health & Fitness
TXN699378,makemytrip payment #9376,2825.98,Travel & Transport
TXN834061,airtel recharge payment #7397,1405.54,Utilities
TXN106814,icici emi payment payment #5557,4066.21,Financial Services
TXN622112,spotify premium payment #9267,255.55,Bills & Subscriptions
TXN625808,vodafone idea recharge payment #6656,2316.81,Utilities
TXN921874,pizza hut payment #5668,3786.72,Food & Dining
TXN536548,lifestyle payment #9592,1661.8,Shopping
TXN582589,healthspring payment #3519,241.49,Health & Fitness
TXN410997,hathway broadband payment #6454,2701.51,Utilities
174,paytm flight booking,700.0,Travel & Transport
TXN712553,bescom electricity payment #2610,1351.19,Utilities
TXN279594,bescom electricity payment #5641,2913.01,Utilities
TXN499581,tnstc bus service payment #8322,4459.2,Travel & Transport
TXN890170,company reimbursement payment #1241,4848.08,Financial Services
TXN691119,brewberrys cafe payment #9095,2373.37,Food & Dining
TXN203479,max healthcare payment #1070,4870.54,Health & Fitness
TXN993077,jiomart grocery payment #1534,3371.78,Groceries
TXN562236,brewberrys cafe payment #1645,1613.77,Food & Dining
TXN120669,pharmeasy payment #2875,1754.21,Health & Fitness
118,flipkart online shopping,85.75,Shopping
TXN993140,sbi atm payment #7512,3284.2,Financial Services
271,upi merchant payment - kirana shop,550.0,Financial Services
TXN601776,thai pavilion payment #8612,4906.01,Food & Dining
TXN359520,microsoft 365 payment #1424,4823.69,Bills & Subscriptions
TXN975825,reliance fresh payment #5828,2355.9,Groceries
TXN558936,hpcl pump payment #2417,1479.44,Fuel
TXN373477,netflix payment #1297,1858.06,Entertainment
TXN528649,apple music payment #4143,1370.82,Bills & Subscriptions
TXN757756,society maintenance payment #1583,4750.99,Others
TXN305973,makemytrip payment #3293,4467.36,Travel & Transport
TXN753169,spencer’s retail payment #5451,4097.87,Groceries
TXN403528,subway payment #4052,4689.38,Food & Dining
240,imps transfer to friend’s account,750.0,Financial Services
TXN111106,irctc payment #7500,1882.94,Travel & Transport
TXN144618,firstcry payment #2562,4484.48,Shopping
TXN999596,act fibernet payment #3650,3546.19,Utilities
TXN108474,gaana plus payment #6618,1526.21,Entertainment
TXN624203,yatra travels payment #2466,1318.74,Travel & Transport
125,youtube premium,12.99,Entertainment
TXN425346,chai sutta bar payment #2288,2039.26,Food & Dining
TXN794668,hathway broadband payment #8130,2771.08,Utilities
4,reliance fresh groceries,450.75,Groceries
75,easemytrip flight,2800.0,Travel & Transport
TXN229545,torrent power payment #3686,3620.04,Utilities
TXN457256,atm withdrawal payment #8690,2445.7,Financial Services
6,shell fuel,65.2,Fuel
TXN492073,nayara energy payment #8937,3821.52,Fuel
TXN488712,pantaloons payment #6246,4580.22,Shopping
275,international debit card fee,450.0,Financial Services
TXN548580,d mart payment #8230,2336.94,Shopping
289,upi transfer to milk vendor,350.0,Financial Services
TXN925198,apple music payment #5556,1655.94,Bills & Subscriptions
TXN773870,nayara energy payment #3248,2154.25,Fuel
TXN502810,reliance fresh payment #8172,3778.57,Groceries
TXN791095,gaana plus payment #8079,2343.36,Entertainment
TXN475271,netflix payment #6944,148.47,Entertainment
TXN861411,irctc payment #2477,2793.0,Travel & Transport
TXN171789,makemytrip payment #7765,1021.2,Travel & Transport
TXN796590,freelancer payment payment #5747,3156.6,Others
TXN575491,transfer payment #9307,1743.15,Others
TXN218661,heritage fresh payment #8838,4091.78,Groceries
TXN229054,jiomart grocery payment #5382,3174.68,Groceries
TXN597457,bsnl bill payment #3444,3457.69,Utilities
TXN408137,zee5 premium payment #2645,3697.96,Bills & Subscriptions
TXN557420,playstation store payment #6681,2296.79,Entertainment
TXN710256,airtel digital tv payment #3703,2249.44,Utilities
TXN424553,tneb payment payment #1840,2155.95,Utilities
TXN718337,bharatpetrol payment #4460,3696.98,Fuel
TXN816289,makemytrip payment #3994,4740.88,Travel & Transport
TXN382368,alt balaji payment #7308,4751.85,Entertainment
TXN693830,zomato payment #3972,4362.33,Food & Dining
TXN814149,apple music payment #5281,3066.63,Bills & Subscriptions
TXN628859,uber payment #4315,2661.29,Travel & Transport
116,prime video,13.99,Entertainment
TXN487593,medplus payment #8388,4545.91,Health & Fitness
TXN329177,notion subscription payment #7045,315.3,Bills & Subscriptions
TXN872863,reliance petrol pump payment #9743,4099.8,Fuel
TXN992104,zee5 premium payment #5092,4175.46,Bills & Subscriptions
279,icici imobile app transfer,5200.0,Financial Services
67,more supermarket groceries,550.0,Groceries
TXN325636,reliance fresh payment #6861,1302.06,Groceries
TXN677723,fortis hospital payment #1656,783.17,Health & Fitness
TXN807905,talwalkars gym payment #9001,590.28,Health & Fitness
TXN897305,rtgs transfer payment #8110,4893.85,Financial Services
149,jio recharge plan,180.0,Bills & Subscriptions
TXN918730,healthspring payment #3630,4290.18,Health & Fitness
TXN597635,hpcl pump payment #8308,970.16,Fuel
TXN726090,youtube premium payment #6605,2205.36,Bills & Subscriptions
TXN988528,airtel recharge payment #3185,589.84,Utilities
TXN606592,prime membership payment #2931,1521.32,Bills & Subscriptions
TXN492850,notion subscription payment #8060,936.11,Bills & Subscriptions
TXN332934,apollo pharmacy payment #4197,2958.81,Health & Fitness
TXN966785,bhim upi payment #3441,4551.22,Financial Services
TXN536158,ola payment #6913,2834.3,Travel & Transport
TXN126518,jiomart grocery payment #2290,2901.79,Groceries
TXN623843,microsoft 365 payment #5940,3860.97,Bills & Subscriptions
TXN662473,youtube premium payment #7451,2824.69,Bills & Subscriptions
TXN885734,torrent power payment #3906,4834.84,Utilities
TXN667059,xbox live payment #3064,2650.3,Entertainment
TXN857505,tata cliq payment #2615,4033.8,Shopping
TXN790897,vistara airlines payment #2809,571.66,Travel & Transport
TXN749498,d mart payment #6154,4225.73,Shopping
TXN186686,shoppers stop payment #8272,2494.63,Shopping
TXN815894,tata cliq payment #7184,1940.66,Shopping
TXN719446,indianoil payment #3611,608.19,Fuel
TXN160244,pvr cinemas payment #9591,442.9,Entertainment
TXN960394,sbi card payment payment #8541,1813.33,Financial Services
TXN912323,talwalkars gym payment #2830,480.9,Health & Fitness
28,ajio online shopping,220.0,Shopping
TXN498855,bajaj finance emi payment #4697,3900.9,Financial Services
TXN138817,incentive payment payment #3492,2527.11,Financial Services
TXN311383,cafe coffee day payment #8498,281.22,Food & Dining
56,dominos food delivery,19.5,Food & Dining
TXN878086,chai sutta bar payment #6802,453.17,Food & Dining
TXN518373,reversal charge payment #4295,3593.45,Financial Services
TXN428957,dunzo payment #9174,561.16,Groceries
TXN278243,essar petrol payment #9311,1570.95,Fuel
TXN921934,heritage fresh payment #8790,2723.98,Groceries
TXN656251,brewberrys cafe payment #1502,549.61,Food & Dining
TXN337798,pharmeasy payment #3813,3967.41,Health & Fitness
TXN422002,essar petrol payment #4659,3746.63,Fuel
TXN845951,meesho payment #3174,1323.42,Shopping
TXN323508,icici emi payment payment #2638,458.98,Financial Services
48,maketravels flight ticket,3500.0,Travel & Transport
107,mubi subscription,11.99,Entertainment
TXN642479,spotify payment #1162,3616.37,Entertainment
TXN205345,tata cliq payment #4559,524.77,Shopping
TXN238327,fortis hospital payment #6557,4401.69,Health & Fitness
TXN495648,healthspring payment #3980,2028.12,Health & Fitness
TXN810078,decathlon payment #7492,2615.95,Shopping
TXN405221,apple music payment #8239,3510.18,Bills & Subscriptions
TXN557629,pharmeasy payment #3679,3559.22,Health & Fitness
TXN197429,bescom electricity payment #8629,2882.17,Utilities
TXN847251,airtel recharge payment #3930,2323.04,Utilities
TXN842287,tanishq payment #3877,685.27,Shopping
TXN745533,bsnl bill payment #9145,3015.39,Utilities
TXN738093,figma pro payment #2106,1742.02,Bills & Subscriptions
TXN750618,nature's basket payment #7317,4877.82,Groceries
TXN595951,atm cash removal payment #1715,1659.06,Financial Services
TXN346249,apollo pharmacy payment #1853,1731.03,Health & Fitness
TXN508422,nayara energy payment #8094,1650.38,Fuel
TXN185362,alt balaji payment #9011,1125.26,Entertainment
TXN936116,reliance fresh payment #6071,2780.97,Groceries
TXN630108,paradise biryani payment #9692,1545.0,Food & Dining
TXN960307,orix cabs payment #3338,3993.62,Travel & Transport
TXN599250,prime membership payment #2333,1806.84,Bills & Subscriptions
61,apollo health & wellness,220.0,Health & Fitness
TXN322367,jiomart grocery payment #2377,1836.69,Groceries
TXN685066,behrouz biryani payment #2079,1715.48,Food & Dining
93,makemytrip hotel,2500.0,Travel & Transport
TXN841995,chai sutta bar payment #3827,291.8,Food & Dining
TXN761297,airtel digital tv payment #2449,1301.63,Utilities
TXN712982,bhim upi payment #9830,1387.43,Financial Services
TXN458388,uber payment #5590,1205.36,Travel & Transport
TXN125990,incentive payment payment #3900,4418.94,Financial Services
TXN547952,flipkart payment #3869,3167.37,Shopping
TXN615607,act fibernet payment #3915,2258.82,Utilities
TXN130477,airtel digital tv payment #3881,874.42,Utilities
TXN776681,zee5 premium payment #1462,3517.61,Bills & Subscriptions
TXN127560,kfc payment #4878,3972.83,Food & Dining
TXN799061,viva fitness gym payment #7557,1844.88,Health & Fitness
TXN213611,dunzo payment #2406,983.34,Groceries
43,medplus pharmacy,250.0,Health & Fitness
TXN272117,cult fit payment #5965,4435.03,Health & Fitness
251,upi autopay mandate debit,450.0,Financial Services
TXN494956,makemytrip payment #9918,2893.78,Travel & Transport
TXN599164,dr lal pathlabs payment #5225,3177.18,Health & Fitness
TXN587853,inox movies payment #4771,2961.41,Entertainment
69,hp fuel,55.0,Fuel
TXN242371,adani electricity payment #8155,4877.38,Utilities
TXN791274,microsoft 365 payment #5900,4923.51,Bills & Subscriptions
TXN212002,medplus payment #7928,1168.24,Health & Fitness
173,swiggy grocery delivery,16.5,Food & Dining
TXN377319,dominos payment #8060,756.28,Food & Dining
TXN129514,talwalkars gym payment #5660,1670.37,Health & Fitness
TXN416298,1mg payment #5145,312.08,Health & Fitness
TXN633469,starbucks payment #3852,3989.11,Food & Dining
TXN182804,atm fee payment #3950,932.92,Financial Services
TXN840282,tata cliq payment #3826,4087.32,Shopping
TXN181961,coursera plus payment #4348,1257.92,Bills & Subscriptions
212,incentive payment from company,8000.0,Financial Services
295,gst debit on banking services,40.0,Financial Services
TXN520245,essar petrol payment #6615,996.06,Fuel
TXN352194,bescom electricity payment #2605,2316.96,Utilities
TXN992288,icici atm payment #6511,240.63,Financial Services
TXN275512,amazon prime video payment #5739,3299.99,Entertainment
TXN480941,bpcl fuel outlet payment #8751,3611.62,Fuel
TXN503472,1mg payment #6375,2519.19,Health & Fitness
TXN558976,bharatpetrol payment #6384,1851.88,Fuel
TXN696053,urban company payment #1202,709.1,Others
TXN615530,cult fit payment #1209,4993.74,Health & Fitness
TXN910004,bank service charge payment #4978,599.32,Financial Services
TXN827967,1mg payment #4643,730.7,Health & Fitness
TXN878325,chayos payment #9850,2153.72,Food & Dining
TXN596894,youtube premium payment #2573,1842.36,Bills & Subscriptions
TXN329412,jiomart grocery payment #2731,4579.21,Groceries
TXN441013,amazon prime video payment #3440,4345.09,Entertainment
TXN502460,airtel digital tv payment #3605,4872.07,Utilities
TXN517500,kfc payment #2412,422.17,Food & Dining
TXN598216,phonepe upi payment #1400,326.45,Financial Services
282,refund from uber via upi,150.0,Financial Services
TXN694438,easyday club payment #2228,4794.28,Groceries
TXN104792,bsnl bill payment #5934,1804.48,Utilities
TXN838797,icici credit card payment #6925,2929.03,Financial Services
TXN336422,starbucks payment #6286,4680.22,Food & Dining
TXN201013,cult fit payment #5960,3147.64,Health & Fitness
TXN778998,atm fee payment #7071,437.89,Financial Services
TXN711046,thai pavilion payment #3463,1733.47,Food & Dining
296,refund for failed card transaction,600.0,Financial Services
TXN319927,talwalkars gym payment #9700,2428.81,Health & Fitness
TXN251884,goibibo payment #8598,3195.39,Travel & Transport
TXN215674,talwalkars gym payment #6149,705.72,Health & Fitness
TXN112782,dr lal pathlabs payment #7056,1991.95,Health & Fitness
TXN210412,nilgiris supermarket payment #1130,857.35,Groceries
TXN240082,bigbasket payment #6937,2836.03,Groceries
TXN428580,easyday club payment #9644,2618.24,Groceries
TXN725113,incentive payment payment #5232,1767.66,Financial Services
TXN316818,yatra travels payment #4834,309.76,Travel & Transport
TXN632280,chai sutta bar payment #9914,2585.91,Food & Dining
TXN801279,google one payment #2999,2497.17,Bills & Subscriptions
TXN985874,reliance fresh payment #8222,1896.99,Groceries
TXN540538,airtel digital tv payment #3163,2422.13,Utilities
TXN283919,tneb payment payment #8317,1911.86,Utilities
TXN594988,youtube premium payment #6269,1138.69,Bills & Subscriptions
TXN352867,bharatpetrol payment #2640,1314.5,Fuel
83,swiggy grocery,18.0,Food & Dining
TXN250202,zee5 premium payment #7968,4706.98,Bills & Subscriptions
TXN782524,zee5 premium payment #7032,3512.63,Bills & Subscriptions
TXN323095,uber payment #7637,3869.08,Travel & Transport
TXN691088,municipal water tax payment #5981,3662.16,Utilities
TXN569237,makemytrip payment #6898,4812.09,Travel & Transport
TXN607938,jio fiber payment #2204,2407.85,Utilities
TXN163156,atm cash removal payment #6003,2886.28,Financial Services
TXN708093,reversal charge payment #5891,4203.63,Financial Services
TXN258157,sbi atm payment #9849,494.83,Financial Services
TXN932291,atm fee payment #4501,2604.75,Financial Services
TXN495476,canva pro payment #5483,148.33,Bills & Subscriptions
TXN513989,viva fitness gym payment #2392,684.17,Health & Fitness
TXN122390,yatra travels payment #8187,3692.63,Travel & Transport
TXN334903,donation payment payment #9856,1721.51,Others
TXN349068,burger king payment #6968,3414.18,Food & Dining
TXN381631,shell payment #1807,3754.17,Fuel
63,gujarat gas bill,1300.0,Utilities
TXN114768,brewberrys cafe payment #5215,3621.13,Food & Dining
TXN487743,nature's basket payment #1870,2262.57,Groceries
TXN602577,youtube premium payment #3626,3364.4,Bills & Subscriptions
TXN494763,reliance petrol pump payment #5511,2176.65,Fuel
270,upi transfer for hospital payment,4500.0,Financial Services
TXN950874,medplus payment #6504,2533.98,Health & Fitness
TXN101773,amazonpay upi payment #1727,3573.05,Financial Services
TXN265146,tata play dth payment #2927,1436.01,Utilities
TXN296972,reliance fresh payment #7458,3468.1,Groceries
TXN602028,nobroker services payment #2320,4448.84,Others
TXN877468,dmart ready payment #2595,1723.46,Groceries
TXN614889,nature's basket payment #4407,2014.92,Groceries
10,myntra online shopping,320.5,Shopping
TXN664271,xbox live payment #9011,3836.08,Entertainment
TXN523533,torrent power payment #9039,2442.88,Utilities
TXN334665,adani electricity payment #8625,2405.67,Utilities
TXN150068,faasos payment #4893,1575.64,Food & Dining
TXN207473,bhim upi payment #4657,783.74,Financial Services
TXN227885,makemytrip payment #7251,4158.44,Travel & Transport
TXN760356,bajaj finance emi payment #2193,2331.54,Financial Services
TXN834733,abhibus payment #5122,4708.14,Travel & Transport
TXN818113,reliance trends payment #9180,2798.15,Shopping
TXN482755,microsoft 365 payment #7941,1666.25,Bills & Subscriptions
TXN961010,gaana plus payment #4425,134.96,Entertainment
TXN897846,bescom electricity payment #4437,3790.55,Utilities
TXN933853,google one payment #6328,411.14,Bills & Subscriptions
TXN893969,hpcl pump payment #3415,689.38,Fuel
TXN667430,inox movies payment #6098,2959.96,Entertainment
TXN661307,hathway broadband payment #8898,693.9,Utilities
TXN469685,wow momo payment #8325,307.54,Food & Dining
41,jio cinema subscription,29.99,Bills & Subscriptions
TXN653829,v mart payment #2341,2674.98,Shopping
TXN803176,zee5 premium payment #8803,4762.37,Bills & Subscriptions
TXN551607,neft transfer payment #5806,1856.47,Financial Services
TXN886343,canva pro payment #4041,1084.61,Bills & Subscriptions
TXN170997,dmart ready payment #2923,4563.16,Groceries
TXN612357,prime membership payment #6711,2597.08,Bills & Subscriptions
TXN234618,bharatpetrol payment #3845,3679.42,Fuel
TXN282313,tanishq payment #5262,4118.44,Shopping
TXN331241,h&m india payment #1505,3999.82,Shopping
TXN299312,bank a/c transfer payment #7311,4507.57,Financial Services
TXN739427,pizza hut payment #8199,2667.94,Food & Dining
TXN885884,salary credit payment #7658,4871.8,Financial Services
TXN570646,meesho payment #2430,1018.22,Shopping
TXN495323,spotify premium payment #2059,3255.53,Bills & Subscriptions
TXN532368,ioc fuel station payment #1291,602.95,Fuel
TXN484682,nykaa payment #9898,4134.09,Shopping
TXN950544,icici emi payment payment #1878,843.46,Financial Services
TXN311524,bigbasket payment #6064,1019.94,Groceries
TXN306012,essar petrol payment #9955,3718.41,Fuel
TXN591246,dmart ready payment #2531,1809.8,Groceries
TXN704677,makemytrip payment #7518,1188.25,Travel & Transport
TXN505343,reliance petrol pump payment #2480,1496.84,Fuel
TXN771670,cult fit payment #5303,1570.83,Health & Fitness
TXN375617,yatra travels payment #5254,1017.05,Travel & Transport
TXN946699,dunzo payment #4794,4433.57,Groceries
TXN578621,shell payment #1944,1322.5,Fuel
TXN263568,abhibus payment #4271,3458.26,Travel & Transport
TXN766275,essar petrol payment #8605,2575.12,Fuel
TXN711486,unknown payment #6769,4850.75,Others
TXN174200,donation payment payment #1579,1794.64,Others
80,hoichoi subscription,49.99,Entertainment
TXN433451,bharatpetrol payment #3885,1259.1,Fuel
TXN711868,brewberrys cafe payment #4728,3634.86,Food & Dining
TXN846490,tneb payment payment #2276,3722.9,Utilities
TXN385959,dr lal pathlabs payment #1606,1089.75,Health & Fitness
TXN422763,microsoft 365 payment #7113,1981.78,Bills & Subscriptions
TXN479052,spencer’s retail payment #2022,4688.65,Groceries
TXN473276,pharmeasy payment #6917,2155.62,Health & Fitness
168,indian oil xtrafuel,43.0,Fuel
TXN993892,tata cliq payment #6051,2370.4,Shopping
TXN116495,flipkart payment #8916,3330.49,Shopping
TXN668471,pantaloons payment #4015,4592.81,Shopping
TXN281594,chai sutta bar payment #7173,1637.39,Food & Dining
TXN664032,airindia payment #9409,4787.88,Travel & Transport
TXN489043,hp petrol payment #9914,1998.88,Fuel
TXN313446,credit card pos payment #8242,3823.95,Financial Services
TXN391772,parking charges payment #4451,2209.63,Others
TXN993796,zee5 subscription payment #7706,4500.52,Entertainment
TXN441806,torrent power payment #8287,3004.26,Utilities
TXN134191,xbox live payment #4483,2331.62,Entertainment
TXN926045,airtel recharge payment #6558,374.67,Utilities
TXN499371,indianoil payment #9564,621.71,Fuel
TXN891030,tata cliq payment #4839,2744.82,Shopping
TXN465746,cafe coffee day payment #9011,1653.5,Food & Dining
TXN561697,unknown payment #4018,3453.76,Others
TXN946906,inox movies payment #2340,4412.48,Entertainment
TXN649855,uber payment #7266,365.23,Travel & Transport
TXN722776,dunzo payment #2208,2436.45,Groceries
TXN509573,dmart ready payment #3401,1669.25,Groceries
TXN516802,bigbasket payment #4116,3729.5,Groceries
TXN910389,brewberrys cafe payment #2234,968.02,Food & Dining
219,atm decline fee,30.0,Financial Services
39,ola ride,38.0,Travel & Transport
TXN178409,misc payment payment #3586,4843.76,Others
TXN352249,burger king payment #1025,3112.57,Food & Dining
91,lifestyle shopping,280.25,Shopping
TXN746582,housejoy payment #6515,2998.24,Others
TXN529161,essar petrol payment #4367,4874.55,Fuel
TXN843670,disney plus hotstar payment #8110,128.47,Bills & Subscriptions
TXN231211,jiomart grocery payment #7185,4891.84,Groceries
TXN838568,vodafone idea recharge payment #6218,1428.16,Utilities
TXN816400,nayara energy payment #9128,244.46,Fuel
TXN410401,reliance petrol pump payment #4787,2338.08,Fuel
263,upi transfer to cousin,700.0,Financial Services
TXN851413,bank service charge payment #3522,2542.04,Financial Services
TXN158639,ola payment #7251,484.54,Travel & Transport
TXN429795,company reimbursement payment #1601,2328.65,Financial Services
TXN522253,nobroker services payment #4177,1540.63,Others
TXN725376,bsnl bill payment #2781,3458.99,Utilities
TXN133875,reliance petrol pump payment #4342,3792.61,Fuel
TXN960072,goibibo payment #1941,4734.01,Travel & Transport
TXN622600,xbox live payment #8233,3833.63,Entertainment
TXN941496,dunzo payment #8698,566.09,Groceries
TXN187649,talwalkars gym payment #5553,1059.01,Health & Fitness
TXN701581,tnstc bus service payment #6142,1832.34,Travel & Transport
TXN830302,reliance petrol pump payment #2009,840.54,Fuel
TXN766216,microsoft 365 payment #3177,1727.03,Bills & Subscriptions
TXN541875,society maintenance payment #1491,258.15,Others
TXN493172,indianoil payment #9468,4128.33,Fuel
TXN301238,dr lal pathlabs payment #4907,656.44,Health & Fitness
TXN331039,jiomart grocery payment #5240,1586.71,Groceries
TXN414889,abhibus payment #4817,1355.59,Travel & Transport
TXN468292,nayara energy payment #9078,4420.68,Fuel
TXN346269,redbus payment #9175,3711.85,Travel & Transport
TXN749310,irl events india payment #8014,4411.7,Entertainment
TXN666820,reliance trends payment #7375,3417.47,Shopping
TXN734229,amazon prime video payment #2048,4140.45,Entertainment
TXN505785,zomato payment #4048,2545.32,Food & Dining
TXN570046,canva pro payment #5966,1498.23,Bills & Subscriptions
281,reversal of atm service charge,25.0,Financial Services
TXN295892,pizza hut payment #7334,1761.28,Food & Dining
TXN441203,urban company payment #7874,4849.87,Others
TXN296242,nayara energy payment #3831,1834.32,Fuel
TXN835473,nilgiris supermarket payment #7958,1921.25,Groceries
TXN855009,irl events india payment #7181,2428.61,Entertainment
TXN963918,indianoil payment #8005,529.38,Fuel
TXN477943,d mart payment #5489,557.37,Shopping
TXN848152,dr lal pathlabs payment #9177,1464.74,Health & Fitness
TXN999312,tata cliq payment #1266,708.76,Shopping
TXN824061,zee5 subscription payment #7608,3837.92,Entertainment
TXN344068,bpcl fuel outlet payment #6856,3857.53,Fuel
TXN213844,abhibus payment #7196,1988.76,Travel & Transport
TXN295937,canva pro payment #3498,3673.32,Bills & Subscriptions
TXN512151,ajio payment #3924,4964.95,Shopping
185,jio data plan,150.0,Bills & Subscriptions
TXN570777,society maintenance payment #8932,3065.57,Others
TXN948102,chai sutta bar payment #8668,1436.9,Food & Dining
TXN903562,adobe creative cloud payment #4666,4665.72,Bills & Subscriptions
TXN592972,haldirams payment #1333,2013.22,Food & Dining
TXN599555,misc payment payment #9182,4677.75,Others
TXN879243,bookmyshow payment #8283,145.88,Entertainment
TXN946335,hdfc atm payment #6635,3058.26,Financial Services
76,subhiksha groceries,320.75,Groceries
TXN794447,xbox live payment #8417,1437.76,Entertainment
TXN940346,bhim upi payment #2988,2336.66,Financial Services
TXN411152,bigbasket payment #1729,603.8,Groceries
TXN166670,1mg payment #6143,3047.84,Health & Fitness
TXN694191,urban company payment #5997,519.43,Others
TXN724377,debit card payment payment #9702,4940.67,Financial Services
TXN919378,nayara energy payment #4532,2339.53,Fuel
TXN934515,society maintenance payment #3263,3067.17,Others
TXN188501,airtel digital tv payment #1542,1779.96,Utilities
TXN573962,wow momo payment #9408,3008.96,Food & Dining
TXN966985,max healthcare payment #6285,4374.97,Health & Fitness
TXN104324,bpcl fuel outlet payment #4122,187.79,Fuel
TXN427305,act fibernet payment #1368,2930.04,Utilities
TXN315379,westside payment #8239,669.58,Shopping
TXN631607,donation payment payment #3955,2922.59,Others
TXN988765,society maintenance payment #6259,4196.4,Others
TXN558600,max healthcare payment #2375,1524.44,Health & Fitness
TXN901387,tnstc bus service payment #5501,2504.95,Travel & Transport
37,nykaa beauty products,600.0,Shopping
TXN932106,prime membership payment #3553,4116.06,Bills & Subscriptions
TXN787036,unknown payment #6146,1813.37,Others
TXN478798,max healthcare payment #3226,2529.5,Health & Fitness
TXN623502,nature's basket payment #2702,1428.36,Groceries
TXN242071,pantaloons payment #4203,2343.52,Shopping
TXN781433,yatra travels payment #4259,2926.58,Travel & Transport
TXN617326,tata cliq payment #7033,2999.29,Shopping
TXN216793,notion subscription payment #2895,1525.78,Bills & Subscriptions
TXN927119,apollo pharmacy payment #1895,3484.34,Health & Fitness
TXN743241,inox movies payment #4137,540.84,Entertainment
TXN828813,act fibernet payment #5738,920.79,Utilities
TXN843266,brewberrys cafe payment #7421,731.86,Food & Dining
TXN304568,notion subscription payment #5626,3512.24,Bills & Subscriptions
TXN889882,haldirams payment #8756,1341.24,Food & Dining
TXN672661,atm cash removal payment #9818,3762.83,Financial Services
TXN332542,orix cabs payment #2444,413.99,Travel & Transport
TXN772925,redbus payment #2617,255.9,Travel & Transport
TXN301603,thai pavilion payment #5331,3089.38,Food & Dining
TXN467121,subway payment #4674,4251.65,Food & Dining
121,bigbasket groceries,450.0,Groceries
TXN795205,imps transfer payment #7455,3000.27,Financial Services
TXN555251,redbus payment #2850,1256.23,Travel & Transport
TXN243110,notion subscription payment #2878,3574.59,Bills & Subscriptions
TXN430108,urbanclap payment #6930,1231.36,Others
90,bses rajdhani bill,1150.0,Utilities
TXN454375,apple music payment #7115,4851.67,Bills & Subscriptions
TXN356709,bigbasket payment #1934,3731.11,Groceries
TXN567220,pharmeasy payment #6651,1821.64,Health & Fitness
TXN242321,faasos payment #9047,1080.87,Food & Dining
TXN935741,amazon prime video payment #4046,1291.45,Entertainment
TXN896456,irctc payment #6544,4661.16,Travel & Transport
12,makemytrip hotel booking,2800.0,Travel & Transport
TXN454233,amazon prime video payment #6074,2872.24,Entertainment
TXN503457,incentive payment payment #7916,3022.4,Financial Services
TXN780432,nykaa payment #2350,1922.03,Shopping
TXN181586,ioc fuel station payment #3304,1722.73,Fuel
TXN189261,hpcl pump payment #7456,2732.05,Fuel
TXN282450,parking charges payment #4876,616.62,Others
TXN696799,nobroker services payment #7162,4382.49,Others
TXN517302,disney plus hotstar payment #4432,4657.08,Bills & Subscriptions
TXN695034,bigbasket payment #6388,1147.48,Groceries
TXN372387,airindia payment #8370,3748.51,Travel & Transport
TXN181865,spotify payment #8802,1152.44,Entertainment
TXN382089,prime membership payment #6642,4089.72,Bills & Subscriptions
TXN592584,spencer’s retail payment #3452,3850.55,Groceries
TXN924566,irctc payment #4638,2216.48,Travel & Transport
TXN581206,dominos payment #6417,896.22,Food & Dining
TXN704864,gold’s gym india payment #9457,4327.28,Health & Fitness
TXN403314,flipkart payment #3295,2569.09,Shopping
TXN802685,hdfc atm payment #7690,1733.21,Financial Services
TXN211222,1mg payment #7458,1930.44,Health & Fitness
TXN988980,torrent power payment #5705,2192.56,Utilities
TXN751332,sbi card payment payment #2188,145.65,Financial Services
TXN235073,prime membership payment #6149,702.92,Bills & Subscriptions
TXN925981,salary credit payment #7798,1765.39,Financial Services
TXN446968,hp petrol payment #9055,1671.11,Fuel
TXN579776,d mart payment #6993,1697.33,Shopping
TXN276394,microsoft 365 payment #7997,3429.28,Bills & Subscriptions
TXN961866,misc payment payment #6463,3012.26,Others
TXN417078,misc payment payment #3303,3114.52,Others
TXN237259,disney plus hotstar payment #9978,2029.49,Bills & Subscriptions
TXN222930,more supermarket payment #1915,3760.28,Groceries
TXN607157,municipal water tax payment #9666,4937.23,Utilities
TXN810360,pvr cinemas payment #2657,202.87,Entertainment
TXN288646,airtel digital tv payment #9154,2513.27,Utilities
TXN863933,columbia asia payment #3409,4017.92,Health & Fitness
TXN470858,atm fee payment #5088,3367.97,Financial Services
TXN527847,transfer payment #1085,1861.85,Others
TXN205885,indianoil payment #5933,2162.27,Fuel
TXN686179,ola payment #8951,3562.47,Travel & Transport
TXN702733,bhim upi payment #7248,2902.42,Financial Services
TXN311697,inox movies payment #3257,702.62,Entertainment
TXN276358,bookmyshow payment #3332,1929.2,Entertainment
TXN658272,netflix payment #5553,4600.12,Entertainment
TXN729557,apollo pharmacy payment #7570,3128.22,Health & Fitness
TXN693677,reliance fresh payment #5745,322.68,Groceries
TXN962520,hp petrol payment #8133,1089.4,Fuel
TXN250753,bigbasket payment #5505,506.52,Groceries
TXN743684,myntra payment #6580,3065.33,Shopping
TXN825104,tneb payment payment #5659,3094.34,Utilities
TXN218327,medplus payment #9425,1215.02,Health & Fitness
TXN267914,reliance trends payment #9454,954.82,Shopping
TXN163406,amazon payment #5295,1157.14,Shopping
TXN313660,blinkit payment #3605,4748.63,Groceries
TXN953929,coursera plus payment #2806,2308.24,Bills & Subscriptions
TXN447704,h&m india payment #7547,4837.37,Shopping
TXN414985,tnstc bus service payment #2562,3016.63,Travel & Transport
199,myglamm shopping,300.0,Shopping
TXN108739,housejoy payment #5725,639.93,Others
TXN362285,youtube premium payment #3549,3870.29,Bills & Subscriptions
TXN728204,zee5 premium payment #2922,985.25,Bills & Subscriptions
TXN566297,swiggy payment #7070,1164.62,Food & Dining
TXN576728,yatra travels payment #7358,2401.4,Travel & Transport
TXN400814,behrouz biryani payment #3392,774.24,Food & Dining
TXN516774,ioc fuel station payment #2892,1610.93,Fuel
TXN910065,reliance trends payment #6224,2929.63,Shopping
TXN385470,sms charge payment #5982,3528.7,Financial Services
TXN194511,swiggy payment #6977,3688.56,Food & Dining
TXN819380,ajio payment #2481,872.32,Shopping
TXN679958,tanishq payment #6090,1703.77,Shopping
TXN325667,apple music payment #5910,4294.82,Bills & Subscriptions
TXN355570,company reimbursement payment #8905,4903.2,Financial Services
TXN728437,swiggy payment #4612,2036.79,Food & Dining
TXN196402,spencer’s retail payment #3569,1431.96,Groceries
TXN676802,ksrtc bus payment #6772,4522.18,Travel & Transport
TXN507723,croma payment #8365,3001.8,Shopping
TXN800007,bescom electricity payment #7995,3491.89,Utilities
TXN371393,decathlon payment #2376,2953.39,Shopping
TXN568957,disney plus hotstar payment #3948,126.09,Bills & Subscriptions
TXN986159,freelancer payment payment #5806,362.33,Others
124,health club membership,1500.0,Health & Fitness
TXN929924,paradise biryani payment #8126,1445.32,Food & Dining
TXN577328,transfer payment #4069,1727.56,Others
TXN487896,tneb payment payment #7801,923.45,Utilities
TXN246622,decathlon payment #8035,1641.07,Shopping
TXN217683,jio fiber payment #9603,1581.36,Utilities
TXN513697,thai pavilion payment #9899,1960.5,Food & Dining
133,cult.fit fitness,1000.0,Health & Fitness
TXN591699,behrouz biryani payment #3473,2254.84,Food & Dining
TXN244455,spencer’s retail payment #5422,3523.46,Groceries
TXN130990,blinkit payment #2992,1044.94,Groceries
TXN126775,urban company payment #3458,4568.18,Others
TXN225812,kfc payment #5186,1518.29,Food & Dining
TXN378361,bank a/c transfer payment #5279,974.98,Financial Services
TXN910620,rtgs transfer payment #1750,3340.19,Financial Services
TXN856729,microsoft 365 payment #8652,1626.17,Bills & Subscriptions
TXN865263,spencer’s retail payment #3550,2285.67,Groceries
TXN877306,microsoft 365 payment #3960,1791.35,Bills & Subscriptions
TXN142211,canva pro payment #2813,1028.88,Bills & Subscriptions
47,foodpanda delivery,28.0,Food & Dining
TXN880523,urbanclap payment #8056,1861.16,Others
TXN726979,shoppers stop payment #7176,462.43,Shopping
TXN515182,tata cliq payment #6049,3644.07,Shopping
TXN744274,barbeque nation payment #3050,3162.61,Food & Dining
TXN718372,bpcl fuel outlet payment #7782,4856.46,Fuel
TXN789233,amazon payment #6488,107.16,Shopping
5,netflix subscription,14.99,Bills & Subscriptions
TXN524778,heritage fresh payment #6131,3298.23,Groceries
TXN100096,makemytrip payment #3551,1587.51,Travel & Transport
TXN158232,talwalkars gym payment #5635,1683.54,Health & Fitness
TXN453723,blinkit payment #8703,2116.46,Groceries
TXN919506,housejoy payment #8069,2440.2,Others
TXN889256,playstation store payment #6613,3212.33,Entertainment
TXN591190,jiomart grocery payment #2264,4101.14,Groceries
TXN857524,amazon payment #3688,2256.49,Shopping
TXN155040,chai sutta bar payment #4697,3225.93,Food & Dining
TXN244247,subway payment #4145,1210.06,Food & Dining
TXN880550,goibibo payment #6465,2500.67,Travel & Transport
TXN594392,xbox live payment #8295,4822.95,Entertainment
TXN124368,alt balaji payment #5909,1697.79,Entertainment
TXN752944,zee5 subscription payment #8755,673.01,Entertainment
TXN411762,medplus payment #5708,1399.26,Health & Fitness
TXN970708,meesho payment #2989,158.59,Shopping
TXN419149,kfc payment #1742,4736.68,Food & Dining
51,bp fuel,42.0,Fuel
TXN894068,firstcry payment #5833,2882.13,Shopping
TXN139448,jio fiber payment #3859,3091.64,Utilities
TXN352603,google one payment #8899,3346.95,Bills & Subscriptions
TXN910326,act fibernet payment #5532,2708.15,Utilities
TXN324381,brewberrys cafe payment #5201,3761.96,Food & Dining
TXN181670,shoppers stop payment #6241,1429.16,Shopping
TXN594596,indianoil payment #5602,387.1,Fuel
TXN813213,zee5 subscription payment #7666,1442.77,Entertainment
TXN870033,torrent power payment #3740,1133.2,Utilities
TXN188813,tanishq payment #7779,2000.22,Shopping
TXN721418,canva pro payment #3057,549.62,Bills & Subscriptions
TXN597732,debit card payment payment #3607,3743.91,Financial Services
TXN769795,amazon prime video payment #4594,4607.77,Entertainment
TXN938603,playstation store payment #6902,4000.27,Entertainment
20,domino's pizza delivery,18.5,Food & Dining
TXN453123,chayos payment #9626,284.96,Food & Dining
36,adani power bill,1100.0,Utilities
TXN203428,canva pro payment #4160,3552.83,Bills & Subscriptions
TXN580614,transfer payment #8666,4423.88,Others
TXN770242,notion subscription payment #1866,4600.36,Bills & Subscriptions
TXN795928,sms charge payment #7246,1991.79,Financial Services
TXN647098,alt balaji payment #1866,4790.73,Entertainment
TXN332022,firstcry payment #7781,324.01,Shopping
TXN598424,tata play dth payment #8987,248.29,Utilities
TXN637566,airtel digital tv payment #1176,2397.46,Utilities
TXN827712,bank service charge payment #2646,2274.02,Financial Services
TXN894520,microsoft 365 payment #8756,4952.54,Bills & Subscriptions
TXN800722,tnstc bus service payment #3315,3505.85,Travel & Transport
TXN146777,donation payment payment #1510,885.53,Others
TXN539459,reliance fresh payment #4253,1811.45,Groceries
292,upi merchant payment - chicken shop,420.0,Financial Services
TXN462147,behrouz biryani payment #6231,3697.58,Food & Dining
TXN795556,essar petrol payment #4624,4428.64,Fuel
TXN531077,zee5 subscription payment #2570,3124.78,Entertainment
201,imps transfer to hdfc bank account,1500.0,Financial Services
TXN733870,nature's basket payment #2389,4488.37,Groceries
TXN889410,ola payment #7436,4858.1,Travel & Transport
TXN137150,zee5 premium payment #9446,4146.06,Bills & Subscriptions
TXN457455,kritunga payment #7163,2157.18,Food & Dining
TXN416900,apple music payment #7993,1339.07,Bills & Subscriptions
TXN550592,nobroker services payment #7180,3507.66,Others
TXN264550,hpcl pump payment #1894,157.06,Fuel
TXN962367,wow momo payment #5295,2964.34,Food & Dining
TXN635608,misc payment payment #4464,4059.37,Others
TXN267666,torrent power payment #9383,3099.16,Utilities
TXN138328,adani electricity payment #3174,1105.42,Utilities
TXN126135,max healthcare payment #5940,695.3,Health & Fitness
156,goair flight booking,1600.0,Travel & Transport
TXN443005,misc payment payment #4644,3664.07,Others
TXN897273,tata play dth payment #8513,2149.3,Utilities
TXN528178,jiomart grocery payment #5326,3638.19,Groceries
TXN963539,tata cliq payment #6484,2210.02,Shopping
TXN214939,transfer payment #8435,1545.21,Others
237,upi transfer to tuition teacher,2000.0,Financial Services
TXN317722,zara india payment #6870,4826.71,Shopping
TXN825309,pantaloons payment #7566,2718.4,Shopping
TXN535050,pizza hut payment #6727,4659.31,Food & Dining
TXN518098,burger king payment #6553,4154.35,Food & Dining
227,icici credit card bill payment,8500.5,Financial Services
TXN891952,atm cash removal payment #4470,4651.68,Financial Services
TXN368735,bookmyshow payment #3064,3223.08,Entertainment
TXN496129,misc payment payment #4175,4611.17,Others
TXN608913,zara india payment #3139,2874.1,Shopping
TXN742525,urbanclap payment #9957,1375.33,Others
TXN485570,local technician payment #2933,4496.02,Others
TXN131127,bookmyshow payment #6896,315.13,Entertainment
TXN181724,ajio payment #1017,1145.76,Shopping
TXN544407,netflix payment #4696,4892.67,Entertainment
TXN900527,columbia asia payment #9443,2320.82,Health & Fitness
TXN879850,hp petrol payment #4734,758.49,Fuel
17,bookmyshow tickets,150.0,Entertainment
TXN706472,reliance fresh payment #8361,3230.69,Groceries
TXN140220,parking charges payment #6157,4472.14,Others
TXN462351,hdfc loan emi payment #3588,461.92,Financial Services
TXN425486,swiggy payment #6766,2585.95,Food & Dining
TXN135399,dunzo payment #8363,919.52,Groceries
TXN258898,heritage fresh payment #1612,1521.58,Groceries
TXN976129,blinkit payment #2356,1829.75,Groceries
TXN431246,blablacar payment #4365,3470.06,Travel & Transport
TXN572436,amazon payment #5478,3939.39,Shopping
TXN549788,notion subscription payment #8961,504.81,Bills & Subscriptions
TXN792956,dr lal pathlabs payment #7766,562.97,Health & Fitness
TXN483713,chayos payment #6992,3842.9,Food & Dining
272,upi payment for medicines,620.0,Financial Services
TXN442220,medplus payment #8306,1851.23,Health & Fitness
TXN158743,bescom electricity payment #7782,4646.17,Utilities
TXN635118,inox movies payment #4485,2967.28,Entertainment
TXN150633,urbanclap payment #5871,2517.14,Others
TXN516866,cult fit payment #6296,4874.56,Health & Fitness
TXN534313,cult fit payment #7944,3670.17,Health & Fitness
TXN914504,abhibus payment #4970,451.06,Travel & Transport
TXN423896,prime membership payment #1562,3034.51,Bills & Subscriptions
TXN406849,d mart payment #6302,4897.1,Shopping
TXN177680,bank a/c transfer payment #2070,2063.47,Financial Services
TXN246748,firstcry payment #7288,3802.49,Shopping
TXN942678,urban company payment #2908,4845.35,Others
TXN889013,spotify premium payment #6045,3696.27,Bills & Subscriptions
TXN396323,unknown payment #3076,2248.92,Others
TXN181644,swiggy payment #8147,191.83,Food & Dining
TXN812052,freelancer payment payment #3866,1400.02,Others
TXN947438,hp petrol payment #2404,3373.89,Fuel
TXN623125,indianoil payment #5026,3271.66,Fuel
TXN396567,nayara energy payment #5203,2747.16,Fuel
TXN777663,dmart ready payment #2225,2912.35,Groceries
TXN389939,yatra travels payment #6693,4820.11,Travel & Transport
TXN371638,urbanclap payment #1996,4763.35,Others
TXN578073,indianoil payment #5885,4747.47,Fuel
TXN956437,unknown payment #3282,1100.74,Others
TXN297209,google one payment #1732,1261.79,Bills & Subscriptions
TXN938817,orix cabs payment #4924,2631.39,Travel & Transport
207,amazon pay upi grocery purchase,450.2,Financial Services
TXN371222,redbus payment #9952,2664.0,Travel & Transport
TXN979414,flipkart payment #2600,2241.73,Shopping
TXN888395,google one payment #1785,936.66,Bills & Subscriptions
TXN678235,misc payment payment #5529,4495.52,Others
TXN706403,nykaa payment #1049,3754.44,Shopping
TXN810638,jio fiber payment #4193,2647.77,Utilities
TXN178628,heritage fresh payment #9723,4364.25,Groceries
TXN183952,municipal water tax payment #8889,4812.51,Utilities
TXN693943,1mg payment #6518,1439.49,Health & Fitness
99,adani electricity bill,1200.0,Utilities
TXN417468,donation payment payment #7380,154.0,Others
TXN270162,inox movies payment #5909,2151.61,Entertainment
TXN948310,dmart ready payment #5822,2388.51,Groceries
300,upi payment to water supplier,500.0,Financial Services
104,zee5 music subscription,49.99,Bills & Subscriptions
TXN675512,hpcl pump payment #1891,4271.8,Fuel
TXN331512,bpcl fuel outlet payment #3333,888.68,Fuel
TXN608947,rapido payment #1512,1090.19,Travel & Transport
TXN315173,chai point payment #3063,3956.19,Food & Dining
TXN263137,bikanervala payment #2391,4428.38,Food & Dining
TXN461260,yatra travels payment #6706,1033.4,Travel & Transport
TXN959142,nature's basket payment #7126,4499.68,Groceries
TXN868561,gold’s gym india payment #2959,1928.69,Health & Fitness
TXN706279,gold’s gym india payment #2506,3616.76,Health & Fitness
TXN452161,sms charge payment #5681,1249.02,Financial Services
TXN554197,indianoil payment #3752,4628.25,Fuel
TXN420389,apollo pharmacy payment #7564,1080.37,Health & Fitness
TXN936865,prime membership payment #5476,817.02,Bills & Subscriptions
TXN337730,orix cabs payment #2974,4361.95,Travel & Transport
TXN756075,bigbasket payment #7778,460.52,Groceries
TXN907141,fortis hospital payment #7093,4856.55,Health & Fitness
TXN429748,blinkit payment #7523,2551.06,Groceries
TXN220034,misc payment payment #2014,3098.33,Others
TXN196931,blinkit payment #4015,4169.69,Groceries
TXN118080,sms charge payment #9041,2296.06,Financial Services
TXN690607,gold’s gym india payment #9335,4130.6,Health & Fitness
TXN199613,essar petrol payment #7979,3718.85,Fuel
TXN907889,google one payment #1223,3446.51,Bills & Subscriptions
TXN166007,tata play dth payment #1351,1528.43,Utilities
TXN288724,pantaloons payment #1519,1506.74,Shopping
TXN747966,urbanclap payment #3858,819.82,Others
TXN876962,thai pavilion payment #7566,440.97,Food & Dining
TXN655378,bookmyshow payment #3483,3790.71,Entertainment
TXN469755,housejoy payment #8516,166.45,Others
TXN755843,airtel recharge payment #2936,217.54,Utilities
TXN900581,amazonpay upi payment #3547,1155.04,Financial Services
TXN362874,blablacar payment #6868,3649.56,Travel & Transport
TXN682032,essar petrol payment #1182,2812.27,Fuel
TXN754911,columbia asia payment #7586,4042.55,Health & Fitness
TXN546915,jio fiber payment #2033,4041.82,Utilities
TXN335455,irl events india payment #1712,4430.63,Entertainment
TXN934438,adani electricity payment #6434,4017.72,Utilities
TXN843963,behrouz biryani payment #8033,2909.66,Food & Dining
TXN761679,nobroker services payment #5310,3105.55,Others
TXN406313,bookmyshow payment #6925,869.46,Entertainment
TXN626138,inox movies payment #2350,1543.14,Entertainment
TXN475125,urban company payment #1149,4910.59,Others
TXN321960,torrent power payment #1701,2086.99,Utilities
TXN160045,easyday club payment #5831,1690.71,Groceries
TXN184349,card swipe payment #9847,2519.6,Financial Services
TXN733801,tneb payment payment #5624,3862.91,Utilities
TXN917707,uber payment #6886,489.43,Travel & Transport
TXN559876,prime membership payment #5415,632.61,Bills & Subscriptions
TXN110901,bigbasket payment #4670,334.39,Groceries
189,mahindra electricity bill,1050.0,Utilities
TXN128679,ksrtc bus payment #8548,4492.97,Travel & Transport
TXN665940,bsnl bill payment #6929,4327.38,Utilities
TXN680099,indianoil payment #9689,3707.45,Fuel
TXN803011,inox movies payment #9863,324.52,Entertainment
TXN227131,freelancer payment payment #7849,2740.94,Others
TXN535457,dunzo payment #9381,4443.64,Groceries
TXN705193,notion subscription payment #8496,3307.71,Bills & Subscriptions
TXN486649,pizza hut payment #8404,284.28,Food & Dining
TXN745915,vodafone idea recharge payment #7488,3649.54,Utilities
TXN234476,bookmyshow payment #3875,420.27,Entertainment
233,debit card swipe at medical store,620.0,Financial Services
TXN206857,zara india payment #5093,564.15,Shopping
TXN650784,society maintenance payment #5762,4193.26,Others
TXN260053,thai pavilion payment #5176,1934.08,Food & Dining
TXN202472,dr lal pathlabs payment #7394,1679.86,Health & Fitness
TXN326183,disney plus hotstar payment #8836,3192.28,Bills & Subscriptions
TXN389809,bsnl bill payment #8429,4621.21,Utilities
TXN478387,dunzo payment #1976,4565.67,Groceries
244,reversal of atm failed cash withdrawal,2000.0,Financial Services
TXN297833,google one payment #9230,3094.39,Bills & Subscriptions
TXN233997,1mg payment #8825,1571.93,Health & Fitness
TXN916449,hdfc atm payment #3646,2742.96,Financial Services
TXN969325,chai sutta bar payment #6644,728.84,Food & Dining
TXN980660,debit card payment payment #5246,3783.71,Financial Services
145,myglamm beauty products,320.0,Shopping
TXN703172,misc payment payment #1870,4485.79,Others
249,tds deduction on interest,75.0,Financial Services
TXN745584,cafe coffee day payment #5450,772.64,Food & Dining
TXN255840,viva fitness gym payment #8208,360.79,Health & Fitness
TXN700538,bharatpetrol payment #3019,304.69,Fuel
TXN342129,makemytrip payment #4783,3022.17,Travel & Transport
TXN544114,irctc payment #2843,3391.56,Travel & Transport
TXN736450,urban company payment #3344,221.0,Others
TXN397809,ola payment #5185,934.57,Travel & Transport
TXN981529,freelancer payment payment #3950,4401.66,Others
TXN583388,essar petrol payment #3007,309.21,Fuel
TXN547820,yatra travels payment #8515,3542.5,Travel & Transport
TXN579946,alt balaji payment #3082,2475.35,Entertainment
TXN425992,society maintenance payment #3535,1574.37,Others
TXN279185,hathway broadband payment #7235,315.14,Utilities
TXN769752,croma payment #3875,3093.68,Shopping
TXN666843,vistara airlines payment #8801,2389.25,Travel & Transport
TXN651380,cult fit payment #2922,169.16,Health & Fitness
TXN524707,brewberrys cafe payment #7843,1518.62,Food & Dining
2,swiggy food delivery,25.0,Food & Dining
TXN213284,pharmeasy payment #3414,3863.2,Health & Fitness
TXN332823,kfc payment #8167,549.4,Food & Dining
TXN791218,freelancer payment payment #1842,3074.8,Others
TXN158589,nature's basket payment #8846,857.12,Groceries
TXN298994,goibibo payment #9892,3515.49,Travel & Transport
TXN519369,heritage fresh payment #8144,2612.02,Groceries
TXN900660,bharatpetrol payment #3595,2498.93,Fuel
TXN560197,donation payment payment #3258,4027.82,Others
TXN321092,alt balaji payment #5578,4403.57,Entertainment
TXN311505,rapido payment #9099,2250.96,Travel & Transport
TXN725030,municipal water tax payment #8972,660.18,Utilities
TXN242723,reliance trends payment #2223,4723.42,Shopping
TXN202905,society maintenance payment #7328,2170.56,Others
TXN792482,transfer payment #8062,2709.21,Others
TXN261395,ola payment #1979,1842.04,Travel & Transport
TXN202827,jio fiber payment #2804,1698.05,Utilities
TXN598733,bikanervala payment #4084,1675.48,Food & Dining
TXN975686,dominos payment #9317,3877.29,Food & Dining
TXN917711,indianoil payment #3669,4283.72,Fuel
TXN831541,housejoy payment #5508,2016.83,Others
TXN179046,amazonpay upi payment #8579,1324.05,Financial Services
TXN913934,chai sutta bar payment #9355,1050.13,Food & Dining
TXN132316,nayara energy payment #7473,4128.4,Fuel
TXN265001,makemytrip payment #4465,836.18,Travel & Transport
TXN753064,chai point payment #7878,3230.86,Food & Dining
TXN593393,reliance petrol pump payment #8598,4270.95,Fuel
TXN673929,municipal water tax payment #1107,1299.09,Utilities
TXN277820,zara india payment #4977,2902.61,Shopping
TXN954678,figma pro payment #4606,423.48,Bills & Subscriptions
TXN830139,spotify premium payment #6314,4908.94,Bills & Subscriptions
TXN845652,bpcl fuel outlet payment #3768,703.49,Fuel
TXN712353,reliance petrol pump payment #5329,737.33,Fuel
TXN196411,nayara energy payment #9897,2731.48,Fuel
TXN420677,urban company payment #3022,360.65,Others
TXN961264,healthspring payment #8786,3606.79,Health & Fitness
TXN133697,nobroker services payment #2322,1524.93,Others
TXN236659,airindia payment #2526,2462.98,Travel & Transport
TXN166447,airtel digital tv payment #7929,1458.01,Utilities
TXN630829,uber payment #5277,957.67,Travel & Transport
TXN265860,blablacar payment #9268,1753.81,Travel & Transport
TXN195310,indianoil payment #9996,100.83,Fuel
TXN631562,urbanclap payment #6729,634.9,Others
TXN527417,transfer payment #9808,1300.23,Others
TXN665136,vistara airlines payment #2037,3325.62,Travel & Transport
TXN763121,lifestyle payment #9019,796.64,Shopping
TXN108574,subway payment #8710,1500.17,Food & Dining
TXN535047,prime membership payment #1648,2652.28,Bills & Subscriptions
TXN197738,heritage fresh payment #1748,335.44,Groceries
TXN600241,uber payment #9059,4740.09,Travel & Transport
TXN108948,spotify payment #9898,4570.67,Entertainment
TXN706435,apple music payment #5166,1312.33,Bills & Subscriptions
TXN344359,hotstar payment #7322,1490.71,Entertainment
TXN148381,adani electricity payment #2426,1733.12,Utilities
TXN112098,dunzo payment #2528,225.64,Groceries
TXN583691,local technician payment #7889,4811.09,Others
TXN445280,orix cabs payment #6118,4557.7,Travel & Transport
TXN558089,bharatpetrol payment #3580,3688.52,Fuel
TXN652522,inox movies payment #7100,3338.45,Entertainment
TXN454161,nykaa payment #6289,4158.88,Shopping
TXN693418,phonepe upi payment #5000,2702.71,Financial Services
TXN819602,dunzo payment #5552,2173.16,Groceries
TXN281301,irctc payment #6319,3985.23,Travel & Transport
TXN797670,apple music payment #5643,814.77,Bills & Subscriptions
TXN255607,nobroker services payment #7898,2574.63,Others
TXN163634,amazon prime video payment #3045,519.12,Entertainment
TXN502744,vodafone idea recharge payment #2397,2666.7,Utilities
TXN397058,tata play dth payment #6759,1175.14,Utilities
96,essar petrol,60.0,Fuel
TXN428399,tanishq payment #2388,3393.34,Shopping
TXN605254,starbucks payment #5210,4578.84,Food & Dining
TXN818445,parking charges payment #6132,2568.69,Others
TXN299080,notion subscription payment #2013,2991.29,Bills & Subscriptions
TXN409369,tanishq payment #2923,3229.69,Shopping
TXN141094,rapido payment #3207,3184.75,Travel & Transport
TXN358965,notion subscription payment #6751,3586.77,Bills & Subscriptions
TXN382329,torrent power payment #4878,3589.44,Utilities
TXN133796,reliance trends payment #5877,4386.57,Shopping
253,upi transfer for apartment maintenance,2500.0,Financial Services
TXN907451,sms charge payment #1090,4474.03,Financial Services
TXN481219,google one payment #3043,2580.13,Bills & Subscriptions
TXN311976,flipkart payment #9972,4524.15,Shopping
TXN854213,sbi atm payment #8251,3102.0,Financial Services
TXN997729,canva pro payment #1149,1874.91,Bills & Subscriptions
TXN115622,freelancer payment payment #1750,4955.6,Others
TXN228934,freelancer payment payment #6624,4187.44,Others
TXN688861,meesho payment #4196,4094.56,Shopping
TXN139748,apple music payment #7156,1101.49,Bills & Subscriptions
TXN288783,indigo payment #1916,915.07,Travel & Transport
TXN849115,figma pro payment #6866,971.91,Bills & Subscriptions
TXN493663,pantaloons payment #4737,1843.47,Shopping
TXN227126,makemytrip payment #6638,197.19,Travel & Transport
TXN567965,coursera plus payment #8648,923.46,Bills & Subscriptions
TXN405925,tneb payment payment #1845,3315.97,Utilities
TXN714633,google one payment #7297,2048.57,Bills & Subscriptions
TXN427162,pharmeasy payment #8486,3041.91,Health & Fitness
TXN142210,paradise biryani payment #9341,2066.8,Food & Dining
TXN829928,airindia payment #3945,3915.78,Travel & Transport
TXN748758,playstation store payment #2395,1042.89,Entertainment
TXN156837,atm fee payment #9889,2363.68,Financial Services
TXN998909,bigbasket payment #8381,4722.29,Groceries
TXN766566,bigbasket payment #7929,1422.26,Groceries
TXN329931,dmart ready payment #1170,4137.27,Groceries
TXN416768,subway payment #9938,1519.39,Food & Dining
TXN460987,act fibernet payment #8122,3617.18,Utilities
247,icici netbanking transaction,2300.0,Financial Services
TXN755520,healthspring payment #1440,3849.45,Health & Fitness
TXN671559,dunzo payment #5560,2327.44,Groceries
TXN529350,columbia asia payment #7156,533.4,Health & Fitness
TXN912709,jiomart grocery payment #2654,2560.67,Groceries
TXN842866,viva fitness gym payment #4476,3595.35,Health & Fitness
TXN935981,vodafone idea recharge payment #8849,4589.2,Utilities
TXN442027,card swipe payment #6067,3367.78,Financial Services
TXN577100,pharmeasy payment #6143,2977.32,Health & Fitness
TXN242291,imps transfer payment #2375,3249.47,Financial Services
TXN957915,ksrtc bus payment #3389,2258.27,Travel & Transport
TXN787926,credit card pos payment #7547,1295.52,Financial Services
TXN288301,irl events india payment #3869,2133.76,Entertainment
TXN477214,abhibus payment #3776,3402.72,Travel & Transport
TXN919898,bpcl fuel outlet payment #1319,4948.08,Fuel
TXN746195,dunzo payment #2468,3283.16,Groceries
TXN657244,tnstc bus service payment #1639,4400.99,Travel & Transport
TXN315815,disney plus hotstar payment #6427,1779.37,Bills & Subscriptions
TXN742254,hathway broadband payment #5420,3520.47,Utilities
TXN988432,tata cliq payment #3110,550.7,Shopping
TXN572388,indianoil payment #3018,3883.51,Fuel
TXN284630,bookmyshow payment #3925,1060.34,Entertainment
65,swiggy instamart,15.0,Food & Dining
TXN689810,pharmeasy payment #7056,1004.03,Health & Fitness
TXN987599,hpcl pump payment #3320,3894.4,Fuel
TXN826559,reliance fresh payment #8156,1837.99,Groceries
TXN900177,company reimbursement payment #5415,2923.61,Financial Services
TXN301158,icici atm payment #5844,2816.62,Financial Services
TXN815903,healthspring payment #9941,2176.53,Health & Fitness
TXN906527,cafe coffee day payment #8842,2675.91,Food & Dining
TXN276953,medplus payment #5289,3536.18,Health & Fitness
TXN423528,subway payment #9433,2387.39,Food & Dining
TXN690653,meesho payment #3340,435.22,Shopping
TXN834406,myntra payment #1742,2176.12,Shopping
TXN465962,card swipe payment #5345,749.04,Financial Services
TXN742349,spotify premium payment #8938,2060.81,Bills & Subscriptions
TXN952631,columbia asia payment #8974,1583.72,Health & Fitness
TXN613261,ajio payment #5298,3386.44,Shopping
TXN598844,shell payment #9759,3227.74,Fuel
TXN882169,credit card pos payment #9698,1784.41,Financial Services
TXN545469,misc payment payment #8601,2142.79,Others
TXN856215,subway payment #3793,2668.74,Food & Dining
TXN425164,talwalkars gym payment #8083,3705.86,Health & Fitness
TXN146448,decathlon payment #3725,3270.3,Shopping
TXN532046,tneb payment payment #5439,2663.13,Utilities
248,bank interest credit,150.0,Financial Services
208,bank a/c transfer to icici account,1200.0,Financial Services
TXN534098,yatra travels payment #9535,4831.08,Travel & Transport
TXN442360,youtube premium payment #3625,4652.12,Bills & Subscriptions
TXN514603,hotstar payment #7711,1997.45,Entertainment
TXN781533,behrouz biryani payment #2623,4211.96,Food & Dining
TXN600318,airindia payment #7971,756.03,Travel & Transport
TXN342716,meesho payment #5584,555.83,Shopping
TXN705561,alt balaji payment #1493,1936.03,Entertainment
TXN783648,housejoy payment #6488,4877.98,Others
TXN291936,ajio payment #4908,1596.36,Shopping
TXN477819,heritage fresh payment #3149,1761.2,Groceries
TXN547191,society maintenance payment #7815,449.83,Others
TXN262816,irctc payment #2702,1386.02,Travel & Transport
TXN166052,airtel recharge payment #4907,2497.24,Utilities
TXN433578,spencer’s retail payment #3846,2075.28,Groceries
TXN292664,talwalkars gym payment #1853,3242.73,Health & Fitness
35,panchayat entertainment app,50.0,Entertainment
TXN754813,bikanervala payment #3526,938.88,Food & Dining
TXN693595,gaana plus payment #6425,4274.84,Entertainment
TXN180832,indigo payment #8207,911.47,Travel & Transport
TXN125166,reliance fresh payment #1019,4569.62,Groceries
TXN688534,bpcl fuel outlet payment #4675,3737.82,Fuel
TXN212537,healthspring payment #4033,2254.36,Health & Fitness
TXN740524,bharatpetrol payment #7704,624.11,Fuel
TXN949383,apple music payment #6426,1866.79,Bills & Subscriptions
TXN571829,zee5 subscription payment #7843,1126.97,Entertainment
TXN530790,freelancer payment payment #2710,364.59,Others
TXN784925,zee5 premium payment #7260,1448.56,Bills & Subscriptions
TXN573933,adani electricity payment #9730,4507.31,Utilities
288,interest subsidy credit,340.0,Financial Services
TXN562305,apollo pharmacy payment #6187,2915.17,Health & Fitness
TXN301537,netflix payment #3643,1511.25,Entertainment
TXN184714,cafe coffee day payment #8267,460.1,Food & Dining
TXN487272,xbox live payment #3569,4725.94,Entertainment
TXN461076,shell payment #4707,3498.27,Fuel
TXN987060,healthspring payment #2055,3206.24,Health & Fitness
TXN746223,coursera plus payment #3042,2086.81,Bills & Subscriptions
TXN839719,max healthcare payment #9313,1723.28,Health & Fitness
TXN916964,chayos payment #6562,1185.7,Food & Dining
TXN946648,jiomart grocery payment #5555,3609.7,Groceries
TXN523579,abhibus payment #4187,2328.32,Travel & Transport
TXN953565,microsoft 365 payment #9529,4714.22,Bills & Subscriptions
TXN389913,ioc fuel station payment #2045,1747.79,Fuel
TXN216968,act fibernet payment #5209,169.59,Utilities
TXN970813,chai sutta bar payment #9221,4576.09,Food & Dining
TXN143971,housejoy payment #3923,4772.22,Others
TXN501382,coursera plus payment #9735,3326.58,Bills & Subscriptions
TXN817663,dmart ready payment #5699,1206.83,Groceries
236,upi transfer to landlord rent,12000.0,Financial Services
TXN888047,tneb payment payment #2914,4336.51,Utilities
TXN607753,shoppers stop payment #5521,2163.4,Shopping
TXN274195,figma pro payment #2789,4354.97,Bills & Subscriptions
TXN815551,airtel digital tv payment #1371,1536.53,Utilities
TXN144241,hotstar payment #8443,4392.92,Entertainment
TXN360221,reliance trends payment #5537,3258.64,Shopping
TXN717113,debit card payment payment #8253,1557.03,Financial Services
TXN857526,google one payment #1084,1813.64,Bills & Subscriptions
TXN701800,wow momo payment #8273,3839.11,Food & Dining
TXN276470,medplus payment #5654,985.21,Health & Fitness
22,dmart groceries,350.0,Groceries
TXN159399,freelancer payment payment #6115,2056.18,Others
TXN874483,hdfc loan emi payment #4033,1038.55,Financial Services
TXN689275,ioc fuel station payment #6198,953.59,Fuel
TXN848301,viva fitness gym payment #4673,3273.29,Health & Fitness
TXN462659,myntra payment #9204,3752.74,Shopping
TXN146784,nayara energy payment #7052,1014.26,Fuel
TXN223792,spotify payment #9408,4330.03,Entertainment
TXN366526,microsoft 365 payment #8472,507.94,Bills & Subscriptions
TXN910176,donation payment payment #9096,3199.89,Others
TXN594580,uber payment #2492,4133.95,Travel & Transport
TXN849941,spotify payment #2396,1403.48,Entertainment
TXN272655,dominos payment #9488,849.78,Food & Dining
TXN153979,misc payment payment #2932,2543.69,Others
TXN260639,vistara airlines payment #9231,3519.07,Travel & Transport
163,central shopping online,200.0,Shopping
TXN918243,apple music payment #6322,3780.34,Bills & Subscriptions
TXN493482,dunzo payment #4445,3467.95,Groceries
TXN476149,unknown payment #8642,281.32,Others
TXN850582,1mg payment #1229,2691.31,Health & Fitness
TXN778700,tnstc bus service payment #4452,2994.88,Travel & Transport
TXN697347,atm fee payment #4853,2078.5,Financial Services
TXN813884,nayara energy payment #3356,3129.4,Fuel
TXN701949,credit card pos payment #2680,4376.33,Financial Services
TXN666785,max healthcare payment #6629,4066.46,Health & Fitness
TXN727761,ksrtc bus payment #5510,4351.54,Travel & Transport
TXN584734,dunzo payment #4654,2002.29,Groceries
TXN260097,myntra payment #9791,2734.51,Shopping
TXN490586,westside payment #7767,3534.15,Shopping
TXN309100,nayara energy payment #1076,284.85,Fuel
TXN477017,h&m india payment #1187,1381.61,Shopping
TXN398624,donation payment payment #6150,587.39,Others
TXN459462,easyday club payment #1515,674.31,Groceries
