transaction_id,description,amount,category
TXN356787,urbanclap payment #5506,173.8,Others
TXN191161,hp petrol payment #9935,3695.53,Fuel
TXN329258,spencer’s retail payment #2535,207.32,Groceries
TXN850800,reliance petrol pump payment #4257,3029.99,Fuel
TXN571029,donation payment payment #4611,2747.46,Others
TXN895667,blinkit payment #1106,4056.68,Groceries
TXN263032,pantaloons payment #5552,2141.94,Shopping
TXN498382,ioc fuel station payment #2519,1716.14,Fuel
TXN946335,wow momo payment #5333,4245.1,Food & Dining
TXN182627,icici emi payment payment #7201,2704.33,Financial Services
TXN705397,microsoft 365 payment #6925,4155.55,Bills & Subscriptions
TXN910620,essar petrol payment #4733,394.3,Fuel
TXN498591,ola payment #2654,4283.82,Travel & Transport
TXN270555,makemytrip payment #6977,3196.64,Travel & Transport
TXN835911,hathway broadband payment #5374,1087.06,Utilities
TXN660086,donation payment payment #3803,403.44,Others
TXN771088,hp petrol payment #5422,2338.19,Fuel
TXN340174,adobe creative cloud payment #1916,3438.84,Bills & Subscriptions
TXN321231,sbi atm payment #2084,2035.77,Financial Services
TXN514850,nature's basket payment #9179,1102.5,Groceries
TXN358607,nobroker services payment #3287,757.21,Others
TXN711878,microsoft 365 payment #8019,3747.72,Bills & Subscriptions
TXN634277,healthspring payment #3266,1135.64,Health & Fitness
TXN260265,hotstar payment #2796,3791.12,Entertainment
TXN725380,urban company payment #7916,3970.79,Others
TXN654816,ccd cafe payment #8668,1939.02,Food & Dining
TXN813328,goibibo payment #1188,4310.86,Travel & Transport
TXN216970,paradise biryani payment #6573,3766.85,Food & Dining
TXN857168,redbus payment #1053,832.88,Travel & Transport
TXN211579,goibibo payment #9317,3821.71,Travel & Transport
TXN738551,housejoy payment #9317,4216.26,Others
TXN665579,hp petrol payment #3646,1900.87,Fuel
TXN120422,youtube premium payment #9005,3014.78,Bills & Subscriptions
TXN351083,wow momo payment #6038,4399.67,Food & Dining
TXN189814,bhim upi payment #2290,4396.15,Financial Services
TXN903035,hotstar payment #9727,4891.02,Entertainment
TXN377932,myntra payment #3705,3315.77,Shopping
TXN891952,notion subscription payment #9835,4823.6,Bills & Subscriptions
TXN559381,essar petrol payment #7118,1593.0,Fuel
TXN167136,figma pro payment #4681,648.97,Bills & Subscriptions
TXN717024,airtel recharge payment #4770,2962.13,Utilities
TXN340062,indianoil payment #1964,401.42,Fuel
TXN639131,swiggy payment #2160,4305.2,Food & Dining
TXN665427,bharatpetrol payment #4510,3361.44,Fuel
TXN354801,pantaloons payment #8744,4680.8,Shopping
TXN790993,zee5 subscription payment #2588,992.53,Entertainment
TXN864491,healthspring payment #8651,2146.71,Health & Fitness
TXN163556,sbi card payment payment #2612,3284.6,Financial Services
TXN360735,healthspring payment #2790,4012.93,Health & Fitness
TXN542374,hp petrol payment #3296,2704.61,Fuel
TXN564656,meesho payment #2235,2340.01,Shopping
TXN976638,google one payment #9856,300.41,Bills & Subscriptions
TXN274389,rtgs transfer payment #4872,4635.52,Financial Services
TXN161483,talwalkars gym payment #7570,2432.72,Health & Fitness
TXN378085,croma payment #7396,60.67,Shopping
TXN262316,pvr cinemas payment #8973,2143.89,Entertainment
TXN707314,bharatpetrol payment #1958,1127.62,Fuel
TXN152578,youtube premium payment #1936,3752.48,Bills & Subscriptions
TXN265080,jiomart grocery payment #9701,2539.11,Groceries
TXN171849,bank service charge payment #4044,446.55,Financial Services
TXN523389,dunzo payment #4853,3392.3,Groceries
TXN749468,chai point payment #1651,2915.65,Food & Dining
TXN431737,burger king payment #9565,3304.0,Food & Dining
TXN350280,airindia payment #6147,3365.14,Travel & Transport
TXN579434,redbus payment #5915,697.85,Travel & Transport
TXN176819,bsnl bill payment #2638,96.11,Utilities
TXN465962,adobe creative cloud payment #3170,2554.13,Bills & Subscriptions
TXN559469,chai point payment #3584,1879.16,Food & Dining
TXN108203,microsoft 365 payment #9666,3077.8,Bills & Subscriptions
TXN240814,parking charges payment #2697,2795.28,Others
TXN385577,ola payment #3546,4454.08,Travel & Transport
TXN313487,vistara airlines payment #6617,1092.62,Travel & Transport
TXN612262,donation payment payment #9280,4271.92,Others
TXN969634,uber payment #7939,506.88,Travel & Transport
TXN768061,uber payment #3143,67.55,Travel & Transport
TXN688153,irctc payment #8007,3719.09,Travel & Transport
TXN672092,bank a/c transfer payment #3442,422.46,Financial Services
TXN550664,hdfc atm payment #3426,2933.42,Financial Services
TXN475190,amazon payment #1653,1575.88,Shopping
TXN470858,essar petrol payment #2684,1285.17,Fuel
TXN348237,notion subscription payment #3532,4870.49,Bills & Subscriptions
TXN125990,westside payment #7755,4063.32,Shopping
TXN941204,pantaloons payment #7745,4626.21,Shopping
TXN379766,parking charges payment #5065,3688.53,Others
TXN140605,westside payment #7267,3521.33,Shopping
TXN466643,bookmyshow payment #8541,1037.89,Entertainment
TXN517821,airindia payment #4164,1153.47,Travel & Transport
TXN468203,act fibernet payment #5573,4328.55,Utilities
TXN447235,local technician payment #9785,2028.41,Others
TXN287241,bank a/c transfer payment #5279,4391.34,Financial Services
TXN462479,blinkit payment #8119,239.37,Groceries
TXN221263,tata play dth payment #9379,3050.73,Utilities
TXN101773,medplus payment #8144,1310.88,Health & Fitness
TXN796503,adobe creative cloud payment #2146,1852.9,Bills & Subscriptions
TXN854717,hathway broadband payment #3041,3333.77,Utilities
TXN442027,goibibo payment #7691,1580.96,Travel & Transport
TXN540869,pharmeasy payment #4143,2794.34,Health & Fitness
TXN745414,nobroker services payment #3851,3402.72,Others
TXN418635,blinkit payment #1006,2060.07,Groceries
TXN587575,airindia payment #6279,2177.95,Travel & Transport
TXN596171,prime video payment #9375,3394.35,Entertainment
TXN796101,lifestyle payment #9445,469.74,Shopping
TXN805477,local technician payment #4848,1709.18,Others
TXN125611,airindia payment #3414,4042.49,Travel & Transport
TXN577538,bhim upi payment #2193,4920.48,Financial Services
TXN618392,medplus payment #7291,3605.81,Health & Fitness
TXN887443,medplus payment #1090,780.48,Health & Fitness
TXN587115,burger king payment #9486,1133.26,Food & Dining
TXN578634,atm fee payment #2988,1283.53,Financial Services
TXN686075,westside payment #9702,2349.98,Shopping
TXN742412,nature's basket payment #8251,4752.7,Groceries
TXN567574,notion subscription payment #9976,4161.32,Bills & Subscriptions
TXN371782,pantaloons payment #8373,4314.4,Shopping
TXN608136,ioc fuel station payment #9540,3206.42,Fuel
TXN848206,urban company payment #2269,1409.26,Others
TXN666390,airindia payment #6238,1394.99,Travel & Transport
TXN827659,kfc payment #7275,796.61,Food & Dining
TXN527398,pantaloons payment #7797,1109.07,Shopping
TXN973349,water tax payment #4388,2108.08,Utilities
TXN998348,fortis hospital payment #1320,4528.95,Health & Fitness
TXN413118,spencer’s retail payment #6763,2411.05,Groceries
TXN938722,fortis hospital payment #9947,2714.19,Health & Fitness
TXN557007,more supermarket payment #5471,2466.74,Groceries
TXN859359,netflix payment #7624,1974.84,Entertainment
TXN128276,nykaa payment #9751,4601.73,Shopping
TXN242291,apollo pharmacy payment #8022,465.54,Health & Fitness
TXN443254,spotify payment #7211,298.91,Entertainment
TXN391773,shell payment #7211,1667.89,Fuel
TXN120324,pharmeasy payment #8705,4182.81,Health & Fitness
TXN335113,youtube premium payment #6733,4999.54,Bills & Subscriptions
TXN890870,urbanclap payment #1659,3917.1,Others
TXN751517,bhim upi payment #1333,1036.84,Financial Services
TXN691364,ajio payment #2874,674.79,Shopping
TXN275939,shell payment #7043,3512.35,Fuel
TXN426147,dunzo payment #3683,3900.07,Groceries
TXN515922,zomato payment #7149,4647.99,Food & Dining
TXN206851,indianoil payment #4978,2980.88,Fuel
TXN934904,ksrtc bus payment #2983,3022.04,Travel & Transport
TXN793655,bigbasket payment #8018,1768.66,Groceries
TXN113266,bsnl bill payment #6590,2554.51,Utilities
TXN766459,talwalkars gym payment #6934,572.42,Health & Fitness
TXN782054,spotify payment #9548,2205.66,Entertainment
TXN912270,vistara airlines payment #9817,4050.59,Travel & Transport
TXN437960,prime video payment #5397,2206.09,Entertainment
TXN572700,ioc fuel station payment #5569,4676.38,Fuel
TXN452737,ioc fuel station payment #7209,2350.31,Fuel
TXN611233,bajaj finance emi payment #3979,4262.22,Financial Services
TXN393243,bharatpetrol payment #6576,3999.27,Fuel
TXN300337,blinkit payment #9464,2801.17,Groceries
TXN682144,chai point payment #9004,3614.37,Food & Dining
TXN569945,essar petrol payment #9041,2406.66,Fuel
TXN825391,rtgs transfer payment #7625,1506.47,Financial Services
TXN596249,bharatpetrol payment #7046,3336.6,Fuel
TXN468900,canva pro payment #6419,2156.24,Bills & Subscriptions
TXN226516,pvr cinemas payment #4777,1567.78,Entertainment
TXN899213,bharatpetrol payment #9779,641.8,Fuel
TXN389930,ajio payment #8933,1121.1,Shopping
TXN410636,blinkit payment #4180,4903.53,Groceries
TXN842411,bharatpetrol payment #1231,938.24,Fuel
TXN680238,apple music payment #1893,1407.84,Bills & Subscriptions
TXN207570,irctc payment #9042,3207.45,Travel & Transport
TXN561865,reversal charge payment #8843,1457.48,Financial Services
TXN600935,tneb payment payment #5136,4829.21,Utilities
TXN705050,mcdonalds payment #2213,2033.5,Food & Dining
TXN950544,donation payment payment #3444,315.36,Others
TXN224205,blinkit payment #5066,471.65,Groceries
TXN913373,notion subscription payment #4697,3051.27,Bills & Subscriptions
TXN411797,notion subscription payment #8253,2280.05,Bills & Subscriptions
TXN739244,spencer’s retail payment #1986,1561.63,Groceries
TXN792509,kritunga payment #5335,3146.3,Food & Dining
TXN264136,starbucks payment #2229,1237.33,Food & Dining
TXN405407,hdfc loan emi payment #8699,2279.99,Financial Services
TXN837135,bhim upi payment #5632,1476.12,Financial Services
TXN926097,hotstar payment #5334,3452.56,Entertainment
TXN545790,local technician payment #4241,3322.86,Others
TXN378535,paradise biryani payment #3441,1162.81,Food & Dining
TXN723948,flipkart payment #6039,345.21,Shopping
TXN822131,blinkit payment #8679,2223.81,Groceries
TXN666211,redbus payment #9199,4716.25,Travel & Transport
TXN553014,prime video payment #1653,448.19,Entertainment
TXN807053,act fibernet payment #4750,178.03,Utilities
TXN704238,bigbasket payment #5415,4997.88,Groceries
TXN391668,googlepay upi payment #8245,2378.98,Financial Services
TXN195674,decathlon payment #9056,2207.63,Shopping
TXN802685,inox movies payment #6260,2071.32,Entertainment
TXN402218,starbucks payment #9117,1682.53,Food & Dining
TXN576919,nobroker services payment #1601,4077.15,Others
TXN910075,behrouz biryani payment #2899,1299.37,Food & Dining
TXN584417,apollo pharmacy payment #9889,3305.42,Health & Fitness
TXN752878,apollo pharmacy payment #6927,978.53,Health & Fitness
TXN380028,prime video payment #4335,3811.95,Entertainment
TXN832168,apple music payment #8178,4641.98,Bills & Subscriptions
TXN844261,hotstar payment #4920,192.9,Entertainment
TXN197736,meesho payment #7684,2776.65,Shopping
TXN223172,ioc fuel station payment #8560,4569.0,Fuel
TXN633590,parking charges payment #5781,812.16,Others
TXN355570,redbus payment #8736,4181.88,Travel & Transport
TXN882544,spotify payment #9327,1948.75,Entertainment
TXN456385,flipkart payment #7798,1417.42,Shopping
TXN861319,microsoft 365 payment #5634,4111.72,Bills & Subscriptions
TXN255813,vistara airlines payment #9022,2920.62,Travel & Transport
TXN495533,prime video payment #9903,1758.36,Entertainment
TXN699573,inox movies payment #4912,4354.53,Entertainment
TXN145767,medplus payment #7730,4287.26,Health & Fitness
TXN504832,water tax payment #7246,3540.88,Utilities
TXN619389,parking charges payment #3492,4112.7,Others
TXN205239,phonepe upi payment #6439,2536.34,Financial Services
TXN116093,hotstar payment #8486,2653.46,Entertainment
TXN178463,croma payment #3529,4361.12,Shopping
TXN781403,pvr cinemas payment #7512,1725.88,Entertainment
TXN498468,behrouz biryani payment #9742,4269.09,Food & Dining
TXN747453,water tax payment #1588,4368.3,Utilities
TXN338536,chai point payment #5708,3174.25,Food & Dining
TXN565230,burger king payment #2646,4892.77,Food & Dining
TXN148225,pantaloons payment #1474,1532.36,Shopping
TXN551607,airtel recharge payment #7141,1502.17,Utilities
TXN278240,ajio payment #3950,2679.27,Shopping
TXN749813,flipkart payment #7267,3066.98,Shopping
TXN343467,urban company payment #3344,2513.45,Others
TXN943718,pvr cinemas payment #1153,2324.87,Entertainment
TXN177449,pvr cinemas payment #3588,3404.17,Entertainment
TXN769975,inox movies payment #5901,4938.88,Entertainment
TXN308894,pharmeasy payment #5949,2311.34,Health & Fitness
TXN699704,talwalkars gym payment #7248,577.93,Health & Fitness
TXN123005,act fibernet payment #5837,4963.83,Utilities
TXN735863,nobroker services payment #1803,1408.68,Others
TXN736553,pvr cinemas payment #4770,3889.92,Entertainment
TXN810687,jio fiber payment #5106,3201.26,Utilities
TXN757937,donation payment payment #2591,4199.77,Others
TXN134985,urbanclap payment #8222,1579.22,Others
TXN409445,nature's basket payment #2476,3675.18,Groceries
TXN924718,tata play dth payment #3165,919.42,Utilities
TXN970813,canva pro payment #5465,2677.72,Bills & Subscriptions
TXN945664,meesho payment #8894,4574.54,Shopping
TXN178957,rapido payment #8673,4030.95,Travel & Transport
TXN986827,westside payment #7511,4834.18,Shopping
TXN114594,canva pro payment #7464,497.0,Bills & Subscriptions
TXN805511,goibibo payment #7038,661.76,Travel & Transport
TXN213609,housejoy payment #7086,2943.57,Others
TXN739717,urban company payment #6374,2383.81,Others
TXN835132,essar petrol payment #8606,362.92,Fuel
TXN147549,ksrtc bus payment #3290,2071.06,Travel & Transport
TXN201913,atm withdrawal payment #2902,4979.84,Financial Services
TXN489033,reliance petrol pump payment #8432,721.54,Fuel
TXN539486,donation payment payment #9850,3497.6,Others
TXN974190,reliance fresh payment #2622,4432.8,Groceries
TXN134305,zee5 subscription payment #5583,4698.31,Entertainment
TXN997004,jio fiber payment #4868,2244.75,Utilities
TXN670913,bsnl bill payment #7018,4905.59,Utilities
TXN299028,housejoy payment #5520,349.72,Others
TXN772875,pizza hut payment #4475,503.78,Food & Dining
TXN925013,local technician payment #1828,4856.91,Others
TXN171942,jio fiber payment #4362,4944.66,Utilities
TXN444519,adobe creative cloud payment #4817,2952.6,Bills & Subscriptions
TXN390743,westside payment #1046,4507.63,Shopping
TXN215266,myntra payment #3858,2724.07,Shopping
TXN475644,parking charges payment #1243,177.61,Others
TXN378258,reliance petrol pump payment #3854,1652.67,Fuel
TXN219169,phonepe upi payment #9619,3721.5,Financial Services
TXN638169,subway payment #6931,2268.96,Food & Dining
TXN744986,dunzo payment #4629,2287.43,Groceries
TXN774591,sbi card payment payment #8504,2631.18,Financial Services
TXN546980,neft transfer payment #7580,4993.0,Financial Services
TXN177060,urbanclap payment #8267,2476.83,Others
TXN232321,behrouz biryani payment #2076,3061.07,Food & Dining
TXN846746,vistara airlines payment #9984,3183.73,Travel & Transport
TXN409222,tata play dth payment #9692,4973.41,Utilities
TXN994217,zee5 subscription payment #2874,540.93,Entertainment
TXN550961,donation payment payment #4522,4394.65,Others
TXN518098,bookmyshow payment #8430,2098.38,Entertainment
TXN797416,1mg payment #6120,1597.11,Health & Fitness
TXN170394,rapido payment #8770,4770.28,Travel & Transport
TXN880758,mcdonalds payment #2582,511.49,Food & Dining
TXN802559,tneb payment payment #6400,2804.04,Utilities
TXN856086,burger king payment #7929,1800.31,Food & Dining
TXN208633,atm withdrawal payment #6761,3022.03,Financial Services
TXN335137,more supermarket payment #8900,815.91,Groceries
TXN220465,wow momo payment #7022,4234.6,Food & Dining
TXN986209,vistara airlines payment #8030,1169.49,Travel & Transport
TXN130359,youtube premium payment #5381,3064.52,Bills & Subscriptions
TXN456331,meesho payment #6062,3528.36,Shopping
TXN693830,airtel recharge payment #3347,947.96,Utilities
TXN196214,nobroker services payment #1502,394.45,Others
TXN457455,adobe creative cloud payment #8432,1912.16,Bills & Subscriptions
TXN914571,d mart payment #6314,1592.6,Shopping
TXN265056,dunzo payment #3549,4422.54,Groceries
TXN564637,bigbasket payment #5458,3386.15,Groceries
TXN534303,nobroker services payment #8242,2454.03,Others
TXN461939,airindia payment #2864,3786.97,Travel & Transport
TXN652530,1mg payment #8972,1452.07,Health & Fitness
TXN728437,housejoy payment #7475,274.82,Others
TXN904624,imps transfer payment #4460,1061.89,Financial Services
TXN225812,westside payment #6375,1314.82,Shopping
TXN235461,bajaj finance emi payment #3878,3747.72,Financial Services
TXN175576,medplus payment #6802,2526.3,Health & Fitness
TXN181644,apollo pharmacy payment #8532,2209.29,Health & Fitness
TXN403578,tata play dth payment #7843,2888.33,Utilities
TXN280222,ccd cafe payment #6321,153.24,Food & Dining
TXN192410,jiomart grocery payment #6928,4168.53,Groceries
TXN649414,1mg payment #7560,1254.42,Health & Fitness
TXN332335,ccd cafe payment #6562,4359.1,Food & Dining
TXN656379,tneb payment payment #2868,428.08,Utilities
TXN468154,adobe creative cloud payment #6724,4534.32,Bills & Subscriptions
TXN253557,parking charges payment #2684,781.06,Others
TXN897143,airindia payment #3504,908.82,Travel & Transport
TXN586490,urbanclap payment #9095,926.87,Others
TXN757685,jiomart grocery payment #6295,3421.61,Groceries
TXN563688,tneb payment payment #8682,2226.83,Utilities
TXN469038,housejoy payment #1920,3991.83,Others
TXN139434,google one payment #8404,1586.52,Bills & Subscriptions
TXN775981,hdfc atm payment #2257,4166.9,Financial Services
TXN571579,chayos payment #1672,1953.19,Food & Dining
TXN625721,more supermarket payment #8792,1641.56,Groceries
TXN849014,amazon payment #6626,2280.09,Shopping
TXN359778,chayos payment #1641,3248.33,Food & Dining
TXN481574,prime video payment #3600,2644.14,Entertainment
TXN811875,act fibernet payment #6543,1967.71,Utilities
TXN169113,bigbasket payment #6482,3956.67,Groceries
TXN397949,bsnl bill payment #7333,2811.92,Utilities
TXN449555,ksrtc bus payment #3463,4823.83,Travel & Transport
TXN787923,kfc payment #6082,4587.89,Food & Dining
TXN424620,nobroker services payment #2388,688.31,Others
TXN952686,notion subscription payment #6381,3235.29,Bills & Subscriptions
TXN197992,lifestyle payment #9624,3529.01,Shopping
TXN119116,donation payment payment #6928,2145.86,Others
TXN458332,act fibernet payment #4509,942.3,Utilities
TXN262471,bookmyshow payment #3253,1171.39,Entertainment
TXN632351,faasos payment #2657,4229.92,Food & Dining
TXN726258,youtube premium payment #3147,3326.55,Bills & Subscriptions
TXN856215,cult fit payment #3712,853.12,Health & Fitness
TXN565776,netflix payment #4891,2083.75,Entertainment
TXN345369,blinkit payment #8355,3774.34,Groceries
TXN975679,adobe creative cloud payment #8684,1581.87,Bills & Subscriptions
TXN584106,bharatpetrol payment #8218,3407.62,Fuel
TXN269930,redbus payment #7859,2539.39,Travel & Transport
TXN154714,ioc fuel station payment #5096,3043.08,Fuel
TXN845957,nobroker services payment #2680,4376.88,Others
TXN386042,google one payment #3626,1461.06,Bills & Subscriptions
TXN332823,spotify payment #2502,4163.68,Entertainment
TXN155843,inox movies payment #7797,4655.84,Entertainment
TXN493124,healthspring payment #2337,1217.1,Health & Fitness
TXN979940,indianoil payment #2623,1627.49,Fuel
TXN140163,housejoy payment #3254,3967.33,Others
TXN895702,makemytrip payment #3273,3495.56,Travel & Transport
TXN119927,prime video payment #2298,3095.97,Entertainment
TXN862560,airindia payment #9991,4183.07,Travel & Transport
TXN349183,spencer’s retail payment #5720,600.37,Groceries
TXN769989,ola payment #7878,286.36,Travel & Transport
TXN725726,jiomart grocery payment #9189,360.9,Groceries
TXN853448,youtube premium payment #4963,3178.18,Bills & Subscriptions
TXN352249,meesho payment #6780,2174.73,Shopping
TXN648913,spencer’s retail payment #2402,977.2,Groceries
TXN631971,bsnl bill payment #9914,4769.35,Utilities
TXN145649,youtube premium payment #8702,1982.75,Bills & Subscriptions
TXN883618,nobroker services payment #5155,4906.15,Others
TXN352838,hdfc atm payment #6649,3953.17,Financial Services
TXN239890,donation payment payment #6447,563.14,Others
TXN970720,hdfc atm payment #3868,2752.77,Financial Services
TXN762423,nobroker services payment #8840,4905.05,Others
TXN138780,westside payment #8498,717.52,Shopping
TXN143941,airindia payment #4268,266.84,Travel & Transport
TXN596395,act fibernet payment #9897,2601.15,Utilities
TXN400009,uber payment #4131,3778.79,Travel & Transport
TXN386488,airtel recharge payment #6438,4335.7,Utilities
TXN879414,wow momo payment #7553,2212.91,Food & Dining
TXN620306,zee5 subscription payment #4060,1728.23,Entertainment
TXN379676,inox movies payment #9507,4625.34,Entertainment
TXN671971,burger king payment #3956,440.69,Food & Dining
TXN793024,rapido payment #6372,557.86,Travel & Transport
TXN274739,indigo payment #7981,2257.28,Travel & Transport
TXN744718,inox movies payment #6776,2263.29,Entertainment
TXN178686,pharmeasy payment #1939,3215.37,Health & Fitness
TXN940010,donation payment payment #9406,2060.74,Others
TXN989894,urban company payment #3339,4766.31,Others
TXN347459,jiomart grocery payment #2101,222.25,Groceries
TXN734487,housejoy payment #1530,1842.65,Others
TXN490084,lifestyle payment #7077,2277.12,Shopping
TXN484774,hotstar payment #9674,2890.91,Entertainment
TXN218959,healthspring payment #5089,3265.33,Health & Fitness
TXN688956,googlepay upi payment #7340,2520.27,Financial Services
TXN324993,barbeque nation payment #8311,3886.07,Food & Dining
TXN309902,blinkit payment #9047,3485.2,Groceries
TXN281043,kfc payment #8406,4271.49,Food & Dining
TXN800280,hotstar payment #6236,4062.04,Entertainment
TXN414527,bsnl bill payment #5757,2772.49,Utilities
TXN932250,pantaloons payment #3852,3562.34,Shopping
TXN930541,jio fiber payment #4292,650.74,Utilities
TXN478427,ajio payment #1430,3962.35,Shopping
TXN741674,canva pro payment #3126,2363.66,Bills & Subscriptions
TXN651231,mcdonalds payment #8842,1580.99,Food & Dining
TXN231414,fortis hospital payment #2208,4125.53,Health & Fitness
TXN461249,bsnl bill payment #9476,2277.37,Utilities
TXN905077,westside payment #3981,2778.95,Shopping
TXN971776,croma payment #1907,2539.18,Shopping
TXN269834,chayos payment #3697,807.43,Food & Dining
TXN397846,jio fiber payment #9501,1762.81,Utilities
TXN231250,barbeque nation payment #5496,1021.69,Food & Dining
TXN626986,housejoy payment #2530,3091.42,Others
TXN279516,urban company payment #3526,2979.45,Others
TXN983456,local technician payment #6531,3617.13,Others
TXN185168,bigbasket payment #1464,4134.92,Groceries
TXN782759,reimbursement payment #5336,3866.56,Financial Services
TXN622230,ioc fuel station payment #1496,2882.08,Fuel
TXN606404,local technician payment #5949,1483.87,Others
TXN411882,ioc fuel station payment #7653,4046.38,Fuel
TXN560959,hotstar payment #3589,3458.64,Entertainment
TXN736129,talwalkars gym payment #6573,2348.99,Health & Fitness
TXN869864,d mart payment #6231,4314.35,Shopping
TXN639995,tata play dth payment #7070,697.29,Utilities
TXN228473,google one payment #8642,1629.62,Bills & Subscriptions
TXN153063,makemytrip payment #2586,1277.2,Travel & Transport
TXN360330,redbus payment #7850,4327.61,Travel & Transport
TXN299055,d mart payment #6123,4672.07,Shopping
TXN622987,nykaa payment #8648,4980.05,Shopping
TXN629996,makemytrip payment #7442,164.72,Travel & Transport
TXN151021,bookmyshow payment #6781,1114.96,Entertainment
TXN399628,atm withdrawal payment #8710,2499.73,Financial Services
TXN240440,youtube premium payment #8060,4243.5,Bills & Subscriptions
TXN147440,rapido payment #6995,3831.09,Travel & Transport
TXN480133,apollo pharmacy payment #4189,2872.89,Health & Fitness
TXN572230,microsoft 365 payment #9261,413.98,Bills & Subscriptions
TXN234913,microsoft 365 payment #2946,4135.29,Bills & Subscriptions
TXN684929,ccd cafe payment #6555,1897.33,Food & Dining
TXN520884,tneb payment payment #9341,1035.34,Utilities
TXN848255,youtube premium payment #3245,274.25,Bills & Subscriptions
TXN735710,water tax payment #3440,2620.7,Utilities
TXN270395,apple music payment #6218,1673.43,Bills & Subscriptions
TXN968524,pharmeasy payment #9311,2988.94,Health & Fitness
TXN597960,figma pro payment #5911,3558.26,Bills & Subscriptions
TXN536774,hdfc atm payment #2795,1689.64,Financial Services
TXN725905,blinkit payment #1436,3993.94,Groceries
TXN856442,pvr cinemas payment #4728,4837.0,Entertainment
TXN759580,reversal charge payment #9589,2428.22,Financial Services
TXN133104,spencer’s retail payment #4968,781.49,Groceries
TXN428930,dunzo payment #8225,994.38,Groceries
TXN530311,cult fit payment #4340,2094.15,Health & Fitness
TXN840058,figma pro payment #2020,4370.45,Bills & Subscriptions
TXN794395,tanishq payment #6325,1076.34,Shopping
TXN581992,zee5 subscription payment #3837,1603.08,Entertainment
TXN739711,canva pro payment #5331,2754.05,Bills & Subscriptions
TXN685196,bookmyshow payment #5571,4788.82,Entertainment
TXN908634,airindia payment #5876,4710.35,Travel & Transport
TXN432441,airindia payment #9011,3466.69,Travel & Transport
TXN401769,inox movies payment #5480,2824.41,Entertainment
TXN958130,paradise biryani payment #7464,1929.49,Food & Dining
TXN848831,tneb payment payment #5712,1487.74,Utilities
TXN883641,wow momo payment #5201,4623.85,Food & Dining
TXN384303,bookmyshow payment #9824,1050.24,Entertainment
TXN354235,microsoft 365 payment #4920,729.5,Bills & Subscriptions
TXN768933,sbi card payment payment #4697,4530.66,Financial Services
TXN852204,indianoil payment #6411,545.98,Fuel
TXN105433,hotstar payment #3252,3421.9,Entertainment
TXN600641,apple music payment #8793,2064.19,Bills & Subscriptions
TXN436768,urban company payment #5706,3791.76,Others
TXN783984,ksrtc bus payment #2465,342.85,Travel & Transport
TXN283568,more supermarket payment #1611,2699.0,Groceries
TXN976822,cult fit payment #1595,4672.92,Health & Fitness
TXN139286,talwalkars gym payment #5742,972.24,Health & Fitness
TXN451317,atm withdrawal payment #2758,2861.41,Financial Services
TXN649787,makemytrip payment #9901,4946.04,Travel & Transport
TXN386090,spotify payment #8668,4262.75,Entertainment
TXN866634,ioc fuel station payment #3662,607.6,Fuel
TXN872399,pvr cinemas payment #1230,3607.06,Entertainment
TXN284019,act fibernet payment #4164,2860.52,Utilities
TXN443856,spencer’s retail payment #9442,4143.6,Groceries
TXN247442,ccd cafe payment #4027,3362.82,Food & Dining
TXN373453,inox movies payment #1111,4682.34,Entertainment
TXN445637,medplus payment #5374,2261.34,Health & Fitness
TXN374258,vistara airlines payment #1187,3628.27,Travel & Transport
TXN800224,housejoy payment #2017,3479.2,Others
TXN819400,pizza hut payment #7642,1568.69,Food & Dining
TXN485397,microsoft 365 payment #5833,3466.94,Bills & Subscriptions
TXN601410,more supermarket payment #3188,1134.69,Groceries
TXN536045,nykaa payment #7121,3751.29,Shopping
TXN898867,figma pro payment #4578,3798.89,Bills & Subscriptions
TXN651033,essar petrol payment #2341,3785.96,Fuel
TXN164758,inox movies payment #2838,436.61,Entertainment
TXN272529,adobe creative cloud payment #3455,2884.87,Bills & Subscriptions
TXN851742,water tax payment #4365,625.39,Utilities
TXN567122,jiomart grocery payment #9361,500.16,Groceries
TXN578987,icici emi payment payment #7806,703.12,Financial Services
TXN858414,bigbasket payment #6049,2816.05,Groceries
TXN882032,icici atm payment #1049,1309.56,Financial Services
TXN461264,reliance petrol pump payment #7941,411.5,Fuel
TXN595002,paradise biryani payment #2130,4970.91,Food & Dining
TXN903028,atm withdrawal payment #3218,2073.89,Financial Services
TXN492650,donation payment payment #7887,3247.11,Others
TXN493892,talwalkars gym payment #7184,4354.62,Health & Fitness
TXN224395,paradise biryani payment #6697,708.3,Food & Dining
TXN863214,tanishq payment #3086,1995.64,Shopping
TXN412856,ioc fuel station payment #1372,67.19,Fuel
TXN359535,zee5 subscription payment #4762,2683.07,Entertainment
TXN860242,inox movies payment #4088,817.85,Entertainment
TXN744793,swiggy payment #7868,4056.92,Food & Dining
TXN722795,bhim upi payment #2653,1070.1,Financial Services
TXN356622,icici emi payment payment #1797,3009.04,Financial Services
TXN327823,icici atm payment #9843,2222.87,Financial Services
TXN345536,phonepe upi payment #5739,2544.28,Financial Services
TXN348411,nature's basket payment #6253,2908.5,Groceries
TXN331780,irctc payment #9540,4929.19,Travel & Transport
TXN756401,pharmeasy payment #3869,1412.01,Health & Fitness
TXN461145,nobroker services payment #1768,2801.46,Others
TXN434217,donation payment payment #9592,1936.72,Others
TXN292811,fortis hospital payment #7167,788.63,Health & Fitness
TXN415344,figma pro payment #4692,1242.79,Bills & Subscriptions
TXN689704,westside payment #1944,2341.97,Shopping
TXN507286,fortis hospital payment #3196,2808.57,Health & Fitness
TXN571635,bharatpetrol payment #2295,1056.52,Fuel
TXN154040,bsnl bill payment #4120,2701.4,Utilities
TXN176319,redbus payment #1647,3384.68,Travel & Transport
TXN602681,ioc fuel station payment #4555,3820.4,Fuel
TXN116078,ioc fuel station payment #5967,4539.81,Fuel
TXN883159,hp petrol payment #2922,4812.28,Fuel
TXN515898,bookmyshow payment #4350,3493.35,Entertainment
TXN499152,reliance petrol pump payment #5637,1641.99,Fuel
TXN637727,inox movies payment #6892,1576.69,Entertainment
TXN898625,prime video payment #8692,538.11,Entertainment
TXN147936,jio fiber payment #7781,1884.99,Utilities
TXN373441,more supermarket payment #1265,3719.2,Groceries
TXN445888,notion subscription payment #4214,1511.2,Bills & Subscriptions
TXN623555,shell payment #5026,2870.46,Fuel
TXN858705,canva pro payment #9005,1323.77,Bills & Subscriptions
TXN868367,donation payment payment #3756,2478.45,Others
TXN612036,tneb payment payment #9954,742.79,Utilities
TXN649395,tanishq payment #1962,4952.1,Shopping
TXN901467,rtgs transfer payment #1794,4728.68,Financial Services
TXN171269,hdfc loan emi payment #4791,730.58,Financial Services
TXN491329,amazon payment #8471,1132.66,Shopping
TXN791309,salary credit payment #8916,3206.76,Financial Services
TXN112426,netflix payment #7739,82.73,Entertainment
TXN400614,bank service charge payment #9777,3624.85,Financial Services
TXN945328,bank service charge payment #8054,4075.13,Financial Services
TXN256130,flipkart payment #9591,4594.34,Shopping
TXN954814,hp petrol payment #5135,3117.92,Fuel
TXN491172,act fibernet payment #2294,3984.93,Utilities
TXN414546,talwalkars gym payment #4700,2846.76,Health & Fitness
TXN198042,parking charges payment #1519,4246.94,Others
TXN158840,fortis hospital payment #8798,1916.99,Health & Fitness
TXN624139,urbanclap payment #2354,3529.08,Others
TXN653815,healthspring payment #2562,2850.99,Health & Fitness
TXN384263,bhim upi payment #8790,1096.51,Financial Services
TXN669408,rtgs transfer payment #5593,3437.92,Financial Services
TXN116418,bigbasket payment #6152,937.8,Groceries
TXN180674,reliance petrol pump payment #7525,763.75,Fuel
TXN809922,irctc payment #7375,2841.59,Travel & Transport
TXN928897,canva pro payment #3292,1950.04,Bills & Subscriptions
TXN156304,chayos payment #6666,3740.01,Food & Dining
TXN457137,burger king payment #2245,1199.11,Food & Dining
TXN131064,spencer’s retail payment #6347,4846.16,Groceries
TXN614435,housejoy payment #8381,3928.56,Others
TXN552825,bharatpetrol payment #7150,2787.54,Fuel
TXN189856,lifestyle payment #7227,2950.08,Shopping
TXN186023,blinkit payment #2204,4000.37,Groceries
TXN875584,irctc payment #3527,1931.0,Travel & Transport
TXN105447,healthspring payment #2499,1835.47,Health & Fitness
TXN207197,makemytrip payment #5419,1831.59,Travel & Transport
TXN684041,flipkart payment #8353,977.59,Shopping
TXN471106,notion subscription payment #2468,561.3,Bills & Subscriptions
TXN503951,google one payment #6315,3004.78,Bills & Subscriptions
TXN860053,atm withdrawal payment #2387,2098.36,Financial Services
TXN818605,adobe creative cloud payment #3778,2881.2,Bills & Subscriptions
TXN381444,cult fit payment #5933,737.26,Health & Fitness
TXN389366,spotify payment #8121,363.17,Entertainment
TXN478666,pharmeasy payment #2260,2446.95,Health & Fitness
TXN722651,airindia payment #9123,3618.45,Travel & Transport
TXN419457,more supermarket payment #3219,2316.42,Groceries
TXN943135,icici atm payment #7224,1694.48,Financial Services
TXN415029,water tax payment #3230,1706.94,Utilities
TXN517584,jio fiber payment #3910,2421.1,Utilities
TXN703853,act fibernet payment #9044,3687.63,Utilities
TXN482746,bharatpetrol payment #7437,1911.47,Fuel
TXN288667,kritunga payment #9939,2981.52,Food & Dining
TXN842776,parking charges payment #8563,2772.99,Others
TXN958747,shell payment #2133,3998.54,Fuel
TXN353777,talwalkars gym payment #5961,738.94,Health & Fitness
TXN927406,ksrtc bus payment #7932,813.01,Travel & Transport
TXN710527,1mg payment #8851,2272.88,Health & Fitness
TXN835716,fortis hospital payment #6890,2741.04,Health & Fitness
TXN789545,google one payment #5067,591.38,Bills & Subscriptions
TXN690579,housejoy payment #1725,873.38,Others
TXN934908,donation payment payment #6432,3251.38,Others
TXN332785,1mg payment #5239,102.21,Health & Fitness
TXN585556,adobe creative cloud payment #7408,2256.6,Bills & Subscriptions
TXN461724,local technician payment #3469,3467.66,Others
TXN190025,bajaj finance emi payment #7815,567.52,Financial Services
TXN577450,kfc payment #6620,1774.23,Food & Dining
TXN202365,reliance petrol pump payment #8801,2440.48,Fuel
TXN146853,prime video payment #5919,1628.6,Entertainment
TXN810032,zomato payment #2791,4253.44,Food & Dining
TXN678719,pantaloons payment #3858,1257.37,Shopping
TXN343118,d mart payment #8570,2821.25,Shopping
TXN514798,cult fit payment #8080,972.62,Health & Fitness
TXN720970,salary credit payment #8365,4421.33,Financial Services
TXN315780,fortis hospital payment #4519,72.03,Health & Fitness
TXN296041,ola payment #9796,2907.87,Travel & Transport
TXN375097,hathway broadband payment #2867,1025.52,Utilities
TXN725969,parking charges payment #6134,2472.95,Others
TXN469082,fortis hospital payment #6700,2955.67,Health & Fitness
TXN744333,spotify payment #5873,4078.0,Entertainment
TXN223586,dunzo payment #6131,3376.94,Groceries
TXN827120,bharatpetrol payment #7116,628.9,Fuel
TXN702727,tanishq payment #3258,1972.89,Shopping
TXN827117,fortis hospital payment #9804,969.48,Health & Fitness
TXN402865,urban company payment #9022,2796.82,Others
TXN749498,myntra payment #8389,1607.17,Shopping
TXN243167,hdfc atm payment #8939,4761.62,Financial Services
TXN784793,ioc fuel station payment #9281,1950.52,Fuel
TXN844638,zee5 subscription payment #7809,3439.25,Entertainment
TXN934541,prime video payment #1505,877.9,Entertainment
TXN663723,bharatpetrol payment #4683,211.84,Fuel
TXN676429,irctc payment #9115,3914.66,Travel & Transport
TXN912764,google one payment #5389,2884.93,Bills & Subscriptions
TXN896922,canva pro payment #1681,2733.11,Bills & Subscriptions
TXN871740,bookmyshow payment #2677,4949.39,Entertainment
TXN571578,parking charges payment #1528,1275.28,Others
TXN560398,rapido payment #2425,4317.89,Travel & Transport
TXN845279,chai point payment #6744,1088.9,Food & Dining
TXN922974,spencer’s retail payment #3281,871.61,Groceries
TXN697766,ioc fuel station payment #1972,1074.37,Fuel
TXN439375,act fibernet payment #3758,3004.45,Utilities
TXN812296,indigo payment #9428,2885.04,Travel & Transport
TXN162165,kfc payment #7743,4815.72,Food & Dining
TXN361805,ksrtc bus payment #3174,678.1,Travel & Transport
TXN898462,pantaloons payment #5055,1644.38,Shopping
TXN758309,nobroker services payment #5402,2472.82,Others
TXN522419,fortis hospital payment #2525,2287.36,Health & Fitness
TXN576782,microsoft 365 payment #7046,3488.78,Bills & Subscriptions
TXN866437,inox movies payment #2526,2930.68,Entertainment
TXN517035,inox movies payment #9756,4258.03,Entertainment
TXN381581,shell payment #9105,4133.0,Fuel
TXN693643,act fibernet payment #3139,1721.89,Utilities
TXN148174,inox movies payment #1793,4476.07,Entertainment
TXN562721,pizza hut payment #3588,130.59,Food & Dining
TXN312146,netflix payment #8009,4959.6,Entertainment
TXN197874,lifestyle payment #5489,1544.23,Shopping
TXN796787,housejoy payment #7092,1289.43,Others
TXN861253,urban company payment #6005,306.35,Others
TXN101139,shell payment #2559,3294.65,Fuel
TXN644676,shell payment #4705,435.8,Fuel
TXN956800,nobroker services payment #6629,95.97,Others
TXN174268,burger king payment #8826,3485.45,Food & Dining
TXN208214,shell payment #2678,492.19,Fuel
TXN501312,hathway broadband payment #3246,4410.9,Utilities
TXN171734,lifestyle payment #3340,4965.05,Shopping
TXN561477,youtube premium payment #3688,3071.08,Bills & Subscriptions
TXN531709,jio fiber payment #3480,3159.0,Utilities
TXN205345,jiomart grocery payment #2420,4306.81,Groceries
TXN468611,westside payment #7291,659.63,Shopping
TXN390421,healthspring payment #5059,3965.83,Health & Fitness
TXN916808,urbanclap payment #5668,1278.43,Others
TXN642899,sbi card payment payment #4366,4385.34,Financial Services
TXN777558,more supermarket payment #5842,3751.83,Groceries
TXN352792,bhim upi payment #2847,2499.69,Financial Services
TXN478638,hotstar payment #1197,2665.02,Entertainment
TXN483162,tneb payment payment #7895,1964.85,Utilities
TXN117500,apple music payment #2195,3825.49,Bills & Subscriptions
TXN141761,dunzo payment #4534,118.28,Groceries
TXN904373,icici atm payment #9209,2557.72,Financial Services
TXN771652,fortis hospital payment #2350,3523.96,Health & Fitness
TXN182860,apple music payment #6077,1423.47,Bills & Subscriptions
TXN662445,adobe creative cloud payment #3545,4872.85,Bills & Subscriptions
TXN425236,tata play dth payment #2083,2952.86,Utilities
TXN555589,medplus payment #2412,336.63,Health & Fitness
TXN424314,pizza hut payment #1901,3080.87,Food & Dining
TXN225245,donation payment payment #3877,3307.36,Others
TXN620526,phonepe upi payment #3684,3522.42,Financial Services
TXN886197,act fibernet payment #3079,876.47,Utilities
TXN451284,ola payment #1480,3868.58,Travel & Transport
TXN846925,pharmeasy payment #5308,2643.08,Health & Fitness
TXN477617,dunzo payment #9368,2505.93,Groceries
TXN485548,bajaj finance emi payment #3734,4303.83,Financial Services
TXN339499,meesho payment #2889,3877.98,Shopping
TXN356430,youtube premium payment #1201,267.99,Bills & Subscriptions
TXN287654,bajaj finance emi payment #3458,1851.68,Financial Services
TXN335421,atm fee payment #7870,4025.42,Financial Services
TXN384434,jio fiber payment #6241,2110.47,Utilities
TXN288056,wow momo payment #1862,641.03,Food & Dining
TXN520400,ioc fuel station payment #1752,2603.08,Fuel
TXN443199,pizza hut payment #6090,4336.86,Food & Dining
TXN310418,paradise biryani payment #7044,2310.89,Food & Dining
TXN586462,vistara airlines payment #4974,3933.31,Travel & Transport
TXN868043,water tax payment #4201,4989.05,Utilities
TXN125071,adobe creative cloud payment #7718,795.3,Bills & Subscriptions
TXN451291,reliance petrol pump payment #1157,1764.8,Fuel
TXN208998,sbi card payment payment #6038,1912.56,Financial Services
TXN615929,reliance petrol pump payment #7878,4916.42,Fuel
TXN146032,phonepe upi payment #2524,3572.68,Financial Services
TXN580728,ioc fuel station payment #7102,2622.81,Fuel
TXN178465,dominos payment #7461,2551.87,Food & Dining
TXN348273,bigbasket payment #3141,2203.17,Groceries
TXN834764,indigo payment #7438,4262.02,Travel & Transport
TXN178315,hathway broadband payment #4827,2291.15,Utilities
TXN262959,hp petrol payment #2785,3910.69,Fuel
TXN526259,starbucks payment #6145,2275.36,Food & Dining
TXN573869,paradise biryani payment #4401,1823.52,Food & Dining
TXN194813,makemytrip payment #2964,1361.79,Travel & Transport
TXN325465,westside payment #1660,3445.97,Shopping
TXN473023,tneb payment payment #5066,501.5,Utilities
TXN959926,apollo pharmacy payment #5262,3402.06,Health & Fitness
TXN682959,amazon payment #8408,4762.88,Shopping
TXN942946,adobe creative cloud payment #2669,518.89,Bills & Subscriptions
TXN237064,flipkart payment #4641,109.19,Shopping
TXN710610,ioc fuel station payment #2376,2032.88,Fuel
TXN122859,blinkit payment #2228,4591.27,Groceries
TXN948611,kritunga payment #8265,4517.36,Food & Dining
TXN228479,flipkart payment #6432,4530.14,Shopping
TXN961599,icici emi payment payment #8096,300.66,Financial Services
TXN281201,talwalkars gym payment #7990,195.94,Health & Fitness
TXN393448,jio fiber payment #5505,4546.11,Utilities
TXN778720,spotify payment #5026,221.51,Entertainment
TXN163941,makemytrip payment #8848,2089.36,Travel & Transport
TXN309146,barbeque nation payment #7868,1945.93,Food & Dining
TXN933456,parking charges payment #9907,2652.78,Others
TXN602985,icici atm payment #6883,3920.48,Financial Services
TXN437226,figma pro payment #9231,1752.97,Bills & Subscriptions
TXN726121,pharmeasy payment #6224,940.09,Health & Fitness
TXN161437,indianoil payment #5602,4484.04,Fuel
TXN267378,inox movies payment #4813,3845.87,Entertainment
TXN659614,chai point payment #5366,3301.48,Food & Dining
TXN472039,bhim upi payment #7363,2899.68,Financial Services
TXN945372,myntra payment #6210,1220.93,Shopping
TXN695225,airtel recharge payment #6761,3532.09,Utilities
TXN977340,reliance fresh payment #4084,2837.39,Groceries
TXN194641,pvr cinemas payment #1621,919.01,Entertainment
TXN652021,bhim upi payment #1326,3028.23,Financial Services
TXN945619,netflix payment #4300,1692.08,Entertainment
TXN162448,d mart payment #6301,3598.84,Shopping
TXN911982,phonepe upi payment #3320,2953.72,Financial Services
TXN491738,chayos payment #2188,4310.31,Food & Dining
TXN416423,nobroker services payment #6514,2950.78,Others
TXN930307,tneb payment payment #8157,4880.51,Utilities
TXN841535,nobroker services payment #3854,3263.44,Others
TXN496764,canva pro payment #3872,1155.02,Bills & Subscriptions
TXN836109,indigo payment #1029,680.37,Travel & Transport
TXN290926,spencer’s retail payment #1530,4261.25,Groceries
TXN770718,nature's basket payment #4619,4609.14,Groceries
TXN447255,dunzo payment #3304,4686.6,Groceries
TXN276042,chai point payment #6234,1766.71,Food & Dining
TXN568325,urbanclap payment #6500,4117.23,Others
TXN467506,amazonpay upi payment #2110,1087.94,Financial Services
TXN504684,ola payment #1788,3616.05,Travel & Transport
TXN617033,zee5 subscription payment #7783,4847.05,Entertainment
TXN969067,healthspring payment #2661,2752.82,Health & Fitness
TXN938016,bookmyshow payment #2207,855.15,Entertainment
TXN209812,atm withdrawal payment #5278,149.39,Financial Services
TXN268720,behrouz biryani payment #7151,892.02,Food & Dining
TXN454366,paradise biryani payment #2525,4712.08,Food & Dining
TXN785386,jiomart grocery payment #8066,3537.3,Groceries
TXN156157,decathlon payment #3573,4454.28,Shopping
TXN529161,behrouz biryani payment #4112,1067.47,Food & Dining
TXN349087,microsoft 365 payment #5872,3319.96,Bills & Subscriptions
TXN261050,swiggy payment #9043,1994.87,Food & Dining
TXN408857,hdfc atm payment #2435,68.89,Financial Services
TXN201698,donation payment payment #4271,3021.07,Others
TXN185916,paytm upi payment #5781,895.62,Financial Services
TXN593821,hotstar payment #7512,1576.35,Entertainment
TXN506351,pvr cinemas payment #9914,501.13,Entertainment
TXN295646,d mart payment #7052,4433.19,Shopping
TXN376195,netflix payment #8619,1353.32,Entertainment
TXN258471,ioc fuel station payment #2009,1379.38,Fuel
TXN947438,urbanclap payment #6632,474.25,Others
TXN680493,notion subscription payment #4727,4854.99,Bills & Subscriptions
TXN661527,icici atm payment #7858,4101.11,Financial Services
TXN599397,parking charges payment #4860,4684.99,Others
TXN626491,ola payment #1568,2004.28,Travel & Transport
TXN281276,reliance fresh payment #8357,645.4,Groceries
TXN144748,ajio payment #3067,4051.88,Shopping
TXN311727,1mg payment #8133,4941.99,Health & Fitness
TXN435281,urban company payment #5225,4178.84,Others
TXN678870,mcdonalds payment #7510,1971.09,Food & Dining
TXN924758,act fibernet payment #1202,2622.46,Utilities
TXN255398,spencer’s retail payment #3451,606.97,Groceries
TXN923914,dunzo payment #2654,4628.39,Groceries
TXN376967,goibibo payment #7732,4406.67,Travel & Transport
TXN139285,talwalkars gym payment #8750,2881.52,Health & Fitness
TXN140666,meesho payment #7581,2044.72,Shopping
TXN881975,healthspring payment #1807,3468.04,Health & Fitness
TXN454278,pvr cinemas payment #1331,4490.31,Entertainment
TXN999924,indigo payment #9054,1437.72,Travel & Transport
TXN240913,urbanclap payment #4734,4863.86,Others
TXN382507,makemytrip payment #6257,3881.45,Travel & Transport
TXN963994,1mg payment #4463,980.28,Health & Fitness
TXN960899,talwalkars gym payment #7126,3809.49,Health & Fitness
TXN426236,bank service charge payment #2075,3967.88,Financial Services
TXN696296,notion subscription payment #9589,721.47,Bills & Subscriptions
TXN977633,googlepay upi payment #4288,1004.18,Financial Services
TXN477880,bhim upi payment #1828,213.7,Financial Services
TXN629663,bharatpetrol payment #8605,1873.34,Fuel
TXN490559,1mg payment #4963,3421.81,Health & Fitness
TXN715388,prime video payment #8775,929.04,Entertainment
TXN885342,canva pro payment #5237,1754.03,Bills & Subscriptions
TXN270820,faasos payment #1813,185.88,Food & Dining
TXN810614,more supermarket payment #4688,4292.7,Groceries
TXN121026,bharatpetrol payment #9409,3275.36,Fuel
TXN778818,urbanclap payment #3167,2396.78,Others
TXN364650,decathlon payment #4666,4014.28,Shopping
TXN544393,blinkit payment #5511,3578.07,Groceries
TXN589368,healthspring payment #4575,2322.04,Health & Fitness
TXN712879,ksrtc bus payment #7506,2627.16,Travel & Transport
TXN688730,zomato payment #7131,2581.99,Food & Dining
TXN817659,local technician payment #5890,3064.8,Others
TXN771712,subway payment #5529,365.99,Food & Dining
TXN297509,act fibernet payment #5895,1342.68,Utilities
TXN944554,tanishq payment #1930,3839.1,Shopping
TXN856320,spencer’s retail payment #3292,3319.63,Groceries
TXN372028,reimbursement payment #5843,2512.0,Financial Services
TXN711344,fortis hospital payment #1578,1971.96,Health & Fitness
TXN819656,more supermarket payment #4643,1748.68,Groceries
TXN631958,figma pro payment #6873,4537.31,Bills & Subscriptions
TXN408054,irctc payment #3967,4211.16,Travel & Transport
TXN860413,subway payment #5237,683.32,Food & Dining
TXN786224,apple music payment #6499,4737.27,Bills & Subscriptions
TXN540897,chai point payment #6031,1808.65,Food & Dining
TXN586288,hathway broadband payment #5817,1339.77,Utilities
TXN595158,subway payment #2166,315.7,Food & Dining
TXN655575,reliance petrol pump payment #7253,643.09,Fuel
TXN244037,redbus payment #3470,317.61,Travel & Transport
TXN250181,bharatpetrol payment #8496,2075.5,Fuel
TXN448787,tneb payment payment #8988,3905.76,Utilities
TXN104942,urban company payment #1950,1601.4,Others
TXN704272,pvr cinemas payment #3762,1086.44,Entertainment
TXN235691,nykaa payment #2442,3936.79,Shopping
TXN549865,spencer’s retail payment #7609,3185.76,Groceries
TXN309100,zee5 subscription payment #9745,73.11,Entertainment
TXN299834,airtel recharge payment #9700,4465.43,Utilities
TXN337256,sbi card payment payment #5076,70.41,Financial Services
TXN627786,act fibernet payment #7284,688.21,Utilities
TXN412687,blinkit payment #1749,876.75,Groceries
TXN454245,makemytrip payment #9587,3652.77,Travel & Transport
TXN476701,cult fit payment #9031,1746.53,Health & Fitness
TXN120053,hp petrol payment #7609,4743.02,Fuel
TXN321449,hp petrol payment #3149,3649.49,Fuel
TXN484398,reversal charge payment #3017,2547.94,Financial Services
TXN908713,parking charges payment #5190,234.95,Others
TXN794125,youtube premium payment #1785,2989.92,Bills & Subscriptions
TXN537020,zomato payment #2897,288.76,Food & Dining
TXN597440,zee5 subscription payment #5140,661.8,Entertainment
TXN415743,ajio payment #1152,3491.2,Shopping
TXN753050,1mg payment #5423,3329.29,Health & Fitness
TXN636435,reliance fresh payment #2718,2123.19,Groceries
TXN621917,dunzo payment #2741,1449.4,Groceries
TXN971889,reliance petrol pump payment #5308,1038.76,Fuel
TXN409698,adobe creative cloud payment #7713,1821.71,Bills & Subscriptions
TXN821634,amazon payment #4402,2763.29,Shopping
TXN804258,inox movies payment #1208,1210.8,Entertainment
TXN256389,dominos payment #9095,4184.4,Food & Dining
TXN368322,chayos payment #2659,421.49,Food & Dining
TXN376955,urban company payment #5850,2310.92,Others
TXN141360,netflix payment #3862,544.05,Entertainment
TXN546688,rapido payment #6123,4017.9,Travel & Transport
TXN110142,dominos payment #1751,4263.67,Food & Dining
TXN474894,lifestyle payment #6384,3253.63,Shopping
TXN490722,pvr cinemas payment #2522,4398.45,Entertainment
TXN578715,tneb payment payment #7557,613.47,Utilities
TXN938754,redbus payment #8835,3465.02,Travel & Transport
TXN985364,cult fit payment #1960,609.63,Health & Fitness
TXN941235,flipkart payment #8908,2109.34,Shopping
TXN917012,jiomart grocery payment #7221,947.24,Groceries
TXN606545,airtel recharge payment #3140,4319.75,Utilities
TXN148205,hotstar payment #8220,4443.59,Entertainment
TXN838793,barbeque nation payment #1202,3292.12,Food & Dining
TXN802382,local technician payment #4669,3849.27,Others
TXN605339,bsnl bill payment #5072,2192.6,Utilities
TXN112210,tata play dth payment #1894,785.84,Utilities
TXN993251,urban company payment #8688,2552.56,Others
TXN436208,spotify payment #9055,420.58,Entertainment
TXN631553,bharatpetrol payment #1824,4852.22,Fuel
TXN956794,reliance petrol pump payment #7607,3234.42,Fuel
TXN192295,indianoil payment #8341,2322.52,Fuel
TXN881439,prime video payment #9148,1614.5,Entertainment
TXN137572,urbanclap payment #7755,558.08,Others
TXN633030,youtube premium payment #5990,4138.25,Bills & Subscriptions
TXN457411,adobe creative cloud payment #8474,3290.25,Bills & Subscriptions
TXN448098,airtel recharge payment #8445,4092.11,Utilities
TXN850689,figma pro payment #6952,3597.46,Bills & Subscriptions
TXN102303,hotstar payment #4633,532.31,Entertainment
TXN674295,hathway broadband payment #5783,4157.93,Utilities
TXN272129,canva pro payment #1750,3525.38,Bills & Subscriptions
TXN212157,spotify payment #7704,4118.1,Entertainment
TXN993590,vistara airlines payment #2978,1019.81,Travel & Transport
TXN851606,medplus payment #4122,2312.38,Health & Fitness
TXN764000,bsnl bill payment #1761,3797.89,Utilities
TXN579605,local technician payment #8381,659.93,Others
TXN623059,local technician payment #3205,4783.14,Others
TXN979562,bank service charge payment #8091,3694.26,Financial Services
TXN825423,jiomart grocery payment #3903,4625.64,Groceries
TXN208584,reliance fresh payment #3103,3665.95,Groceries
TXN539001,healthspring payment #7302,2545.35,Health & Fitness
TXN408463,more supermarket payment #6617,1404.3,Groceries
TXN413433,spotify payment #9393,733.99,Entertainment
TXN310647,canva pro payment #4560,3573.78,Bills & Subscriptions
TXN805034,reliance petrol pump payment #6657,3586.2,Fuel
TXN628370,pantaloons payment #3913,3267.93,Shopping
TXN689593,canva pro payment #6771,3566.25,Bills & Subscriptions
TXN399817,zee5 subscription payment #9747,3387.51,Entertainment
TXN499371,apollo pharmacy payment #1414,2637.51,Health & Fitness
TXN379947,amazon payment #4275,3367.76,Shopping
TXN980155,meesho payment #3399,3432.78,Shopping
TXN133875,atm withdrawal payment #9866,1059.8,Financial Services
TXN878476,water tax payment #4675,557.28,Utilities
TXN922405,local technician payment #9370,1974.99,Others
TXN506380,ksrtc bus payment #7251,282.55,Travel & Transport
TXN113595,healthspring payment #1881,4830.87,Health & Fitness
TXN970300,airindia payment #8259,3121.78,Travel & Transport
TXN891787,essar petrol payment #7025,3537.91,Fuel
TXN408467,more supermarket payment #4170,3891.93,Groceries
TXN296059,spotify payment #2220,4918.09,Entertainment
TXN142608,pantaloons payment #7180,2593.54,Shopping
TXN268746,pharmeasy payment #3131,2805.16,Health & Fitness
TXN844163,blinkit payment #8640,77.94,Groceries
TXN725874,amazon payment #6285,810.83,Shopping
TXN614379,reimbursement payment #5934,3097.26,Financial Services
TXN650916,nature's basket payment #6207,410.76,Groceries
TXN267112,hp petrol payment #9276,2627.0,Fuel
TXN323717,fortis hospital payment #4624,505.13,Health & Fitness
TXN329056,housejoy payment #5809,1688.78,Others
TXN220294,jiomart grocery payment #1144,4983.32,Groceries
TXN141814,housejoy payment #4994,2256.05,Others
TXN504620,housejoy payment #2857,1937.79,Others
TXN641975,goibibo payment #1404,3633.68,Travel & Transport
TXN783176,water tax payment #5856,2459.68,Utilities
TXN275526,bharatpetrol payment #2572,2593.78,Fuel
TXN802897,youtube premium payment #4453,3153.32,Bills & Subscriptions
TXN976258,parking charges payment #7950,1105.22,Others
TXN777968,kritunga payment #8130,2711.88,Food & Dining
TXN139726,kfc payment #6434,167.58,Food & Dining
TXN685193,mcdonalds payment #5127,318.63,Food & Dining
TXN506881,chai point payment #7678,4559.38,Food & Dining
TXN508422,zee5 subscription payment #1276,2193.47,Entertainment
TXN892682,urbanclap payment #2036,2697.43,Others
TXN475075,bigbasket payment #2189,3519.37,Groceries
TXN736030,google one payment #5937,1484.69,Bills & Subscriptions
TXN499941,faasos payment #8170,3838.11,Food & Dining
TXN330545,apollo pharmacy payment #9740,2396.24,Health & Fitness
TXN409307,pantaloons payment #9941,1985.41,Shopping
TXN111691,urban company payment #7113,1525.38,Others
TXN700538,apple music payment #1082,660.01,Bills & Subscriptions
TXN419491,spencer’s retail payment #2394,2708.9,Groceries
TXN322022,essar petrol payment #6633,3720.08,Fuel
TXN746850,cult fit payment #4617,846.72,Health & Fitness
TXN992744,airindia payment #1891,617.38,Travel & Transport
TXN404771,figma pro payment #2198,3241.14,Bills & Subscriptions
TXN860835,urbanclap payment #4234,1290.9,Others
TXN234443,jiomart grocery payment #6851,4760.12,Groceries
TXN749609,donation payment payment #5671,1210.94,Others
TXN444295,kritunga payment #8383,1623.04,Food & Dining
TXN693024,blinkit payment #3496,3482.62,Groceries
TXN276831,nature's basket payment #8017,4048.11,Groceries
TXN846794,sbi atm payment #4629,1268.57,Financial Services
TXN240829,nobroker services payment #6889,1419.57,Others
TXN585331,donation payment payment #8863,1691.24,Others
TXN678469,inox movies payment #8978,3885.1,Entertainment
TXN982683,starbucks payment #2343,3245.48,Food & Dining
TXN376021,irctc payment #4218,4461.92,Travel & Transport
TXN990856,urbanclap payment #1305,3650.76,Others
TXN906564,youtube premium payment #7637,4072.58,Bills & Subscriptions
TXN669868,more supermarket payment #5269,4536.2,Groceries
TXN483588,figma pro payment #3435,3286.85,Bills & Subscriptions
TXN240384,medplus payment #5767,4462.62,Health & Fitness
TXN111106,hotstar payment #9227,2014.09,Entertainment
TXN893988,urban company payment #3717,4247.51,Others
TXN693868,apple music payment #3935,2258.79,Bills & Subscriptions
TXN476224,reliance fresh payment #8921,3692.8,Groceries
TXN165914,bhim upi payment #4796,3819.29,Financial Services
TXN643042,rapido payment #4387,1208.39,Travel & Transport
TXN148693,tata play dth payment #8448,2374.89,Utilities
TXN764343,reimbursement payment #9542,1654.15,Financial Services
TXN494956,indigo payment #3848,2914.23,Travel & Transport
TXN641760,nobroker services payment #2275,1858.22,Others
TXN641455,redbus payment #4651,4864.74,Travel & Transport
TXN610511,healthspring payment #6653,4095.32,Health & Fitness
TXN561267,netflix payment #3276,2534.09,Entertainment
TXN321791,ajio payment #5600,431.59,Shopping
TXN793223,myntra payment #2938,828.92,Shopping
TXN604906,shell payment #2856,4065.3,Fuel
TXN778700,nobroker services payment #3641,2421.15,Others
TXN701344,apollo pharmacy payment #3095,1256.17,Health & Fitness
TXN141094,reliance fresh payment #9399,716.88,Groceries
TXN288783,reliance fresh payment #5231,326.76,Groceries
TXN854500,notion subscription payment #1305,3016.82,Bills & Subscriptions
TXN327114,parking charges payment #2404,1453.1,Others
TXN330019,prime video payment #3794,4343.15,Entertainment
TXN753484,cult fit payment #3979,3983.35,Health & Fitness
TXN575497,local technician payment #6614,1359.38,Others
TXN238635,dunzo payment #7315,1187.58,Groceries
TXN817611,zomato payment #9263,1051.63,Food & Dining
TXN598985,cult fit payment #3906,3047.28,Health & Fitness
TXN627778,bigbasket payment #9706,4394.88,Groceries
TXN732789,mcdonalds payment #3135,2437.09,Food & Dining
TXN647403,youtube premium payment #8069,4490.0,Bills & Subscriptions
TXN549793,healthspring payment #9680,4380.38,Health & Fitness
TXN467544,ioc fuel station payment #7246,2436.51,Fuel
TXN600318,dunzo payment #5170,2156.17,Groceries
TXN528497,ioc fuel station payment #9908,464.9,Fuel
TXN706063,airindia payment #1116,77.07,Travel & Transport
TXN786341,google one payment #7144,2622.82,Bills & Subscriptions
TXN479867,essar petrol payment #7698,4031.22,Fuel
TXN373995,kfc payment #5155,2159.05,Food & Dining
TXN813666,notion subscription payment #5514,2845.12,Bills & Subscriptions
TXN287401,medplus payment #8904,2095.48,Health & Fitness
TXN705711,water tax payment #6024,1306.2,Utilities
TXN884140,tata play dth payment #2951,3692.12,Utilities
TXN205149,shell payment #3650,3926.39,Fuel
TXN939756,reliance petrol pump payment #6544,2032.78,Fuel
TXN943442,youtube premium payment #1086,845.65,Bills & Subscriptions
TXN192422,kfc payment #8133,2384.76,Food & Dining
TXN738613,barbeque nation payment #2311,1147.76,Food & Dining
TXN743789,icici atm payment #7564,4656.89,Financial Services
TXN911187,local technician payment #1941,1468.02,Others
TXN311505,lifestyle payment #1175,2497.12,Shopping
TXN135241,parking charges payment #4190,2614.86,Others
TXN477214,more supermarket payment #1590,3095.19,Groceries
TXN191061,essar petrol payment #3579,51.42,Fuel
TXN525146,redbus payment #7474,1797.98,Travel & Transport
TXN194545,more supermarket payment #2124,2612.83,Groceries
TXN464354,microsoft 365 payment #6703,3644.39,Bills & Subscriptions
TXN576849,airindia payment #4187,3051.5,Travel & Transport
TXN630829,apollo pharmacy payment #7670,1342.48,Health & Fitness
TXN456480,paradise biryani payment #5821,408.31,Food & Dining
TXN952646,chayos payment #9813,4785.71,Food & Dining
TXN690525,blinkit payment #7178,3486.25,Groceries
TXN814703,bookmyshow payment #8517,3799.49,Entertainment
TXN170835,netflix payment #5224,2435.75,Entertainment
TXN939030,medplus payment #4767,3400.72,Health & Fitness
TXN661671,tata play dth payment #9462,4779.46,Utilities
TXN518309,amazonpay upi payment #2523,1278.88,Financial Services
TXN681489,donation payment payment #2245,4114.32,Others
TXN701581,nykaa payment #4580,1603.67,Shopping
TXN623238,irctc payment #4115,4738.23,Travel & Transport
TXN316823,hp petrol payment #5348,3690.37,Fuel
TXN263573,hp petrol payment #6833,4182.96,Fuel
TXN743644,dominos payment #9071,4604.93,Food & Dining
TXN489227,atm fee payment #8901,4792.07,Financial Services
TXN614646,nature's basket payment #5501,2487.08,Groceries
TXN517206,westside payment #5591,4584.23,Shopping
TXN651273,ioc fuel station payment #1887,2904.49,Fuel
TXN626883,talwalkars gym payment #1533,4701.29,Health & Fitness
TXN579404,tata play dth payment #3863,4308.98,Utilities
TXN112394,chayos payment #1137,2327.35,Food & Dining
TXN441244,urban company payment #2650,1928.17,Others
TXN348658,act fibernet payment #5306,976.4,Utilities
TXN483699,makemytrip payment #6621,4794.71,Travel & Transport
TXN834750,nykaa payment #7866,2148.52,Shopping
TXN572623,hathway broadband payment #5581,4278.91,Utilities
TXN953740,decathlon payment #4744,699.14,Shopping
TXN997904,barbeque nation payment #8081,4030.23,Food & Dining
TXN595962,medplus payment #3450,771.93,Health & Fitness
TXN990649,googlepay upi payment #3203,2136.53,Financial Services
TXN923481,local technician payment #6172,2693.21,Others
TXN517754,pvr cinemas payment #1781,1292.32,Entertainment
TXN599687,starbucks payment #5166,347.18,Food & Dining
TXN372387,urbanclap payment #6483,2276.78,Others
TXN460857,hathway broadband payment #5222,2823.73,Utilities
TXN704875,hdfc loan emi payment #4259,650.13,Financial Services
TXN472358,reliance fresh payment #5663,4897.9,Groceries
TXN182216,water tax payment #8322,3884.98,Utilities
TXN275715,pharmeasy payment #3373,2345.57,Health & Fitness
TXN761938,parking charges payment #7911,4646.41,Others
TXN182954,spencer’s retail payment #2168,4252.06,Groceries
TXN784733,d mart payment #6191,1179.68,Shopping
TXN384424,indigo payment #7479,3046.66,Travel & Transport
TXN572161,inox movies payment #9535,3752.08,Entertainment
TXN231113,cult fit payment #1378,960.24,Health & Fitness
TXN320800,essar petrol payment #2311,1295.65,Fuel
TXN596171,croma payment #2045,559.9,Shopping
TXN649435,youtube premium payment #7504,180.51,Bills & Subscriptions
TXN188406,dominos payment #3544,1349.14,Food & Dining
TXN873422,nobroker services payment #5053,1581.38,Others
TXN652329,makemytrip payment #3150,3151.08,Travel & Transport
TXN440998,amazon payment #6846,224.02,Shopping
TXN385647,prime video payment #9856,4876.16,Entertainment
TXN285636,figma pro payment #9835,718.82,Bills & Subscriptions
TXN648887,jiomart grocery payment #8126,3173.69,Groceries
TXN605048,donation payment payment #6688,2692.23,Others
TXN422823,adobe creative cloud payment #8239,4033.3,Bills & Subscriptions
TXN111068,tata play dth payment #5973,1336.04,Utilities
TXN460589,bank service charge payment #3233,4086.13,Financial Services
TXN892170,makemytrip payment #9059,2698.74,Travel & Transport
TXN936726,pvr cinemas payment #8052,95.21,Entertainment
TXN674842,vistara airlines payment #1118,1194.52,Travel & Transport
TXN513927,jio fiber payment #8161,2088.09,Utilities
TXN968668,hp petrol payment #7385,3588.94,Fuel
TXN755698,medplus payment #7917,1351.75,Health & Fitness
TXN398505,reliance petrol pump payment #5454,3834.46,Fuel
TXN532961,donation payment payment #5404,2683.12,Others
TXN403662,ioc fuel station payment #3238,388.9,Fuel
TXN834498,pizza hut payment #5458,3107.76,Food & Dining
TXN259540,jiomart grocery payment #1317,979.56,Groceries
TXN395818,atm fee payment #2675,159.55,Financial Services
TXN344119,irctc payment #1134,3590.22,Travel & Transport
TXN458521,kfc payment #4558,122.89,Food & Dining
TXN489438,pharmeasy payment #9165,3939.34,Health & Fitness
TXN158760,netflix payment #3393,1684.73,Entertainment
TXN290425,redbus payment #8702,403.35,Travel & Transport
TXN968485,ioc fuel station payment #7251,1287.89,Fuel
TXN503489,bank a/c transfer payment #5078,4874.26,Financial Services
TXN308855,bookmyshow payment #1549,3701.21,Entertainment
TXN595793,hotstar payment #4415,2629.64,Entertainment
TXN759726,pharmeasy payment #3598,4684.27,Health & Fitness
TXN604605,atm fee payment #5150,2628.58,Financial Services
TXN799080,housejoy payment #1853,1033.68,Others
TXN440277,indianoil payment #8113,1218.03,Fuel
TXN515035,googlepay upi payment #2960,3982.23,Financial Services
TXN821846,indianoil payment #8786,4845.73,Fuel
TXN360804,reliance fresh payment #2466,1888.42,Groceries
TXN896456,nykaa payment #6544,502.44,Shopping
TXN835395,urbanclap payment #3521,345.89,Others
TXN432125,google one payment #4812,672.85,Bills & Subscriptions
TXN868804,canva pro payment #8187,4037.35,Bills & Subscriptions
TXN859587,indianoil payment #6868,3461.79,Fuel
TXN840951,meesho payment #8951,4498.38,Shopping
TXN298994,pvr cinemas payment #9029,2736.53,Entertainment
TXN867979,reliance fresh payment #6303,2740.92,Groceries
TXN172222,pvr cinemas payment #3627,4344.93,Entertainment
TXN667915,apple music payment #5314,2274.45,Bills & Subscriptions
TXN497455,water tax payment #9289,53.56,Utilities
TXN913712,amazon payment #6965,3117.69,Shopping
TXN790266,more supermarket payment #2037,1637.44,Groceries
TXN902930,notion subscription payment #9151,989.85,Bills & Subscriptions
TXN529711,apple music payment #6285,3084.54,Bills & Subscriptions
TXN790897,housejoy payment #9572,596.8,Others
TXN287316,swiggy payment #3126,4184.21,Food & Dining
TXN203550,paytm upi payment #4139,579.92,Financial Services
TXN789880,reversal charge payment #7366,3226.67,Financial Services
TXN735388,pvr cinemas payment #4616,292.97,Entertainment
TXN787603,zomato payment #4419,4654.54,Food & Dining
TXN478458,hotstar payment #1994,2366.89,Entertainment
TXN963652,notion subscription payment #1955,4119.03,Bills & Subscriptions
TXN974991,blinkit payment #2153,2668.65,Groceries
TXN201836,ola payment #9511,4725.79,Travel & Transport
TXN302500,chai point payment #4104,2681.72,Food & Dining
TXN685549,adobe creative cloud payment #3931,2871.64,Bills & Subscriptions
TXN807256,notion subscription payment #6864,3743.24,Bills & Subscriptions
TXN930956,zee5 subscription payment #3733,4419.98,Entertainment
TXN789472,tanishq payment #6529,2037.71,Shopping
TXN469438,tanishq payment #8258,4992.25,Shopping
TXN901305,hathway broadband payment #7755,4232.03,Utilities
TXN737967,nobroker services payment #6299,4139.47,Others
TXN902903,reliance petrol pump payment #7145,2750.85,Fuel
TXN569237,microsoft 365 payment #8412,1832.04,Bills & Subscriptions
TXN724702,apollo pharmacy payment #5660,3645.25,Health & Fitness
TXN106887,bank service charge payment #5945,718.67,Financial Services
TXN122755,airindia payment #6159,1113.37,Travel & Transport
TXN198867,goibibo payment #3534,2580.79,Travel & Transport
TXN377860,icici emi payment payment #3267,1810.5,Financial Services
TXN196369,jio fiber payment #5920,1203.32,Utilities
TXN869933,spencer’s retail payment #4562,2866.87,Groceries
TXN611994,behrouz biryani payment #3832,3974.88,Food & Dining
TXN139186,dunzo payment #5921,2996.39,Groceries
TXN908348,spencer’s retail payment #1916,438.46,Groceries
TXN536754,hathway broadband payment #8115,4404.97,Utilities
TXN764678,chai point payment #1187,3751.01,Food & Dining
TXN143182,nobroker services payment #9591,317.93,Others
TXN260639,tneb payment payment #4617,1667.82,Utilities
TXN567262,sbi card payment payment #7436,3671.31,Financial Services
TXN924566,dunzo payment #5747,1149.32,Groceries
TXN598969,cult fit payment #2352,704.34,Health & Fitness
TXN189211,bigbasket payment #5301,2763.35,Groceries
TXN899049,fortis hospital payment #3136,3880.43,Health & Fitness
TXN514521,nykaa payment #8993,2818.52,Shopping
TXN358207,local technician payment #9589,1020.69,Others
TXN439121,indianoil payment #8046,1367.97,Fuel
TXN544114,local technician payment #7776,493.49,Others
TXN722725,hathway broadband payment #6644,992.92,Utilities
TXN466704,urbanclap payment #3773,3859.92,Others
TXN147057,jiomart grocery payment #8216,3134.75,Groceries
TXN894541,hp petrol payment #3555,3442.53,Fuel
TXN751168,dominos payment #4982,3710.93,Food & Dining
TXN419939,meesho payment #2823,117.98,Shopping
TXN875959,prime video payment #4424,162.6,Entertainment
TXN886804,adobe creative cloud payment #9573,1058.82,Bills & Subscriptions
TXN828834,goibibo payment #3315,2440.98,Travel & Transport
TXN145594,urbanclap payment #9631,1914.2,Others
TXN927524,irctc payment #4288,347.54,Travel & Transport
TXN169832,blinkit payment #1136,312.77,Groceries
TXN213132,pharmeasy payment #6901,3331.76,Health & Fitness
TXN342397,atm withdrawal payment #7332,4343.68,Financial Services
TXN726111,1mg payment #8940,4524.17,Health & Fitness
TXN580233,google one payment #9202,972.77,Bills & Subscriptions
TXN419739,youtube premium payment #9673,246.77,Bills & Subscriptions
TXN119264,water tax payment #3572,1997.33,Utilities
TXN347678,hathway broadband payment #5953,1809.12,Utilities
TXN505977,microsoft 365 payment #5221,4068.87,Bills & Subscriptions
TXN259077,atm fee payment #4695,4748.13,Financial Services
TXN865344,tata play dth payment #2438,3301.81,Utilities
TXN547180,medplus payment #3502,2115.8,Health & Fitness
TXN238173,vistara airlines payment #9883,1679.96,Travel & Transport
TXN817276,essar petrol payment #9869,735.95,Fuel
TXN241822,ioc fuel station payment #9582,733.64,Fuel
TXN432918,cult fit payment #3589,3298.35,Health & Fitness
TXN293079,paradise biryani payment #2939,2688.16,Food & Dining
TXN534152,tneb payment payment #6221,3649.04,Utilities
TXN259338,pharmeasy payment #5485,2242.87,Health & Fitness
TXN899484,indianoil payment #1429,701.15,Fuel
TXN725329,blinkit payment #4783,3047.74,Groceries
TXN183336,hp petrol payment #6886,3452.52,Fuel
TXN846606,spotify payment #8680,2536.51,Entertainment
TXN615318,housejoy payment #7348,960.68,Others
TXN133795,spotify payment #4707,860.74,Entertainment
TXN333365,apollo pharmacy payment #7767,4630.9,Health & Fitness
TXN285679,urban company payment #2083,3800.99,Others
TXN358771,prime video payment #8496,3454.92,Entertainment
TXN855185,fortis hospital payment #7232,3892.26,Health & Fitness
TXN650744,tata play dth payment #9784,3076.95,Utilities
TXN214626,donation payment payment #9530,3945.25,Others
TXN357657,prime video payment #1694,4143.7,Entertainment
TXN684791,notion subscription payment #1643,4919.96,Bills & Subscriptions
TXN517375,apollo pharmacy payment #8201,989.76,Health & Fitness
TXN408721,indigo payment #7921,2333.67,Travel & Transport
TXN586097,bigbasket payment #3330,3465.27,Groceries
TXN218669,nobroker services payment #9202,497.68,Others
TXN241879,westside payment #9952,2947.97,Shopping
TXN287567,fortis hospital payment #1408,1651.13,Health & Fitness
TXN362230,bookmyshow payment #2477,4418.61,Entertainment
TXN195620,tneb payment payment #3024,3605.95,Utilities
TXN649262,pizza hut payment #2397,3188.66,Food & Dining
TXN146038,cult fit payment #7235,1924.46,Health & Fitness
TXN269999,d mart payment #3459,2849.18,Shopping
TXN539963,myntra payment #1840,3857.33,Shopping
TXN402808,indigo payment #8311,3664.3,Travel & Transport
TXN312705,urban company payment #3155,631.89,Others
TXN580921,salary credit payment #1200,3838.71,Financial Services
TXN737517,prime video payment #1094,2740.33,Entertainment
TXN575779,bookmyshow payment #8794,1123.53,Entertainment
TXN356600,talwalkars gym payment #1107,443.05,Health & Fitness
TXN151295,microsoft 365 payment #4401,3117.84,Bills & Subscriptions
TXN138504,myntra payment #6718,322.57,Shopping
TXN447195,amazon payment #5889,3351.63,Shopping
TXN269172,swiggy payment #3920,588.99,Food & Dining
TXN577456,housejoy payment #3906,3074.89,Others
TXN905843,nature's basket payment #2525,4660.83,Groceries
TXN960109,rapido payment #7208,1874.42,Travel & Transport
TXN407057,burger king payment #2063,4224.38,Food & Dining
TXN445200,spotify payment #5496,654.01,Entertainment
TXN741784,notion subscription payment #4425,2647.0,Bills & Subscriptions
TXN191928,bank a/c transfer payment #9666,2878.27,Financial Services
TXN372273,pvr cinemas payment #6185,2163.92,Entertainment
TXN644951,canva pro payment #9132,4639.17,Bills & Subscriptions
TXN739008,nobroker services payment #3947,2487.9,Others
TXN101657,essar petrol payment #4171,1487.92,Fuel
TXN873291,zomato payment #2932,2351.18,Food & Dining
TXN534153,ioc fuel station payment #7793,3095.77,Fuel
TXN111846,sbi atm payment #4478,1780.77,Financial Services
TXN928580,urban company payment #5168,3465.58,Others
TXN904291,faasos payment #6307,1536.41,Food & Dining
TXN515287,bank a/c transfer payment #6592,3444.89,Financial Services
TXN446569,bigbasket payment #4178,4168.61,Groceries
TXN777015,water tax payment #1582,4585.01,Utilities
TXN663051,nykaa payment #8546,819.16,Shopping
TXN878656,water tax payment #7782,3930.75,Utilities
TXN682145,bank service charge payment #6169,1531.75,Financial Services
TXN938373,youtube premium payment #6434,1080.9,Bills & Subscriptions
TXN981578,bsnl bill payment #5595,4849.59,Utilities
TXN983326,sbi atm payment #9753,4918.91,Financial Services
TXN724103,decathlon payment #4070,3048.16,Shopping
TXN844321,faasos payment #6152,3541.07,Food & Dining
TXN349185,amazonpay upi payment #9143,2098.65,Financial Services
TXN326639,water tax payment #5958,4155.81,Utilities
TXN923073,microsoft 365 payment #7131,916.31,Bills & Subscriptions
TXN630573,paytm upi payment #8270,4571.1,Financial Services
TXN299451,bajaj finance emi payment #3524,4529.53,Financial Services
TXN425434,water tax payment #9579,3675.58,Utilities
TXN962074,tneb payment payment #2609,3858.93,Utilities
TXN581682,apple music payment #1598,1065.68,Bills & Subscriptions
TXN820426,1mg payment #1721,70.34,Health & Fitness
TXN208111,dunzo payment #1755,1699.78,Groceries
TXN769883,microsoft 365 payment #6114,161.28,Bills & Subscriptions
TXN390088,bharatpetrol payment #5695,1042.75,Fuel
TXN385898,canva pro payment #2927,3875.3,Bills & Subscriptions
TXN753205,myntra payment #1249,1404.5,Shopping
TXN676051,google one payment #6739,1072.56,Bills & Subscriptions
TXN701969,act fibernet payment #5641,750.71,Utilities
TXN666836,hp petrol payment #6549,402.65,Fuel
TXN808308,netflix payment #8712,693.87,Entertainment
TXN547181,bank a/c transfer payment #2410,1948.82,Financial Services
TXN746253,cult fit payment #8304,3538.15,Health & Fitness
TXN847528,act fibernet payment #4246,1695.04,Utilities
TXN695370,parking charges payment #8629,2690.75,Others
TXN201987,flipkart payment #8672,4073.61,Shopping
TXN593403,pvr cinemas payment #8625,3438.17,Entertainment
TXN481104,hp petrol payment #5227,761.42,Fuel
TXN927094,cult fit payment #6412,3513.09,Health & Fitness
TXN598424,water tax payment #2070,2463.16,Utilities
TXN395968,wow momo payment #3798,2419.33,Food & Dining
TXN957266,tneb payment payment #7646,2564.35,Utilities
TXN930924,behrouz biryani payment #2162,2802.94,Food & Dining
TXN350164,goibibo payment #7773,2331.83,Travel & Transport
TXN502460,more supermarket payment #8903,2762.35,Groceries
TXN922412,behrouz biryani payment #8063,1080.78,Food & Dining
TXN281493,healthspring payment #4869,2745.41,Health & Fitness
TXN219876,donation payment payment #8972,435.58,Others
TXN961953,jiomart grocery payment #2599,1660.62,Groceries
TXN172988,spotify payment #7648,1574.78,Entertainment
TXN443312,dunzo payment #7208,3443.27,Groceries
TXN708979,netflix payment #3276,498.14,Entertainment
TXN792984,parking charges payment #3403,50.91,Others
TXN745474,nykaa payment #7389,2679.72,Shopping
TXN414295,jiomart grocery payment #6187,1018.55,Groceries
TXN852658,blinkit payment #8122,4596.58,Groceries
TXN523831,bsnl bill payment #9362,2934.5,Utilities
TXN155708,meesho payment #9992,358.93,Shopping
TXN215027,atm fee payment #6885,4112.73,Financial Services
TXN755584,uber payment #7459,1214.44,Travel & Transport
TXN671598,tata play dth payment #8130,2059.86,Utilities
TXN297370,essar petrol payment #3278,908.38,Fuel
TXN980764,notion subscription payment #6902,4224.47,Bills & Subscriptions
TXN240800,cult fit payment #3056,1477.93,Health & Fitness
TXN856379,rtgs transfer payment #3359,3259.53,Financial Services
TXN188776,zee5 subscription payment #3224,4876.13,Entertainment
TXN927251,lifestyle payment #8471,4039.41,Shopping
TXN634160,spencer’s retail payment #8444,3135.08,Groceries
TXN294816,talwalkars gym payment #4698,1954.34,Health & Fitness
TXN846722,apollo pharmacy payment #4878,2910.8,Health & Fitness
TXN704349,microsoft 365 payment #9948,2083.65,Bills & Subscriptions
TXN839122,airtel recharge payment #8917,4892.26,Utilities
TXN248989,bsnl bill payment #2311,2922.33,Utilities
TXN648779,microsoft 365 payment #2281,2351.43,Bills & Subscriptions
TXN817303,dunzo payment #2279,1263.89,Groceries
TXN742818,local technician payment #6119,4000.59,Others
TXN591644,sbi atm payment #1176,2698.41,Financial Services
TXN541467,prime video payment #6431,2891.13,Entertainment
TXN828813,act fibernet payment #1578,1481.58,Utilities
TXN164401,blinkit payment #5267,3648.51,Groceries
TXN788201,nobroker services payment #1845,2911.8,Others
TXN186518,vistara airlines payment #8942,185.13,Travel & Transport
TXN364294,tanishq payment #5552,430.47,Shopping
TXN114892,decathlon payment #5209,1440.81,Shopping
TXN791174,starbucks payment #3476,4555.15,Food & Dining
TXN920539,inox movies payment #5280,4048.81,Entertainment
TXN134697,shell payment #9640,945.01,Fuel
TXN978302,bsnl bill payment #3525,4838.36,Utilities
TXN792759,zee5 subscription payment #4898,3863.32,Entertainment
TXN156964,spotify payment #6653,1093.74,Entertainment
TXN155074,housejoy payment #2900,3789.65,Others
TXN599401,nykaa payment #5937,2023.79,Shopping
TXN597643,adobe creative cloud payment #7390,1930.01,Bills & Subscriptions
TXN112439,irctc payment #8122,2675.69,Travel & Transport
TXN656011,makemytrip payment #6172,1940.92,Travel & Transport
TXN768387,urbanclap payment #9704,531.95,Others
TXN451238,tata play dth payment #5466,3071.9,Utilities
TXN786128,indigo payment #5183,4021.47,Travel & Transport
TXN869983,spencer’s retail payment #4961,2332.49,Groceries
TXN453796,local technician payment #9518,3863.96,Others
TXN674213,donation payment payment #6132,4966.41,Others
TXN112542,sbi card payment payment #2113,91.96,Financial Services
TXN468591,1mg payment #8306,2650.06,Health & Fitness
TXN135695,essar petrol payment #4163,1452.32,Fuel
TXN728500,salary credit payment #4552,505.11,Financial Services
TXN190582,urbanclap payment #2965,3554.97,Others
TXN216229,reliance fresh payment #4027,1910.99,Groceries
TXN769809,meesho payment #2240,1508.11,Shopping
TXN369836,pvr cinemas payment #6298,3858.33,Entertainment
TXN501393,westside payment #2022,416.29,Shopping
TXN952283,healthspring payment #5230,4979.99,Health & Fitness
TXN310416,irctc payment #9056,2230.85,Travel & Transport
TXN213697,spencer’s retail payment #9061,933.29,Groceries
TXN743790,tanishq payment #4578,3855.1,Shopping
TXN208304,urbanclap payment #5243,4567.42,Others
TXN914992,rtgs transfer payment #5105,398.54,Financial Services
TXN784578,netflix payment #3438,4487.74,Entertainment
TXN379378,urbanclap payment #7397,4667.82,Others
TXN702553,pantaloons payment #7411,1682.66,Shopping
TXN601365,bank service charge payment #9039,3552.65,Financial Services
TXN666366,fortis hospital payment #2148,4228.04,Health & Fitness
TXN227091,indianoil payment #8898,1952.9,Fuel
TXN520075,nature's basket payment #5961,1700.53,Groceries
TXN483102,reimbursement payment #2485,4985.23,Financial Services
TXN897392,canva pro payment #8530,448.26,Bills & Subscriptions
TXN502824,ksrtc bus payment #1644,1055.45,Travel & Transport
TXN211954,urban company payment #7391,1529.41,Others
TXN763529,donation payment payment #2390,1828.34,Others
TXN126596,bookmyshow payment #4163,742.72,Entertainment
TXN931247,more supermarket payment #2032,2471.7,Groceries
TXN117215,microsoft 365 payment #8361,2523.44,Bills & Subscriptions
TXN525205,sbi atm payment #1701,327.47,Financial Services
TXN580636,kritunga payment #9570,4045.16,Food & Dining
TXN877048,parking charges payment #3440,4377.56,Others
TXN871185,more supermarket payment #1604,4627.84,Groceries
TXN748410,nykaa payment #8720,3286.47,Shopping
TXN115063,bhim upi payment #3138,3521.42,Financial Services
TXN960607,lifestyle payment #6035,297.29,Shopping
TXN957525,pizza hut payment #2047,3075.57,Food & Dining
TXN166175,dominos payment #4613,2510.86,Food & Dining
TXN439984,shell payment #7586,1719.85,Fuel
TXN901351,paradise biryani payment #4493,729.78,Food & Dining
TXN226610,reversal charge payment #2035,908.57,Financial Services
TXN830119,irctc payment #3753,3799.87,Travel & Transport
TXN239849,tneb payment payment #1666,2221.37,Utilities
TXN610622,ccd cafe payment #1256,3899.43,Food & Dining
TXN841071,zomato payment #2460,85.76,Food & Dining
TXN827191,local technician payment #7819,4440.23,Others
TXN648496,spotify payment #5439,1070.49,Entertainment
TXN740195,zee5 subscription payment #3859,1234.31,Entertainment
TXN741780,salary credit payment #9190,941.0,Financial Services
TXN684801,faasos payment #1074,1771.88,Food & Dining
TXN200331,hp petrol payment #9686,631.66,Fuel
TXN632195,nature's basket payment #9842,4320.52,Groceries
TXN389854,shell payment #4409,3863.14,Fuel
TXN818530,paytm upi payment #3444,607.76,Financial Services
TXN156652,prime video payment #1706,922.8,Entertainment
TXN363592,housejoy payment #8121,1461.07,Others
TXN663463,water tax payment #1859,264.42,Utilities
TXN639915,myntra payment #8947,3938.19,Shopping
TXN721497,mcdonalds payment #8287,4480.64,Food & Dining
TXN341238,nature's basket payment #6336,2124.38,Groceries
TXN873584,behrouz biryani payment #4884,1177.52,Food & Dining
TXN177101,medplus payment #4615,1908.89,Health & Fitness
TXN251981,prime video payment #8141,318.98,Entertainment
TXN491627,reliance petrol pump payment #7346,2302.2,Fuel
TXN382795,nykaa payment #6875,3613.12,Shopping
TXN394234,bharatpetrol payment #1977,679.7,Fuel
TXN538539,flipkart payment #8513,4265.67,Shopping
TXN732958,westside payment #5835,1750.7,Shopping
TXN706204,westside payment #3784,3983.1,Shopping
TXN612977,adobe creative cloud payment #9548,478.05,Bills & Subscriptions
TXN392731,reliance petrol pump payment #8581,2393.77,Fuel
TXN359870,hdfc loan emi payment #5041,3694.09,Financial Services
TXN701568,tata play dth payment #3440,2918.36,Utilities
TXN593515,hdfc loan emi payment #1656,4901.91,Financial Services
TXN602550,youtube premium payment #7460,2157.2,Bills & Subscriptions
TXN685616,pizza hut payment #2361,2501.66,Food & Dining
TXN475815,hdfc loan emi payment #3174,4752.17,Financial Services
TXN116703,airindia payment #2486,3255.82,Travel & Transport
TXN999596,pvr cinemas payment #8524,850.92,Entertainment
TXN909327,bigbasket payment #8598,4883.28,Groceries
TXN757258,pantaloons payment #7068,2056.53,Shopping
TXN503575,netflix payment #2158,4308.89,Entertainment
TXN831963,airtel recharge payment #5420,1518.12,Utilities
TXN750594,more supermarket payment #2326,3949.07,Groceries
TXN154067,airtel recharge payment #6963,2597.95,Utilities
TXN483329,ccd cafe payment #1669,1859.67,Food & Dining
TXN687997,tneb payment payment #2097,3258.45,Utilities
TXN665847,hp petrol payment #4909,4907.2,Fuel
TXN889759,subway payment #4437,3700.03,Food & Dining
TXN628027,bharatpetrol payment #5380,1795.92,Fuel
TXN490923,nobroker services payment #2038,1421.87,Others
TXN969856,water tax payment #9629,2456.82,Utilities
TXN406461,subway payment #9730,3563.64,Food & Dining
TXN297503,inox movies payment #2075,4009.52,Entertainment
TXN402380,hotstar payment #3929,446.84,Entertainment
TXN830943,dominos payment #2835,865.59,Food & Dining
TXN645980,nykaa payment #4346,794.97,Shopping
TXN238440,urbanclap payment #9870,1501.19,Others
TXN405677,inox movies payment #1351,2129.64,Entertainment
TXN975505,indianoil payment #4806,159.08,Fuel
TXN787614,canva pro payment #6616,2087.87,Bills & Subscriptions
TXN982804,parking charges payment #9686,1665.22,Others
TXN927691,figma pro payment #3161,2317.14,Bills & Subscriptions
TXN607765,irctc payment #4715,3956.88,Travel & Transport
TXN255544,act fibernet payment #1775,3860.26,Utilities
TXN748680,act fibernet payment #3725,2306.84,Utilities
TXN283877,pantaloons payment #3986,2699.82,Shopping
TXN222596,parking charges payment #4897,809.75,Others
TXN373056,sbi atm payment #8223,2893.9,Financial Services
TXN797883,tneb payment payment #1568,1065.52,Utilities
TXN666091,hathway broadband payment #8347,782.32,Utilities
TXN524214,tanishq payment #1408,1542.72,Shopping
TXN263633,spotify payment #6246,4741.56,Entertainment
TXN778684,atm fee payment #6427,4879.23,Financial Services
TXN938416,makemytrip payment #3409,4485.09,Travel & Transport
TXN867180,jiomart grocery payment #2840,1726.49,Groceries
TXN423047,netflix payment #2914,740.15,Entertainment
TXN567636,icici atm payment #4610,3106.73,Financial Services
TXN711772,bsnl bill payment #4197,1665.51,Utilities
TXN305222,adobe creative cloud payment #5553,3917.35,Bills & Subscriptions
TXN809952,rtgs transfer payment #8298,2715.14,Financial Services
TXN303895,urbanclap payment #7462,4880.41,Others
TXN158770,inox movies payment #9381,3035.7,Entertainment
TXN487585,housejoy payment #8006,2017.91,Others
TXN468422,healthspring payment #6651,110.34,Health & Fitness
TXN326172,makemytrip payment #2435,4377.79,Travel & Transport
TXN271746,zee5 subscription payment #5728,4028.24,Entertainment
TXN250616,fortis hospital payment #2410,740.86,Health & Fitness
TXN451709,bharatpetrol payment #9606,2399.33,Fuel
TXN769836,ccd cafe payment #7708,487.82,Food & Dining
TXN844747,redbus payment #8571,915.72,Travel & Transport
TXN403524,reliance fresh payment #7254,1036.32,Groceries
TXN975126,figma pro payment #5947,259.05,Bills & Subscriptions
TXN335426,blinkit payment #8593,2495.8,Groceries
TXN771670,imps transfer payment #5917,812.42,Financial Services
TXN537420,nobroker services payment #5713,664.68,Others
TXN129824,nykaa payment #5009,4538.63,Shopping
TXN727983,barbeque nation payment #2093,2490.6,Food & Dining
TXN758501,water tax payment #5225,2849.59,Utilities
TXN491330,nobroker services payment #2959,4872.58,Others
TXN709908,youtube premium payment #3668,4234.14,Bills & Subscriptions
TXN474745,phonepe upi payment #3219,1632.42,Financial Services
TXN767153,amazon payment #7873,1399.72,Shopping
TXN769983,airtel recharge payment #9677,1484.79,Utilities
TXN901834,chayos payment #4002,1009.38,Food & Dining
TXN966985,starbucks payment #6180,2741.38,Food & Dining
TXN200488,parking charges payment #6939,1540.31,Others
TXN243601,canva pro payment #1211,4125.41,Bills & Subscriptions
TXN532007,microsoft 365 payment #8944,1896.42,Bills & Subscriptions
TXN627835,tneb payment payment #3532,556.97,Utilities
TXN987168,ioc fuel station payment #9612,982.66,Fuel
TXN222227,google one payment #2251,2115.86,Bills & Subscriptions
TXN824619,amazon payment #6104,2423.62,Shopping
TXN900681,tneb payment payment #9570,4094.34,Utilities
TXN880623,tneb payment payment #1471,3563.98,Utilities
TXN821469,chai point payment #3332,687.14,Food & Dining
TXN182423,bharatpetrol payment #3133,670.45,Fuel
TXN894122,1mg payment #8934,434.79,Health & Fitness
TXN931578,apollo pharmacy payment #1537,1021.94,Health & Fitness
TXN224698,local technician payment #8685,2986.22,Others
TXN891203,uber payment #1168,377.92,Travel & Transport
TXN716146,dominos payment #4365,4604.49,Food & Dining
TXN195189,hp petrol payment #1479,3369.47,Fuel
TXN469311,pantaloons payment #6698,4712.13,Shopping
TXN629435,tanishq payment #4962,3914.97,Shopping
TXN654527,dunzo payment #1229,540.57,Groceries
TXN280117,essar petrol payment #5617,998.16,Fuel
TXN324411,youtube premium payment #2616,4869.22,Bills & Subscriptions
TXN561023,figma pro payment #4033,1863.99,Bills & Subscriptions
TXN498055,urbanclap payment #6813,945.2,Others
TXN218327,medplus payment #7677,2595.54,Health & Fitness
TXN242514,bsnl bill payment #9515,2356.21,Utilities
TXN186243,inox movies payment #1665,3538.42,Entertainment
TXN579142,water tax payment #5646,622.83,Utilities
TXN336845,blinkit payment #8273,3450.88,Groceries
TXN297955,notion subscription payment #8011,1488.42,Bills & Subscriptions
TXN288006,subway payment #7020,4698.46,Food & Dining
TXN515623,sbi card payment payment #2723,2483.66,Financial Services
TXN520085,hotstar payment #7468,640.13,Entertainment
TXN167853,dunzo payment #3764,3720.09,Groceries
TXN228725,jio fiber payment #7623,1726.23,Utilities
TXN392047,ioc fuel station payment #9177,2152.29,Fuel
TXN473395,blinkit payment #7557,3793.7,Groceries
TXN392438,zee5 subscription payment #9379,4938.24,Entertainment
TXN362867,westside payment #3001,2300.44,Shopping
TXN131167,prime video payment #3205,1192.57,Entertainment
TXN811047,swiggy payment #9161,4160.05,Food & Dining
TXN260155,googlepay upi payment #6356,1944.03,Financial Services
TXN793193,vistara airlines payment #2253,3135.0,Travel & Transport
TXN407823,figma pro payment #4308,3974.02,Bills & Subscriptions
TXN668787,nobroker services payment #5287,2476.74,Others
TXN551313,airtel recharge payment #1517,4765.27,Utilities
TXN564053,ccd cafe payment #7165,2278.07,Food & Dining
TXN840356,netflix payment #5965,212.66,Entertainment
TXN850490,nykaa payment #6119,2181.87,Shopping
TXN792142,talwalkars gym payment #9037,3831.86,Health & Fitness
TXN631297,figma pro payment #3560,2405.76,Bills & Subscriptions
TXN746908,icici atm payment #7189,1353.79,Financial Services
TXN436050,housejoy payment #5660,3844.03,Others
TXN977589,imps transfer payment #3100,2972.79,Financial Services
TXN902364,hathway broadband payment #1440,4057.29,Utilities
TXN461908,housejoy payment #8014,1933.84,Others
TXN359642,tata play dth payment #5001,1788.78,Utilities
TXN821411,essar petrol payment #2391,1594.89,Fuel
TXN120669,faasos payment #3781,616.63,Food & Dining
TXN695642,canva pro payment #7921,235.02,Bills & Subscriptions
TXN716551,notion subscription payment #8695,1369.76,Bills & Subscriptions
TXN438083,sbi atm payment #7394,1919.8,Financial Services
TXN824423,dunzo payment #2639,4051.22,Groceries
TXN950874,urban company payment #9237,1713.04,Others
TXN480983,housejoy payment #5907,874.8,Others
TXN981202,medplus payment #2234,2509.91,Health & Fitness
TXN411762,adobe creative cloud payment #1778,1472.41,Bills & Subscriptions
TXN852570,spencer’s retail payment #2506,4032.78,Groceries
TXN170537,dunzo payment #5478,2979.73,Groceries
TXN934301,jiomart grocery payment #6690,2164.17,Groceries
TXN553939,faasos payment #5913,2547.97,Food & Dining
TXN521843,local technician payment #7788,1601.1,Others
TXN289373,vistara airlines payment #9971,2601.08,Travel & Transport
TXN704864,reimbursement payment #4056,3531.49,Financial Services
TXN380951,bookmyshow payment #8656,3320.99,Entertainment
TXN693616,local technician payment #8106,4054.22,Others
TXN584952,urbanclap payment #6968,2635.23,Others
TXN985126,ajio payment #5919,794.84,Shopping
TXN764721,fortis hospital payment #2055,1627.33,Health & Fitness
TXN777424,ioc fuel station payment #5702,2091.57,Fuel
TXN525581,meesho payment #4868,3449.93,Shopping
TXN357516,indianoil payment #1453,792.31,Fuel
TXN542519,makemytrip payment #8145,2452.64,Travel & Transport
TXN243057,urbanclap payment #5468,1049.85,Others
TXN790666,amazonpay upi payment #5551,3958.87,Financial Services
TXN857568,apple music payment #1691,3239.25,Bills & Subscriptions
TXN429153,netflix payment #2375,323.87,Entertainment
TXN481088,blinkit payment #7668,4342.5,Groceries
TXN980605,donation payment payment #7502,4434.31,Others
TXN226502,ajio payment #9196,604.07,Shopping
TXN349641,microsoft 365 payment #2478,2507.43,Bills & Subscriptions
TXN445281,dunzo payment #6134,3877.29,Groceries
TXN543410,spencer’s retail payment #4865,4038.92,Groceries
TXN387883,hp petrol payment #4507,578.73,Fuel
TXN614178,zee5 subscription payment #1916,1308.81,Entertainment
TXN431863,canva pro payment #2850,3513.11,Bills & Subscriptions
TXN391224,notion subscription payment #5036,2400.53,Bills & Subscriptions
TXN961264,d mart payment #7025,2402.35,Shopping
TXN982348,uber payment #1570,3244.72,Travel & Transport
TXN365271,parking charges payment #4926,4707.2,Others
TXN951706,notion subscription payment #6945,1580.88,Bills & Subscriptions
TXN999308,urbanclap payment #4872,2697.81,Others
TXN367946,zee5 subscription payment #7438,88.94,Entertainment
TXN411870,ola payment #4857,4684.8,Travel & Transport
TXN762021,ioc fuel station payment #8190,4456.72,Fuel
TXN183985,tata play dth payment #5489,3957.12,Utilities
TXN852233,prime video payment #6451,3697.86,Entertainment
TXN630930,1mg payment #5275,4130.78,Health & Fitness
TXN873624,wow momo payment #9973,2133.31,Food & Dining
TXN772528,water tax payment #1853,3491.29,Utilities
TXN103225,urban company payment #3229,3169.27,Others
TXN703779,medplus payment #6140,3160.07,Health & Fitness
TXN848226,dominos payment #9460,831.22,Food & Dining
TXN931145,parking charges payment #7722,693.96,Others
TXN373342,water tax payment #3187,2417.91,Utilities
TXN938366,lifestyle payment #6367,2985.45,Shopping
TXN290724,airindia payment #7022,467.77,Travel & Transport
TXN121741,fortis hospital payment #4677,4726.55,Health & Fitness
TXN193298,atm fee payment #4747,3253.18,Financial Services
TXN152201,bookmyshow payment #3764,1345.83,Entertainment
TXN193387,fortis hospital payment #3445,3021.94,Health & Fitness
TXN114800,tneb payment payment #2922,4738.86,Utilities
TXN967442,notion subscription payment #8433,3878.13,Bills & Subscriptions
TXN299800,nobroker services payment #4328,636.64,Others
TXN236523,indigo payment #7259,3744.89,Travel & Transport
TXN862008,medplus payment #5636,3020.41,Health & Fitness
TXN930958,urban company payment #7693,2120.74,Others
TXN346924,amazon payment #5289,1486.46,Shopping
TXN711218,jiomart grocery payment #7056,4541.27,Groceries
TXN591658,donation payment payment #1169,2317.91,Others
TXN820216,d mart payment #7513,4873.28,Shopping
TXN871861,essar petrol payment #7935,1948.3,Fuel
TXN154644,blinkit payment #1962,411.63,Groceries
TXN735829,jio fiber payment #6804,2381.12,Utilities
TXN105621,parking charges payment #1745,3011.25,Others
TXN513869,goibibo payment #5956,3117.31,Travel & Transport
TXN708684,housejoy payment #1673,704.58,Others
TXN455652,meesho payment #9074,890.84,Shopping
TXN553959,spotify payment #9690,493.76,Entertainment
TXN234082,meesho payment #1723,628.37,Shopping
TXN396668,pvr cinemas payment #8046,3751.73,Entertainment
TXN642085,vistara airlines payment #5321,4156.47,Travel & Transport
TXN872663,tata play dth payment #6169,4468.73,Utilities
TXN155807,spotify payment #8208,2800.59,Entertainment
TXN137604,hp petrol payment #4000,320.11,Fuel
TXN557629,pvr cinemas payment #8653,859.6,Entertainment
TXN843470,subway payment #6841,251.92,Food & Dining
TXN986925,figma pro payment #2843,2315.91,Bills & Subscriptions
TXN397917,flipkart payment #4337,1780.54,Shopping
TXN690607,myntra payment #5469,3762.19,Shopping
TXN651567,local technician payment #1067,1101.36,Others
TXN358114,reliance fresh payment #2258,2111.27,Groceries
TXN398090,hotstar payment #1425,4442.47,Entertainment
TXN719014,donation payment payment #7120,653.86,Others
TXN582589,behrouz biryani payment #2328,811.19,Food & Dining
TXN723068,nobroker services payment #5412,2297.57,Others
TXN788047,urbanclap payment #1718,1680.66,Others
TXN321634,jiomart grocery payment #3118,1658.33,Groceries
TXN879930,reimbursement payment #1909,1450.62,Financial Services
TXN197046,paradise biryani payment #7248,4761.91,Food & Dining
TXN193520,pharmeasy payment #7535,931.15,Health & Fitness
TXN398776,paytm upi payment #7592,856.56,Financial Services
TXN226460,parking charges payment #3525,4774.44,Others
TXN818234,makemytrip payment #6080,4015.45,Travel & Transport
TXN972470,reliance fresh payment #2574,1827.27,Groceries
TXN599583,jio fiber payment #7358,2473.63,Utilities
TXN893237,vistara airlines payment #2478,3021.69,Travel & Transport
TXN761322,healthspring payment #8112,3088.65,Health & Fitness
TXN586041,1mg payment #6599,250.17,Health & Fitness
TXN619383,urban company payment #3540,3255.67,Others
TXN183029,google one payment #8165,1488.98,Bills & Subscriptions
TXN817555,pvr cinemas payment #3093,785.6,Entertainment
TXN696152,airindia payment #5841,2639.31,Travel & Transport
TXN638354,atm fee payment #1738,428.84,Financial Services
TXN587227,chayos payment #2548,2153.32,Food & Dining
TXN472724,donation payment payment #5151,2863.97,Others
TXN117058,vistara airlines payment #9248,454.76,Travel & Transport
TXN983855,pizza hut payment #3985,938.78,Food & Dining
TXN429196,apollo pharmacy payment #5876,462.29,Health & Fitness
TXN754112,jiomart grocery payment #8371,3798.9,Groceries
TXN321321,rapido payment #4066,4835.26,Travel & Transport
TXN806120,flipkart payment #5248,3747.8,Shopping
TXN514118,burger king payment #1095,2695.16,Food & Dining
TXN582515,zomato payment #8817,900.09,Food & Dining
TXN824211,talwalkars gym payment #6910,1548.86,Health & Fitness
TXN191892,donation payment payment #5958,3391.76,Others
TXN955604,myntra payment #2833,118.69,Shopping
TXN604487,paytm upi payment #4428,4302.11,Financial Services
TXN982995,urban company payment #8139,3266.21,Others
TXN190275,parking charges payment #4127,3960.56,Others
TXN122876,makemytrip payment #7912,783.42,Travel & Transport
TXN608608,starbucks payment #8295,4516.96,Food & Dining
TXN311118,netflix payment #4975,4305.99,Entertainment
TXN153395,vistara airlines payment #7418,4155.78,Travel & Transport
TXN535878,airtel recharge payment #8074,558.18,Utilities
TXN609713,pvr cinemas payment #7548,233.24,Entertainment
TXN653971,figma pro payment #1994,1197.93,Bills & Subscriptions
TXN380859,hdfc loan emi payment #2040,2903.2,Financial Services
TXN618823,nobroker services payment #2915,4451.25,Others
TXN121817,nature's basket payment #8147,2269.21,Groceries
TXN460550,meesho payment #8688,3644.74,Shopping
TXN731347,bookmyshow payment #6556,2562.8,Entertainment
TXN858115,nobroker services payment #5806,699.23,Others
TXN934637,fortis hospital payment #6902,4173.75,Health & Fitness
TXN824248,spotify payment #5627,3128.12,Entertainment
TXN263907,subway payment #4268,689.03,Food & Dining
TXN617708,jiomart grocery payment #7815,549.47,Groceries
TXN119011,airindia payment #1770,1086.69,Travel & Transport
TXN283201,act fibernet payment #3598,1817.37,Utilities
TXN551538,youtube premium payment #6533,4043.74,Bills & Subscriptions
TXN609990,chai point payment #4671,647.41,Food & Dining
TXN907503,rapido payment #1764,3935.18,Travel & Transport
TXN733643,microsoft 365 payment #9444,4486.77,Bills & Subscriptions
TXN937798,urbanclap payment #8173,3546.7,Others
TXN963617,hotstar payment #2669,4874.57,Entertainment
TXN760525,youtube premium payment #3736,2561.16,Bills & Subscriptions
TXN863729,kritunga payment #3572,4559.38,Food & Dining
TXN868136,makemytrip payment #9165,3821.73,Travel & Transport
TXN958952,kfc payment #6482,3253.11,Food & Dining
TXN535945,flipkart payment #8194,4250.55,Shopping
TXN457900,bhim upi payment #8760,4182.33,Financial Services
TXN490527,goibibo payment #5358,897.75,Travel & Transport
TXN258975,healthspring payment #5021,3165.73,Health & Fitness
TXN940715,notion subscription payment #3260,3946.72,Bills & Subscriptions
TXN993796,fortis hospital payment #8516,4594.2,Health & Fitness
TXN252656,canva pro payment #8251,4721.51,Bills & Subscriptions
TXN454737,bank service charge payment #2389,4721.03,Financial Services
TXN555157,tata play dth payment #3692,4910.63,Utilities
TXN702466,icici atm payment #3473,3808.0,Financial Services
TXN410089,reimbursement payment #9516,4901.23,Financial Services
TXN856601,fortis hospital payment #5986,4434.63,Health & Fitness
TXN653429,hathway broadband payment #5583,89.12,Utilities
TXN775156,reliance fresh payment #8310,3516.46,Groceries
TXN831351,reliance petrol pump payment #8244,3140.58,Fuel
TXN188374,tata play dth payment #5940,3888.23,Utilities
TXN645752,atm fee payment #3064,1705.74,Financial Services
TXN678589,microsoft 365 payment #9383,1107.99,Bills & Subscriptions
TXN124559,goibibo payment #3621,1736.51,Travel & Transport
TXN972655,atm fee payment #4954,2982.89,Financial Services
TXN867543,redbus payment #2809,4935.43,Travel & Transport
TXN471692,hdfc atm payment #9314,1335.79,Financial Services
TXN570534,swiggy payment #3043,3794.97,Food & Dining
TXN455446,vistara airlines payment #8424,3697.45,Travel & Transport
TXN985517,ioc fuel station payment #9737,3741.5,Fuel
TXN799318,more supermarket payment #5661,1784.17,Groceries
TXN873337,reliance fresh payment #9514,3586.04,Groceries
TXN962813,indianoil payment #4154,1672.84,Fuel
TXN968679,water tax payment #7974,535.04,Utilities
TXN236381,1mg payment #7961,506.63,Health & Fitness
TXN809699,bookmyshow payment #7050,2258.51,Entertainment
TXN916656,notion subscription payment #9502,2961.79,Bills & Subscriptions
TXN561457,pharmeasy payment #7937,2942.3,Health & Fitness
TXN630354,zee5 subscription payment #3364,4127.87,Entertainment
TXN838747,nykaa payment #3119,3570.2,Shopping
TXN596349,google one payment #8461,3487.63,Bills & Subscriptions
TXN224535,googlepay upi payment #7051,4723.14,Financial Services
TXN699538,spencer’s retail payment #7055,596.16,Groceries
TXN489511,uber payment #2929,2637.75,Travel & Transport
TXN129336,rapido payment #8961,1551.14,Travel & Transport
TXN151014,myntra payment #7910,3929.77,Shopping
TXN102187,indigo payment #9008,1117.13,Travel & Transport
TXN537859,paradise biryani payment #1732,1775.81,Food & Dining
TXN919304,pvr cinemas payment #6534,2850.53,Entertainment
TXN898963,talwalkars gym payment #3175,4180.58,Health & Fitness
TXN799631,tanishq payment #8371,3200.48,Shopping
TXN193653,spotify payment #6328,4338.41,Entertainment
TXN455465,spencer’s retail payment #7478,1966.81,Groceries
TXN871660,youtube premium payment #8259,4792.49,Bills & Subscriptions
TXN841561,ksrtc bus payment #3713,488.22,Travel & Transport
TXN688297,reversal charge payment #6060,3169.04,Financial Services
TXN301774,urbanclap payment #2395,3237.38,Others
TXN298595,bigbasket payment #9548,4788.6,Groceries
TXN288474,netflix payment #9713,645.4,Entertainment
TXN969993,amazonpay upi payment #5018,3944.45,Financial Services
TXN736333,jiomart grocery payment #9741,469.01,Groceries
TXN124393,tata play dth payment #9052,2965.02,Utilities
TXN653545,tata play dth payment #1394,943.51,Utilities
TXN204158,tata play dth payment #2878,1323.03,Utilities
TXN367968,apple music payment #3992,1462.49,Bills & Subscriptions
TXN811572,kfc payment #7672,1568.63,Food & Dining
TXN290272,amazon payment #6329,3091.65,Shopping
TXN435587,neft transfer payment #2617,1525.22,Financial Services
TXN493754,croma payment #5225,4470.4,Shopping
TXN616926,swiggy payment #4874,1052.67,Food & Dining
TXN163577,notion subscription payment #5412,4749.32,Bills & Subscriptions
TXN607690,water tax payment #2072,2787.95,Utilities
TXN382234,hdfc loan emi payment #1305,3186.03,Financial Services
TXN419409,google one payment #3057,1269.26,Bills & Subscriptions
TXN313340,spencer’s retail payment #9199,2257.61,Groceries
TXN920011,d mart payment #3755,2725.18,Shopping
TXN143822,reliance petrol pump payment #8401,4765.43,Fuel
TXN784781,icici emi payment payment #5739,4807.52,Financial Services
TXN386578,amazon payment #8900,347.87,Shopping
TXN468488,blinkit payment #7228,4205.46,Groceries
TXN394976,urban company payment #9361,2946.54,Others
TXN415242,googlepay upi payment #2145,3708.96,Financial Services
TXN860294,ccd cafe payment #3288,3507.23,Food & Dining
TXN740098,microsoft 365 payment #4454,4397.48,Bills & Subscriptions
TXN766023,canva pro payment #6613,4425.46,Bills & Subscriptions
TXN458224,makemytrip payment #6269,1401.42,Travel & Transport
TXN116645,shell payment #6381,4797.01,Fuel
TXN104487,lifestyle payment #8807,4615.18,Shopping
TXN899502,sbi card payment payment #9011,909.0,Financial Services
TXN664814,1mg payment #2270,3947.16,Health & Fitness
TXN470141,sbi card payment payment #3022,2253.63,Financial Services
TXN230824,healthspring payment #1138,1964.42,Health & Fitness
TXN109818,inox movies payment #8283,4684.43,Entertainment
TXN813612,essar petrol payment #5606,147.92,Fuel
TXN947684,jio fiber payment #5967,495.33,Utilities
TXN138583,hp petrol payment #6947,4901.59,Fuel
TXN107482,makemytrip payment #4425,4527.31,Travel & Transport
TXN390819,ioc fuel station payment #2817,3210.26,Fuel
TXN791890,jiomart grocery payment #4174,893.86,Groceries
TXN882209,reliance fresh payment #3101,373.54,Groceries
TXN648489,kfc payment #4734,1335.14,Food & Dining
TXN826648,airindia payment #1378,4245.95,Travel & Transport
TXN102049,local technician payment #8437,3091.56,Others
TXN553559,apollo pharmacy payment #6292,4276.61,Health & Fitness
TXN589251,pharmeasy payment #9491,652.5,Health & Fitness
TXN856254,inox movies payment #1712,2610.42,Entertainment
TXN658272,indianoil payment #7882,1425.77,Fuel
TXN450964,inox movies payment #4188,75.54,Entertainment
TXN823044,zomato payment #4696,4951.81,Food & Dining
TXN272471,1mg payment #4225,4589.13,Health & Fitness
TXN129226,act fibernet payment #2584,361.08,Utilities
TXN981336,zee5 subscription payment #6477,4049.89,Entertainment
TXN457356,airindia payment #4905,583.81,Travel & Transport
TXN176452,sbi atm payment #4878,2622.39,Financial Services
TXN707056,jiomart grocery payment #8314,3832.29,Groceries
TXN495727,mcdonalds payment #1546,4873.9,Food & Dining
TXN941363,bsnl bill payment #2015,3924.1,Utilities
TXN168986,netflix payment #8075,1542.28,Entertainment
TXN991215,swiggy payment #5831,2818.33,Food & Dining
TXN344435,fortis hospital payment #7735,524.36,Health & Fitness
TXN933790,bigbasket payment #8605,2294.39,Groceries
TXN576133,1mg payment #1425,1731.1,Health & Fitness
TXN207677,canva pro payment #2769,2959.68,Bills & Subscriptions
TXN701056,salary credit payment #4172,3580.83,Financial Services
TXN541457,lifestyle payment #6822,2569.05,Shopping
TXN935741,prime video payment #3255,970.32,Entertainment
TXN638051,neft transfer payment #8140,682.02,Financial Services
TXN913166,parking charges payment #9866,1820.83,Others
TXN405202,myntra payment #6618,2374.14,Shopping
TXN160101,airtel recharge payment #3369,2612.52,Utilities
TXN542563,reliance petrol pump payment #1894,4104.96,Fuel
TXN923408,jio fiber payment #4297,4883.73,Utilities
TXN828531,behrouz biryani payment #8794,987.31,Food & Dining
TXN746030,inox movies payment #6499,4267.44,Entertainment
TXN576370,redbus payment #2717,1676.66,Travel & Transport
TXN769795,bajaj finance emi payment #1060,1136.06,Financial Services
TXN350629,essar petrol payment #4492,1189.86,Fuel
TXN315289,inox movies payment #7158,4045.99,Entertainment
TXN480441,cult fit payment #1110,4139.12,Health & Fitness
TXN249319,rtgs transfer payment #2887,1821.54,Financial Services
TXN146037,makemytrip payment #6896,1012.3,Travel & Transport
TXN329580,paytm upi payment #3853,1029.23,Financial Services
TXN287214,irctc payment #5029,1732.1,Travel & Transport
TXN206105,indianoil payment #5289,921.58,Fuel
TXN454820,sbi card payment payment #2818,729.36,Financial Services
TXN948809,bharatpetrol payment #7056,2308.21,Fuel
TXN845476,tneb payment payment #8106,4708.75,Utilities
TXN933511,dominos payment #3142,764.94,Food & Dining
TXN433396,hp petrol payment #7131,2686.15,Fuel
TXN148439,spencer’s retail payment #5006,4886.06,Groceries
TXN927942,more supermarket payment #5819,4279.46,Groceries
TXN232601,d mart payment #5588,1273.5,Shopping
TXN922781,figma pro payment #2333,1085.73,Bills & Subscriptions
TXN887803,hotstar payment #7358,878.8,Entertainment
TXN644098,parking charges payment #9168,2570.33,Others
TXN651001,spotify payment #7125,1643.02,Entertainment
TXN769102,prime video payment #7569,2395.1,Entertainment
TXN574040,bigbasket payment #4325,1075.64,Groceries
TXN495400,shell payment #7963,1132.04,Fuel
TXN366893,reliance fresh payment #7129,4680.72,Groceries
TXN409380,google one payment #2376,714.94,Bills & Subscriptions
TXN587853,inox movies payment #1674,1189.38,Entertainment
TXN553515,canva pro payment #8660,2159.21,Bills & Subscriptions
TXN386281,healthspring payment #6194,4032.3,Health & Fitness
TXN378527,apollo pharmacy payment #4830,938.85,Health & Fitness
TXN408824,urbanclap payment #2350,1827.51,Others
TXN203189,google one payment #4731,3940.07,Bills & Subscriptions
TXN310036,mcdonalds payment #9946,1833.17,Food & Dining
TXN417420,jio fiber payment #5096,3391.78,Utilities
TXN996531,parking charges payment #3258,1408.6,Others
TXN395536,microsoft 365 payment #5906,92.24,Bills & Subscriptions
TXN594932,tata play dth payment #1194,4731.78,Utilities
TXN516814,local technician payment #3445,4946.91,Others
TXN597484,hp petrol payment #4438,3630.51,Fuel
TXN857607,reliance petrol pump payment #8679,2955.67,Fuel
TXN986887,inox movies payment #6129,3969.98,Entertainment
TXN319765,shell payment #7843,3862.15,Fuel
TXN492901,prime video payment #1493,4272.07,Entertainment
TXN873644,decathlon payment #6006,4375.06,Shopping
TXN456329,bajaj finance emi payment #6810,4061.49,Financial Services
TXN899897,shell payment #7608,2157.31,Fuel
TXN695148,microsoft 365 payment #1380,1664.09,Bills & Subscriptions
TXN695791,phonepe upi payment #6410,810.77,Financial Services
TXN499841,parking charges payment #7404,3034.86,Others
TXN297487,shell payment #7331,365.36,Fuel
TXN770043,hotstar payment #8397,1677.76,Entertainment
TXN133616,ola payment #3910,898.55,Travel & Transport
TXN172866,jiomart grocery payment #4260,182.85,Groceries
TXN791609,pharmeasy payment #5769,1069.17,Health & Fitness
TXN643719,google one payment #7039,2300.59,Bills & Subscriptions
TXN510103,googlepay upi payment #7731,1667.52,Financial Services
TXN601482,flipkart payment #7855,689.23,Shopping
TXN236243,ccd cafe payment #4382,4777.73,Food & Dining
TXN266494,bharatpetrol payment #8778,2189.39,Fuel
TXN851589,blinkit payment #9232,2958.09,Groceries
TXN249623,nobroker services payment #1121,1413.43,Others
TXN651400,hotstar payment #5044,4131.68,Entertainment
TXN873105,water tax payment #1640,2328.01,Utilities
TXN463627,faasos payment #8476,3249.18,Food & Dining
TXN535214,redbus payment #3869,3084.49,Travel & Transport
TXN580067,hp petrol payment #8079,4504.82,Fuel
TXN512668,cult fit payment #2565,3507.68,Health & Fitness
TXN387075,bhim upi payment #3587,4433.43,Financial Services
TXN831952,local technician payment #2093,1494.85,Others
TXN486643,shell payment #2986,2085.83,Fuel
TXN530016,dominos payment #6341,2546.75,Food & Dining
TXN146803,spotify payment #9291,1301.19,Entertainment
TXN499670,netflix payment #8567,412.32,Entertainment
TXN139609,tata play dth payment #7499,4286.08,Utilities
TXN443000,amazonpay upi payment #3236,617.68,Financial Services
TXN171551,donation payment payment #8558,2348.02,Others
TXN247068,paradise biryani payment #8171,3302.26,Food & Dining
TXN979226,pvr cinemas payment #3794,4215.73,Entertainment
TXN230182,salary credit payment #5819,547.55,Financial Services
TXN810287,notion subscription payment #1183,883.84,Bills & Subscriptions
TXN327197,irctc payment #3915,2231.26,Travel & Transport
TXN830587,sbi card payment payment #8242,2684.88,Financial Services
TXN509593,reimbursement payment #2684,4066.98,Financial Services
TXN151028,makemytrip payment #1076,309.46,Travel & Transport
TXN350127,medplus payment #7138,4647.66,Health & Fitness
TXN115267,indianoil payment #1457,129.39,Fuel
TXN331282,jio fiber payment #2035,3415.8,Utilities
TXN535872,starbucks payment #1721,3633.86,Food & Dining
TXN689356,google one payment #6286,4087.34,Bills & Subscriptions
TXN514254,urban company payment #9875,3142.13,Others
TXN473897,1mg payment #2734,1200.42,Health & Fitness
TXN112563,tneb payment payment #6181,124.22,Utilities
TXN789922,medplus payment #2081,2320.94,Health & Fitness
TXN170601,ksrtc bus payment #1719,3138.35,Travel & Transport
TXN206759,shell payment #9185,1542.59,Fuel
TXN729006,apple music payment #2552,1297.1,Bills & Subscriptions
TXN448176,tata play dth payment #3177,3405.61,Utilities
TXN992919,lifestyle payment #6209,3820.5,Shopping
TXN738093,nobroker services payment #1289,384.19,Others
TXN627874,jiomart grocery payment #4808,1942.74,Groceries
TXN423851,bigbasket payment #3032,1201.4,Groceries
TXN749871,essar petrol payment #4990,2171.06,Fuel
TXN411023,swiggy payment #9171,730.9,Food & Dining
TXN349628,hp petrol payment #1621,1909.95,Fuel
TXN240789,jiomart grocery payment #6385,3709.32,Groceries
TXN646174,rapido payment #1648,3235.83,Travel & Transport
TXN988075,pharmeasy payment #4752,3765.23,Health & Fitness
TXN156700,hathway broadband payment #9836,1249.13,Utilities
TXN737600,urban company payment #4644,4017.19,Others
TXN167755,healthspring payment #1099,958.55,Health & Fitness
TXN765181,hotstar payment #1853,4770.62,Entertainment
TXN721418,ajio payment #3845,671.53,Shopping
TXN546944,adobe creative cloud payment #2280,1219.74,Bills & Subscriptions
TXN356822,pvr cinemas payment #4236,862.59,Entertainment
TXN399214,cult fit payment #5966,3048.96,Health & Fitness
TXN385066,jiomart grocery payment #4299,4840.24,Groceries
TXN517589,hotstar payment #6891,4757.52,Entertainment
TXN629837,cult fit payment #7925,2380.03,Health & Fitness
TXN120773,spencer’s retail payment #8897,3813.61,Groceries
TXN724094,fortis hospital payment #5918,4277.51,Health & Fitness
TXN369789,apple music payment #3878,2786.62,Bills & Subscriptions
TXN493370,talwalkars gym payment #5640,1563.94,Health & Fitness
TXN849588,figma pro payment #3238,406.1,Bills & Subscriptions
TXN104383,bookmyshow payment #4106,815.89,Entertainment
TXN615326,bank service charge payment #7131,3665.32,Financial Services
TXN502692,fortis hospital payment #7113,4704.41,Health & Fitness
TXN528644,pvr cinemas payment #2167,3223.19,Entertainment
TXN303663,bank a/c transfer payment #3660,1954.89,Financial Services
TXN634363,pharmeasy payment #6711,3867.79,Health & Fitness
TXN544638,inox movies payment #7313,3497.45,Entertainment
TXN761601,hp petrol payment #6921,2414.74,Fuel
TXN374025,urbanclap payment #3422,3502.48,Others
TXN366640,jiomart grocery payment #3414,4724.11,Groceries
TXN112936,reliance petrol pump payment #3644,2912.79,Fuel
TXN516983,mcdonalds payment #7297,3239.77,Food & Dining
TXN543489,dunzo payment #4093,2616.76,Groceries
TXN624966,croma payment #5951,1301.71,Shopping
TXN889013,notion subscription payment #7743,2951.09,Bills & Subscriptions
TXN953779,dominos payment #6642,3199.09,Food & Dining
TXN832964,meesho payment #7520,3756.21,Shopping
TXN101655,uber payment #9056,4935.78,Travel & Transport
TXN650462,mcdonalds payment #7845,3880.03,Food & Dining
TXN284970,pharmeasy payment #3795,3678.56,Health & Fitness
TXN610102,tneb payment payment #4244,3535.03,Utilities
TXN694639,tanishq payment #8383,4744.99,Shopping
TXN948485,hp petrol payment #3993,1044.66,Fuel
TXN562139,bharatpetrol payment #7697,4915.59,Fuel
TXN183686,local technician payment #3721,590.52,Others
TXN167384,ola payment #5534,1919.76,Travel & Transport
TXN608763,airtel recharge payment #8829,2948.95,Utilities
TXN379005,parking charges payment #2000,549.01,Others
TXN201546,sbi card payment payment #1685,2933.1,Financial Services
TXN732275,reliance petrol pump payment #7154,3969.34,Fuel
TXN893679,microsoft 365 payment #8753,4664.04,Bills & Subscriptions
TXN430536,tata play dth payment #6620,1715.92,Utilities
TXN740479,bharatpetrol payment #7200,3342.14,Fuel
TXN103234,hdfc atm payment #2641,4371.73,Financial Services
TXN126927,zee5 subscription payment #3275,3639.84,Entertainment
TXN833232,dunzo payment #5578,4351.58,Groceries
TXN639926,bharatpetrol payment #8785,2286.99,Fuel
TXN117438,medplus payment #6278,65.49,Health & Fitness
TXN810860,housejoy payment #6333,4373.5,Others
TXN875112,bookmyshow payment #7556,3053.48,Entertainment
TXN790318,dunzo payment #8800,1774.25,Groceries
TXN846525,ccd cafe payment #4196,1504.62,Food & Dining
TXN133287,tanishq payment #9267,4387.36,Shopping
TXN972786,nykaa payment #5937,3994.26,Shopping
TXN276216,local technician payment #8648,4936.74,Others
TXN352603,hotstar payment #9858,2436.73,Entertainment
TXN210592,hp petrol payment #2465,893.64,Fuel
TXN502118,apollo pharmacy payment #6349,843.16,Health & Fitness
TXN803176,airindia payment #8803,3609.92,Travel & Transport
TXN194835,kfc payment #9060,4617.54,Food & Dining
TXN775268,jio fiber payment #2059,4662.31,Utilities
TXN785684,tata play dth payment #7252,4555.33,Utilities
TXN947718,parking charges payment #8159,2831.4,Others
TXN191939,hp petrol payment #5767,1332.52,Fuel
TXN880788,mcdonalds payment #4082,1734.18,Food & Dining
TXN498663,wow momo payment #6134,680.72,Food & Dining
TXN299080,bigbasket payment #9775,1588.45,Groceries
TXN936258,fortis hospital payment #6980,1632.23,Health & Fitness
TXN211763,parking charges payment #4639,675.22,Others
TXN431272,apollo pharmacy payment #8546,2714.55,Health & Fitness
TXN813011,meesho payment #9189,4194.22,Shopping
TXN883349,spotify payment #3389,3027.25,Entertainment
TXN727971,parking charges payment #1562,4016.39,Others
TXN386735,act fibernet payment #3022,2536.77,Utilities
TXN619071,jiomart grocery payment #4534,3173.83,Groceries
TXN260119,redbus payment #6458,341.12,Travel & Transport
TXN834430,ioc fuel station payment #4687,3676.66,Fuel
TXN413630,googlepay upi payment #7419,4291.06,Financial Services
TXN674559,parking charges payment #1353,838.01,Others
TXN465226,healthspring payment #8756,2141.07,Health & Fitness
TXN396080,fortis hospital payment #5637,405.52,Health & Fitness
TXN202046,essar petrol payment #7451,4288.45,Fuel
TXN991090,d mart payment #1886,3773.72,Shopping
TXN563348,makemytrip payment #3253,3290.44,Travel & Transport
TXN328732,pvr cinemas payment #4436,4491.23,Entertainment
TXN861221,essar petrol payment #6934,3273.63,Fuel
TXN494847,dunzo payment #3418,3407.67,Groceries
TXN472856,cult fit payment #2573,4633.63,Health & Fitness
TXN640472,spotify payment #2922,4728.06,Entertainment
TXN757428,housejoy payment #3434,2987.29,Others
TXN515912,medplus payment #4946,218.26,Health & Fitness
TXN784507,pvr cinemas payment #3826,3455.52,Entertainment
TXN388584,1mg payment #7260,3899.77,Health & Fitness
TXN225829,donation payment payment #1190,2253.34,Others
TXN335861,mcdonalds payment #9351,654.16,Food & Dining
TXN387021,reversal charge payment #8856,2886.26,Financial Services
TXN412856,starbucks payment #8105,1950.6,Food & Dining
TXN848440,reliance fresh payment #2040,542.23,Groceries
TXN512925,apple music payment #1323,2056.39,Bills & Subscriptions
TXN848420,figma pro payment #9830,366.46,Bills & Subscriptions
TXN790573,urbanclap payment #4399,3779.87,Others
TXN105582,starbucks payment #3948,4316.92,Food & Dining
TXN141044,figma pro payment #3015,4012.54,Bills & Subscriptions
TXN192086,decathlon payment #3641,1070.84,Shopping
TXN188720,microsoft 365 payment #1573,4264.68,Bills & Subscriptions
TXN279938,chayos payment #9919,1527.96,Food & Dining
TXN644675,apollo pharmacy payment #1756,1279.27,Health & Fitness
TXN705103,ksrtc bus payment #3291,2693.81,Travel & Transport
TXN735617,inox movies payment #6769,2637.2,Entertainment
TXN348617,adobe creative cloud payment #1732,3455.26,Bills & Subscriptions
TXN240727,paytm upi payment #4526,751.25,Financial Services
TXN234733,more supermarket payment #5544,2979.33,Groceries
TXN373336,spencer’s retail payment #5177,418.08,Groceries
TXN366526,cult fit payment #2364,2030.29,Health & Fitness
TXN661936,nobroker services payment #3346,4703.99,Others
TXN763874,indianoil payment #5413,3166.36,Fuel
TXN734330,urban company payment #9379,3586.5,Others
TXN926051,croma payment #6183,4116.76,Shopping
TXN181290,fortis hospital payment #5055,178.25,Health & Fitness
TXN526541,ola payment #9984,2680.78,Travel & Transport
TXN449718,behrouz biryani payment #6944,3218.88,Food & Dining
TXN386939,irctc payment #4698,4350.83,Travel & Transport
TXN497024,bank a/c transfer payment #4640,1916.92,Financial Services
TXN717429,dominos payment #6022,919.87,Food & Dining
TXN678333,hotstar payment #5620,2668.35,Entertainment
TXN279041,vistara airlines payment #1785,540.38,Travel & Transport
TXN678469,tata play dth payment #9711,944.33,Utilities
TXN371645,spencer’s retail payment #3090,2410.47,Groceries
TXN789504,sbi card payment payment #3547,2592.15,Financial Services
TXN155432,myntra payment #5380,1925.06,Shopping
TXN811160,housejoy payment #5081,3552.14,Others
TXN560282,spencer’s retail payment #3999,3548.59,Groceries
TXN548544,water tax payment #5519,2536.03,Utilities
TXN420509,adobe creative cloud payment #2424,1560.68,Bills & Subscriptions
TXN180418,healthspring payment #2302,4233.97,Health & Fitness
TXN188693,indianoil payment #1940,867.31,Fuel
TXN544579,goibibo payment #1175,4651.47,Travel & Transport
TXN602955,local technician payment #3235,4665.59,Others
TXN971783,hotstar payment #4115,2057.08,Entertainment
TXN356089,hdfc loan emi payment #6653,3527.83,Financial Services
TXN817307,parking charges payment #9652,4995.88,Others
TXN807287,bigbasket payment #3761,3056.5,Groceries
TXN980184,adobe creative cloud payment #7013,915.33,Bills & Subscriptions
TXN543256,tanishq payment #1834,1798.79,Shopping
TXN454375,zee5 subscription payment #2855,893.9,Entertainment
TXN404154,urban company payment #2931,4167.05,Others
TXN102342,makemytrip payment #4490,1503.05,Travel & Transport
TXN774206,local technician payment #5994,1998.43,Others
TXN160289,youtube premium payment #8999,4680.3,Bills & Subscriptions
TXN412843,airtel recharge payment #6382,3096.87,Utilities
TXN521598,bsnl bill payment #4050,75.51,Utilities
TXN307140,airtel recharge payment #9061,551.62,Utilities
TXN530670,chayos payment #3518,2595.88,Food & Dining
TXN337078,subway payment #5098,84.21,Food & Dining
TXN549148,zee5 subscription payment #6971,1902.83,Entertainment
TXN559876,tanishq payment #2780,4067.14,Shopping
TXN470920,parking charges payment #3291,2224.82,Others
TXN216041,apollo pharmacy payment #4251,1828.22,Health & Fitness
TXN541508,bharatpetrol payment #7464,249.27,Fuel
TXN602577,airtel recharge payment #4260,843.55,Utilities
TXN676846,housejoy payment #9012,638.02,Others
TXN626236,spotify payment #7551,1658.19,Entertainment
TXN931219,cult fit payment #2767,593.18,Health & Fitness
TXN114311,phonepe upi payment #9192,819.93,Financial Services
TXN550536,urban company payment #6605,307.6,Others
TXN395932,bigbasket payment #5742,2199.93,Groceries
TXN747614,hotstar payment #5059,3816.45,Entertainment
TXN394795,pantaloons payment #5087,2580.64,Shopping
TXN798698,barbeque nation payment #5052,4971.57,Food & Dining
TXN835203,medplus payment #2688,2395.77,Health & Fitness
TXN340526,apple music payment #3436,983.91,Bills & Subscriptions
TXN301512,kfc payment #5486,2036.35,Food & Dining
TXN195352,croma payment #4270,137.42,Shopping
TXN834169,icici atm payment #6020,2066.12,Financial Services
TXN602472,urban company payment #7980,1147.79,Others
TXN419071,bank service charge payment #1846,2164.01,Financial Services
TXN846151,barbeque nation payment #6751,1849.7,Food & Dining
TXN290580,medplus payment #1779,1633.21,Health & Fitness
TXN322274,imps transfer payment #6269,308.05,Financial Services
TXN551839,makemytrip payment #2650,1436.79,Travel & Transport
TXN450520,meesho payment #6956,4744.22,Shopping
TXN816137,ola payment #1223,529.59,Travel & Transport
TXN879020,apple music payment #6920,1689.5,Bills & Subscriptions
TXN320235,nature's basket payment #5521,1229.35,Groceries
TXN236823,spencer’s retail payment #2742,481.79,Groceries
TXN715054,donation payment payment #1672,3029.08,Others
TXN203428,parking charges payment #8303,992.65,Others
TXN860585,paradise biryani payment #5939,3114.1,Food & Dining
TXN145939,bookmyshow payment #3517,2691.11,Entertainment
TXN896241,ajio payment #5137,2120.15,Shopping
TXN760460,canva pro payment #8347,4479.82,Bills & Subscriptions
TXN649205,burger king payment #7864,385.16,Food & Dining
TXN830549,youtube premium payment #5491,876.33,Bills & Subscriptions
TXN932978,meesho payment #1996,274.95,Shopping
TXN817953,essar petrol payment #9110,4081.94,Fuel
TXN502810,google one payment #9344,869.32,Bills & Subscriptions
TXN316976,notion subscription payment #5448,2034.2,Bills & Subscriptions
TXN720875,amazon payment #4568,842.02,Shopping
TXN371407,bank service charge payment #9602,2304.43,Financial Services
TXN678972,airindia payment #5399,1517.0,Travel & Transport
TXN349788,starbucks payment #9741,1158.45,Food & Dining
TXN239430,uber payment #5550,3216.1,Travel & Transport
TXN963408,uber payment #5079,3229.94,Travel & Transport
TXN763416,reliance petrol pump payment #6692,625.11,Fuel
TXN376864,nature's basket payment #9999,1656.58,Groceries
TXN440404,croma payment #5831,4496.76,Shopping
TXN329931,reimbursement payment #6824,4088.81,Financial Services
TXN663492,irctc payment #1256,1317.14,Travel & Transport
TXN857703,parking charges payment #2743,3902.02,Others
TXN956526,pharmeasy payment #4377,4356.63,Health & Fitness
TXN709918,bookmyshow payment #4341,1655.1,Entertainment
TXN263201,parking charges payment #7479,4298.2,Others
TXN486547,bookmyshow payment #8109,3662.57,Entertainment
TXN581705,nykaa payment #3973,513.77,Shopping
TXN864915,myntra payment #9036,984.86,Shopping
TXN270832,lifestyle payment #6081,1446.12,Shopping
TXN172827,croma payment #4077,3452.47,Shopping
TXN776456,flipkart payment #8455,2160.66,Shopping
TXN862067,1mg payment #3249,3635.32,Health & Fitness
TXN121722,salary credit payment #7291,543.66,Financial Services
TXN238599,zomato payment #1716,3829.06,Food & Dining
TXN757860,ioc fuel station payment #3336,463.8,Fuel
TXN930116,bigbasket payment #1153,3972.38,Groceries
TXN994141,paradise biryani payment #6544,3693.85,Food & Dining
TXN955076,kritunga payment #8279,739.19,Food & Dining
TXN355652,meesho payment #3531,1692.19,Shopping
TXN229054,atm fee payment #9906,3475.6,Financial Services
TXN207548,neft transfer payment #5861,558.94,Financial Services
TXN125166,notion subscription payment #4675,752.08,Bills & Subscriptions
TXN787199,shell payment #6788,1957.65,Fuel
TXN820126,airindia payment #7303,4612.37,Travel & Transport
TXN335428,subway payment #2804,889.32,Food & Dining
TXN224099,faasos payment #6467,1818.67,Food & Dining
TXN286717,bsnl bill payment #3475,4483.15,Utilities
TXN257517,healthspring payment #7967,3018.08,Health & Fitness
TXN465308,donation payment payment #5702,1542.74,Others
TXN378293,barbeque nation payment #7047,4585.36,Food & Dining
TXN915565,zomato payment #3435,4315.48,Food & Dining
TXN568394,urban company payment #7399,1635.27,Others
TXN862008,hotstar payment #8003,610.16,Entertainment
TXN290706,irctc payment #3089,497.71,Travel & Transport
TXN604667,healthspring payment #7944,1630.61,Health & Fitness
TXN501798,healthspring payment #5028,734.2,Health & Fitness
TXN658339,talwalkars gym payment #9070,2716.8,Health & Fitness
TXN652542,adobe creative cloud payment #7911,1953.9,Bills & Subscriptions
TXN479279,more supermarket payment #4853,3530.31,Groceries
TXN480002,paytm upi payment #1281,4969.83,Financial Services
TXN162471,figma pro payment #2804,4790.2,Bills & Subscriptions
TXN409012,hathway broadband payment #3283,4251.32,Utilities
TXN354276,spotify payment #7898,4184.5,Entertainment
TXN222930,ioc fuel station payment #3257,1161.71,Fuel
TXN489739,croma payment #7958,3678.75,Shopping
TXN599988,bank a/c transfer payment #2208,3330.6,Financial Services
TXN248140,reliance fresh payment #6984,199.42,Groceries
TXN256989,chai point payment #7823,431.47,Food & Dining
TXN832497,nykaa payment #9641,3730.61,Shopping
TXN565540,makemytrip payment #6526,2087.04,Travel & Transport
TXN263459,donation payment payment #2822,115.39,Others
TXN627743,reimbursement payment #3843,208.99,Financial Services
TXN812930,amazon payment #7940,2012.13,Shopping
TXN420899,pvr cinemas payment #9222,4599.79,Entertainment
TXN196402,shell payment #5453,4660.68,Fuel
TXN879233,notion subscription payment #3050,4890.74,Bills & Subscriptions
TXN511346,shell payment #4586,3114.27,Fuel
TXN956223,pantaloons payment #2264,4881.14,Shopping
TXN967438,prime video payment #7637,1600.29,Entertainment
TXN778058,cult fit payment #7086,320.62,Health & Fitness
TXN181588,medplus payment #2710,1386.1,Health & Fitness
TXN270666,hathway broadband payment #5623,188.84,Utilities
TXN893270,google one payment #1179,373.33,Bills & Subscriptions
TXN352009,airindia payment #1530,2780.87,Travel & Transport
TXN691123,ola payment #1735,4884.48,Travel & Transport
TXN423595,netflix payment #2527,287.84,Entertainment
TXN624514,hdfc atm payment #7523,3770.81,Financial Services
TXN235808,bharatpetrol payment #6830,3771.62,Fuel
TXN205909,urbanclap payment #9250,1690.03,Others
TXN600121,apple music payment #7260,167.24,Bills & Subscriptions
TXN815520,bigbasket payment #3482,1486.09,Groceries
TXN853362,hotstar payment #2528,4431.76,Entertainment
TXN906172,hp petrol payment #3307,4047.01,Fuel
TXN905973,tanishq payment #9573,2605.69,Shopping
TXN404969,water tax payment #6554,3937.49,Utilities
TXN350725,tata play dth payment #7350,248.06,Utilities
TXN694438,reliance petrol pump payment #3496,3054.04,Fuel
TXN249550,nobroker services payment #1244,532.16,Others
TXN623147,goibibo payment #2428,4344.29,Travel & Transport
TXN269316,pizza hut payment #5843,1602.91,Food & Dining
TXN193563,barbeque nation payment #6789,2903.73,Food & Dining
TXN370473,starbucks payment #8548,3567.74,Food & Dining
TXN781880,pvr cinemas payment #8242,3827.57,Entertainment
TXN141515,flipkart payment #8999,4859.82,Shopping
TXN562241,act fibernet payment #3113,2034.65,Utilities
TXN630519,hathway broadband payment #7769,1899.73,Utilities
TXN750760,pvr cinemas payment #1699,4393.17,Entertainment
TXN833736,urbanclap payment #5011,3718.16,Others
TXN404779,youtube premium payment #2725,815.08,Bills & Subscriptions
TXN333886,cult fit payment #2195,2872.16,Health & Fitness
TXN588508,talwalkars gym payment #6716,3362.3,Health & Fitness
TXN867324,prime video payment #3953,590.14,Entertainment
TXN521024,ccd cafe payment #4268,3852.67,Food & Dining
TXN322964,bsnl bill payment #8967,1620.56,Utilities
TXN671559,hotstar payment #1627,1427.96,Entertainment
TXN435740,nykaa payment #4497,770.29,Shopping
TXN165431,bigbasket payment #7230,4939.66,Groceries
TXN156704,tata play dth payment #4496,4893.88,Utilities
TXN382956,ioc fuel station payment #7929,163.57,Fuel
TXN172623,ksrtc bus payment #3322,921.72,Travel & Transport
TXN540110,redbus payment #8396,454.46,Travel & Transport
TXN293020,adobe creative cloud payment #5250,3364.74,Bills & Subscriptions
TXN458633,rtgs transfer payment #8021,4480.04,Financial Services
TXN605020,irctc payment #7866,1033.1,Travel & Transport
TXN471921,spotify payment #8156,4829.67,Entertainment
TXN181588,spencer’s retail payment #4253,4123.93,Groceries
TXN796320,local technician payment #6304,3101.74,Others
TXN254650,airtel recharge payment #8514,795.01,Utilities
TXN375568,inox movies payment #7658,612.35,Entertainment
TXN765104,youtube premium payment #3059,4941.78,Bills & Subscriptions
TXN540586,hotstar payment #4074,230.61,Entertainment
TXN464994,apple music payment #4541,3024.67,Bills & Subscriptions
TXN488241,hp petrol payment #1235,4860.14,Fuel
TXN626474,airtel recharge payment #6029,1544.63,Utilities
TXN534166,subway payment #8471,3262.11,Food & Dining
TXN546535,healthspring payment #9887,1793.45,Health & Fitness
TXN581111,canva pro payment #3880,611.23,Bills & Subscriptions
TXN669128,healthspring payment #3664,925.63,Health & Fitness
TXN764909,fortis hospital payment #8167,1460.89,Health & Fitness
TXN191876,vistara airlines payment #2625,4692.61,Travel & Transport
TXN208711,mcdonalds payment #7738,3265.64,Food & Dining
TXN709467,hotstar payment #9247,3185.95,Entertainment
TXN322162,sbi card payment payment #7891,1485.03,Financial Services
TXN220063,ioc fuel station payment #7243,2300.42,Fuel
TXN467645,ioc fuel station payment #3038,2374.39,Fuel
TXN107974,zee5 subscription payment #7484,4544.57,Entertainment
TXN790677,jio fiber payment #5384,2562.43,Utilities
TXN806007,indigo payment #7794,4200.5,Travel & Transport
TXN134261,indianoil payment #7792,4505.93,Fuel
TXN981610,imps transfer payment #7134,809.21,Financial Services
TXN353578,canva pro payment #8045,1708.7,Bills & Subscriptions
TXN968797,notion subscription payment #7444,1003.67,Bills & Subscriptions
TXN863481,reversal charge payment #7396,2174.06,Financial Services
TXN266140,croma payment #9475,4525.65,Shopping
TXN628751,medplus payment #3069,542.91,Health & Fitness
TXN978012,ccd cafe payment #5263,4223.0,Food & Dining
TXN197784,apple music payment #4338,4746.07,Bills & Subscriptions
TXN129169,zomato payment #3507,2215.23,Food & Dining
TXN878399,dunzo payment #1414,2880.38,Groceries
TXN295617,nykaa payment #6867,3190.59,Shopping
TXN303244,essar petrol payment #5864,4494.65,Fuel
TXN907814,adobe creative cloud payment #7194,3645.25,Bills & Subscriptions
TXN250753,ksrtc bus payment #2359,306.16,Travel & Transport
TXN216320,urbanclap payment #2694,3210.01,Others
TXN374721,hotstar payment #5627,580.03,Entertainment
TXN979037,flipkart payment #6921,433.04,Shopping
TXN533843,shell payment #1359,548.33,Fuel
TXN320511,subway payment #2250,4798.13,Food & Dining
TXN764327,nobroker services payment #6137,1907.51,Others
TXN287356,spotify payment #1166,940.04,Entertainment
TXN222900,local technician payment #1515,3174.51,Others
TXN105258,hathway broadband payment #9953,2445.36,Utilities
TXN302212,tanishq payment #2992,3721.4,Shopping
TXN636603,bigbasket payment #9486,2702.97,Groceries
TXN327496,ajio payment #2880,4341.03,Shopping
TXN863094,sbi atm payment #2367,735.9,Financial Services
TXN196437,meesho payment #4264,1404.65,Shopping
TXN557244,act fibernet payment #9123,2361.87,Utilities
TXN281361,notion subscription payment #5097,4615.62,Bills & Subscriptions
TXN511907,essar petrol payment #5605,4237.88,Fuel
TXN857135,faasos payment #4372,869.98,Food & Dining
TXN725297,zee5 subscription payment #7942,4420.14,Entertainment
TXN550167,rapido payment #7275,3133.41,Travel & Transport
TXN571233,reliance petrol pump payment #2052,1796.93,Fuel
TXN715377,amazon payment #5146,4792.58,Shopping
TXN469364,pharmeasy payment #9691,3039.22,Health & Fitness
TXN550244,apollo pharmacy payment #6286,617.52,Health & Fitness
TXN788866,d mart payment #4525,1264.32,Shopping
TXN228244,hathway broadband payment #6151,767.95,Utilities
TXN324156,sbi atm payment #6388,3457.05,Financial Services
TXN504321,inox movies payment #2085,4498.78,Entertainment
TXN207919,vistara airlines payment #4562,1100.27,Travel & Transport
TXN701828,microsoft 365 payment #2225,3595.51,Bills & Subscriptions
TXN433219,nobroker services payment #8130,3426.55,Others
TXN622873,jio fiber payment #9092,1025.76,Utilities
TXN574779,amazonpay upi payment #3033,2135.12,Financial Services
TXN347906,decathlon payment #7272,1668.03,Shopping
TXN584202,bigbasket payment #1076,1460.93,Groceries
TXN138805,irctc payment #7599,4216.13,Travel & Transport
TXN172827,youtube premium payment #1266,1720.08,Bills & Subscriptions
TXN858386,hotstar payment #7800,4157.76,Entertainment
TXN519791,indigo payment #6665,1620.09,Travel & Transport
TXN742064,paradise biryani payment #9090,3884.34,Food & Dining
TXN617300,icici atm payment #8447,1527.3,Financial Services
TXN130710,urbanclap payment #2683,4223.22,Others
TXN210242,indianoil payment #3273,4136.01,Fuel
TXN300445,tata play dth payment #2442,1170.39,Utilities
TXN372302,airtel recharge payment #1860,4673.85,Utilities
TXN178687,bank a/c transfer payment #5985,287.62,Financial Services
TXN383023,rapido payment #7218,3455.21,Travel & Transport
TXN232423,myntra payment #2964,2938.09,Shopping
TXN767841,tneb payment payment #7771,3777.52,Utilities
TXN705956,hotstar payment #4940,2632.73,Entertainment
TXN910175,prime video payment #6274,4882.93,Entertainment
TXN845937,bookmyshow payment #5853,504.41,Entertainment
TXN791515,wow momo payment #4971,2814.65,Food & Dining
TXN178794,donation payment payment #2278,4286.52,Others
TXN590891,netflix payment #4541,1101.75,Entertainment
TXN318797,medplus payment #6577,2463.85,Health & Fitness
TXN842929,nature's basket payment #6108,3814.42,Groceries
TXN236378,spotify payment #2731,4246.64,Entertainment
TXN750618,bharatpetrol payment #8412,1958.6,Fuel
TXN171973,adobe creative cloud payment #4079,3911.1,Bills & Subscriptions
TXN705282,redbus payment #6032,862.77,Travel & Transport
TXN881216,urbanclap payment #2755,779.08,Others
TXN296114,chai point payment #8550,132.11,Food & Dining
TXN574628,uber payment #9698,2407.39,Travel & Transport
TXN471643,act fibernet payment #2377,635.71,Utilities
TXN551777,medplus payment #9227,795.57,Health & Fitness
TXN487743,canva pro payment #5466,313.13,Bills & Subscriptions
TXN303352,swiggy payment #7923,3260.68,Food & Dining
TXN655286,airindia payment #5520,2043.33,Travel & Transport
TXN814248,jiomart grocery payment #2788,2617.16,Groceries
TXN330246,reimbursement payment #2819,1282.27,Financial Services
TXN350365,swiggy payment #5361,4480.54,Food & Dining
TXN750348,paradise biryani payment #4710,550.11,Food & Dining
TXN869575,fortis hospital payment #4602,1994.78,Health & Fitness
TXN464519,makemytrip payment #4335,1068.24,Travel & Transport
TXN869531,housejoy payment #5718,3543.97,Others
TXN874992,bank a/c transfer payment #8811,966.14,Financial Services
TXN274740,airindia payment #2137,892.65,Travel & Transport
TXN113353,d mart payment #3323,4504.35,Shopping
TXN286138,nobroker services payment #1341,2168.22,Others
TXN722859,ola payment #1159,895.09,Travel & Transport
TXN359533,water tax payment #9000,2936.64,Utilities
TXN694822,hotstar payment #1284,273.62,Entertainment
TXN627587,housejoy payment #9606,4185.03,Others
TXN204849,westside payment #2538,775.59,Shopping
TXN672223,rapido payment #6747,2290.45,Travel & Transport
TXN581035,ksrtc bus payment #6968,2458.14,Travel & Transport
TXN642985,hdfc atm payment #6467,1540.61,Financial Services
TXN218238,parking charges payment #8935,4332.38,Others
TXN255084,ksrtc bus payment #1339,2620.58,Travel & Transport
TXN474545,medplus payment #3320,3313.87,Health & Fitness
TXN476879,netflix payment #8056,1259.62,Entertainment
TXN769760,essar petrol payment #7189,491.91,Fuel
TXN571093,barbeque nation payment #9927,4391.86,Food & Dining
TXN447283,apple music payment #6715,1363.28,Bills & Subscriptions
TXN424348,fortis hospital payment #5526,4729.07,Health & Fitness
TXN974692,indianoil payment #6624,2918.61,Fuel
TXN694188,dunzo payment #8455,2195.63,Groceries
TXN623162,act fibernet payment #1136,595.44,Utilities
TXN648600,urban company payment #3461,2358.27,Others
TXN418395,vistara airlines payment #3664,2812.8,Travel & Transport
TXN116349,pvr cinemas payment #5828,369.85,Entertainment
TXN155777,netflix payment #3022,1125.76,Entertainment
TXN792325,pvr cinemas payment #6771,75.2,Entertainment
TXN397025,neft transfer payment #6737,1294.6,Financial Services
TXN249573,apple music payment #5434,4770.74,Bills & Subscriptions
TXN404928,shell payment #2322,2946.86,Fuel
TXN360810,indianoil payment #6810,2392.23,Fuel
TXN202905,donation payment payment #7539,1961.89,Others
TXN691299,indigo payment #3839,3005.34,Travel & Transport
TXN816514,healthspring payment #3280,4031.68,Health & Fitness
TXN415686,bharatpetrol payment #4268,721.67,Fuel
TXN672344,ola payment #8555,1521.8,Travel & Transport
TXN200707,croma payment #8158,3922.91,Shopping
TXN628288,tanishq payment #6132,2237.41,Shopping
TXN548443,donation payment payment #6803,1819.92,Others
TXN129017,zee5 subscription payment #8557,4809.16,Entertainment
TXN192724,youtube premium payment #7896,4789.58,Bills & Subscriptions
TXN708512,decathlon payment #4975,4538.9,Shopping
TXN693047,canva pro payment #9900,680.01,Bills & Subscriptions
TXN232053,uber payment #7433,3788.91,Travel & Transport
TXN582576,apollo pharmacy payment #9487,2340.9,Health & Fitness
TXN449682,rtgs transfer payment #2753,320.73,Financial Services
TXN824139,dunzo payment #8888,4118.6,Groceries
TXN875278,airtel recharge payment #9369,651.14,Utilities
TXN243028,paytm upi payment #9115,2605.51,Financial Services
TXN415508,essar petrol payment #3535,3216.36,Fuel
TXN944750,housejoy payment #1105,3609.75,Others
TXN260455,bookmyshow payment #1000,617.81,Entertainment
TXN314217,dunzo payment #5050,2623.12,Groceries
TXN565374,subway payment #9287,172.05,Food & Dining
TXN524209,apollo pharmacy payment #5913,4633.92,Health & Fitness
TXN372914,spotify payment #9957,4110.34,Entertainment
TXN553355,jiomart grocery payment #3018,4303.6,Groceries
TXN958311,lifestyle payment #3321,157.21,Shopping
TXN310083,urban company payment #9956,895.34,Others
TXN717363,prime video payment #2638,1485.68,Entertainment
TXN504562,inox movies payment #7409,3355.11,Entertainment
TXN255363,pizza hut payment #7960,2113.64,Food & Dining
TXN111554,atm withdrawal payment #7380,2312.56,Financial Services
TXN144702,blinkit payment #8282,218.71,Groceries
TXN390354,tneb payment payment #8509,2366.14,Utilities
TXN321018,googlepay upi payment #9244,1820.85,Financial Services
TXN787781,tata play dth payment #3858,2589.57,Utilities
TXN581801,d mart payment #6558,3296.87,Shopping
TXN513064,meesho payment #5963,3935.56,Shopping
TXN735271,subway payment #8729,1913.79,Food & Dining
TXN913063,urban company payment #9306,2901.39,Others
TXN717456,local technician payment #6309,1333.17,Others
TXN170852,nature's basket payment #7615,2943.24,Groceries
TXN342959,imps transfer payment #3607,4267.55,Financial Services
TXN439381,dominos payment #8805,2522.2,Food & Dining
TXN210553,ioc fuel station payment #4876,4052.35,Fuel
TXN167496,pantaloons payment #7882,4467.74,Shopping
TXN987936,salary credit payment #1613,1289.9,Financial Services
TXN282522,pizza hut payment #1482,3828.59,Food & Dining
TXN239687,bsnl bill payment #7187,3508.69,Utilities
TXN364760,local technician payment #4206,2804.52,Others
TXN310965,prime video payment #4694,3410.3,Entertainment
TXN190196,croma payment #4150,4078.5,Shopping
TXN313426,bigbasket payment #2576,3164.12,Groceries
TXN912002,phonepe upi payment #6891,4471.79,Financial Services
TXN620277,1mg payment #9653,1736.52,Health & Fitness
TXN625179,ioc fuel station payment #8761,1077.0,Fuel
TXN940534,hathway broadband payment #3258,3111.47,Utilities
TXN174310,pizza hut payment #7162,2166.18,Food & Dining
TXN412713,dunzo payment #9474,679.6,Groceries
TXN730707,dominos payment #1843,2518.63,Food & Dining
TXN968376,canva pro payment #5749,161.59,Bills & Subscriptions
TXN265531,redbus payment #2113,3531.2,Travel & Transport
TXN994640,ola payment #4955,2695.4,Travel & Transport
TXN672461,microsoft 365 payment #1928,2026.14,Bills & Subscriptions
TXN784963,subway payment #5309,4687.79,Food & Dining
TXN310251,neft transfer payment #5274,1723.32,Financial Services
TXN956437,airtel recharge payment #9963,739.48,Utilities
TXN944797,airtel recharge payment #2194,1216.31,Utilities
TXN536459,bigbasket payment #2159,1761.94,Groceries
TXN235753,dunzo payment #8844,4443.22,Groceries
TXN632261,uber payment #9136,565.1,Travel & Transport
TXN418157,essar petrol payment #8824,1783.78,Fuel
TXN911192,indianoil payment #1431,4659.67,Fuel
TXN815067,reliance petrol pump payment #7215,3060.29,Fuel
TXN154673,donation payment payment #8899,139.57,Others
TXN835405,fortis hospital payment #8040,3492.43,Health & Fitness
TXN745559,cult fit payment #2933,622.14,Health & Fitness
TXN160736,hathway broadband payment #8152,1008.55,Utilities
TXN338158,hp petrol payment #1164,505.35,Fuel
TXN854793,apollo pharmacy payment #1244,4955.15,Health & Fitness
TXN232871,ioc fuel station payment #1928,331.57,Fuel
TXN466652,spotify payment #6146,1448.85,Entertainment
TXN735566,more supermarket payment #3125,4990.54,Groceries
TXN180088,talwalkars gym payment #2258,3305.03,Health & Fitness
TXN330987,goibibo payment #6848,1069.01,Travel & Transport
TXN785395,pvr cinemas payment #5795,4710.06,Entertainment
TXN831666,reliance petrol pump payment #6224,4470.24,Fuel
TXN839772,google one payment #7731,317.29,Bills & Subscriptions
TXN243792,jiomart grocery payment #4335,1434.93,Groceries
TXN228710,adobe creative cloud payment #4453,1559.45,Bills & Subscriptions
TXN832264,tneb payment payment #4851,227.54,Utilities
TXN623142,prime video payment #1348,4767.57,Entertainment
TXN415005,amazonpay upi payment #7294,1425.94,Financial Services
TXN619419,swiggy payment #7290,1431.51,Food & Dining
TXN335351,icici atm payment #1727,1954.08,Financial Services
TXN658358,shell payment #8062,962.91,Fuel
TXN900059,sbi card payment payment #9872,1560.48,Financial Services
TXN968386,airtel recharge payment #6508,4554.77,Utilities
TXN457506,vistara airlines payment #1448,1121.89,Travel & Transport
TXN946616,spencer’s retail payment #1935,4335.42,Groceries
TXN660737,paradise biryani payment #5709,1971.15,Food & Dining
TXN372735,zee5 subscription payment #9501,2884.38,Entertainment
TXN238278,croma payment #4903,2363.3,Shopping
TXN189691,amazonpay upi payment #5495,4007.97,Financial Services
TXN698823,ioc fuel station payment #6530,2736.88,Fuel
TXN381802,apollo pharmacy payment #6926,3096.96,Health & Fitness
TXN230344,housejoy payment #1202,3923.01,Others
TXN988765,vistara airlines payment #5333,3320.84,Travel & Transport
TXN109301,nykaa payment #8207,2340.49,Shopping
TXN768722,netflix payment #8867,4831.13,Entertainment
TXN389874,adobe creative cloud payment #2303,2072.62,Bills & Subscriptions
TXN288538,nature's basket payment #8216,4768.8,Groceries
TXN233402,indigo payment #9108,1334.73,Travel & Transport
TXN343974,essar petrol payment #1812,913.75,Fuel
TXN561697,swiggy payment #9302,962.06,Food & Dining
TXN163766,nature's basket payment #4734,257.68,Groceries
TXN666693,indigo payment #6789,129.78,Travel & Transport
TXN181242,salary credit payment #2788,1211.75,Financial Services
TXN348490,figma pro payment #2268,610.25,Bills & Subscriptions
TXN174861,bharatpetrol payment #7815,2873.31,Fuel
TXN125894,nobroker services payment #3344,4385.47,Others
TXN783648,hathway broadband payment #7686,1708.18,Utilities
TXN752126,water tax payment #5817,4715.27,Utilities
TXN257352,googlepay upi payment #5765,1873.09,Financial Services
TXN947285,bigbasket payment #4464,575.85,Groceries
TXN971080,hathway broadband payment #7206,4702.7,Utilities
TXN499601,bigbasket payment #3458,3302.44,Groceries
TXN692867,urbanclap payment #4679,4778.14,Others
TXN988767,notion subscription payment #2986,2717.89,Bills & Subscriptions
TXN645611,youtube premium payment #9592,3055.15,Bills & Subscriptions
TXN355882,inox movies payment #5801,1382.45,Entertainment
TXN342106,jio fiber payment #6930,4005.08,Utilities
TXN826739,inox movies payment #2890,3753.53,Entertainment
TXN479459,shell payment #7716,3677.35,Fuel
TXN479895,wow momo payment #2252,2824.26,Food & Dining
TXN924499,nobroker services payment #8355,3045.83,Others
TXN663731,medplus payment #3052,2868.24,Health & Fitness
TXN734960,ioc fuel station payment #3263,4550.87,Fuel
TXN185465,indigo payment #2932,1740.78,Travel & Transport
TXN703992,fortis hospital payment #3431,2549.88,Health & Fitness
TXN116265,bookmyshow payment #8439,4504.37,Entertainment
TXN878938,flipkart payment #8698,2122.2,Shopping
TXN125093,kfc payment #8068,4353.82,Food & Dining
TXN506967,flipkart payment #9672,705.27,Shopping
TXN846568,healthspring payment #4955,680.89,Health & Fitness
TXN720209,ola payment #6515,1717.2,Travel & Transport
TXN177335,dunzo payment #1741,4970.96,Groceries
TXN876677,water tax payment #8368,4557.84,Utilities
TXN869070,pharmeasy payment #3205,3800.42,Health & Fitness
TXN187859,pantaloons payment #9345,3841.48,Shopping
TXN806642,amazon payment #7060,2988.09,Shopping
TXN285306,nobroker services payment #8185,1927.9,Others
TXN343545,microsoft 365 payment #2587,4726.6,Bills & Subscriptions
TXN650705,makemytrip payment #9481,1738.53,Travel & Transport
TXN434053,spencer’s retail payment #7292,1462.02,Groceries
TXN551451,myntra payment #4451,257.58,Shopping
TXN204298,microsoft 365 payment #6150,2896.93,Bills & Subscriptions
TXN387150,act fibernet payment #5716,869.68,Utilities
TXN402491,prime video payment #3774,1156.99,Entertainment
TXN798806,vistara airlines payment #4795,3779.67,Travel & Transport
TXN891533,irctc payment #9334,525.08,Travel & Transport
TXN666052,amazon payment #1651,3012.04,Shopping
TXN487491,adobe creative cloud payment #1422,82.99,Bills & Subscriptions
TXN867651,bharatpetrol payment #7987,4711.94,Fuel
TXN214939,spotify payment #5832,4163.64,Entertainment
TXN375834,pizza hut payment #9081,4449.95,Food & Dining
TXN470903,kfc payment #2908,4965.73,Food & Dining
TXN264340,chai point payment #6359,3650.44,Food & Dining
TXN804728,canva pro payment #9402,1416.73,Bills & Subscriptions
TXN554429,behrouz biryani payment #1628,4466.75,Food & Dining
TXN765318,chayos payment #1583,1621.76,Food & Dining
TXN330906,urbanclap payment #7163,1267.27,Others
TXN608042,urban company payment #3481,1363.17,Others
TXN308218,pantaloons payment #3159,2508.8,Shopping
TXN103353,urbanclap payment #4509,4756.62,Others
TXN844479,1mg payment #4416,2478.92,Health & Fitness
TXN743173,amazon payment #5310,2119.89,Shopping
TXN656228,medplus payment #8933,3206.69,Health & Fitness
TXN406305,urban company payment #4799,4395.55,Others
TXN726882,nobroker services payment #7425,2476.6,Others
TXN217825,water tax payment #4586,1512.32,Utilities
TXN359413,redbus payment #6331,4848.34,Travel & Transport
TXN434397,nobroker services payment #8614,623.3,Others
TXN839056,urbanclap payment #7522,1770.51,Others
TXN730255,westside payment #9014,4416.75,Shopping
TXN632139,medplus payment #5389,193.36,Health & Fitness
TXN689569,ioc fuel station payment #1996,3925.0,Fuel
TXN510389,act fibernet payment #7737,3391.2,Utilities
TXN381351,zee5 subscription payment #1895,2023.46,Entertainment
TXN423496,bookmyshow payment #1747,1732.22,Entertainment
TXN662050,zee5 subscription payment #3728,1145.48,Entertainment
TXN235492,ioc fuel station payment #6401,3145.17,Fuel
TXN941390,bigbasket payment #1345,4753.88,Groceries
TXN469833,1mg payment #6460,3913.15,Health & Fitness
TXN320686,google one payment #9497,3291.91,Bills & Subscriptions
TXN514739,jio fiber payment #9776,4926.83,Utilities
TXN447605,bharatpetrol payment #7125,4016.36,Fuel
TXN114303,medplus payment #5074,2787.11,Health & Fitness
TXN207500,imps transfer payment #9627,3787.85,Financial Services
TXN264569,notion subscription payment #1692,3967.15,Bills & Subscriptions
TXN135418,indigo payment #5051,170.01,Travel & Transport
TXN787106,ola payment #7190,4074.33,Travel & Transport
TXN189041,cult fit payment #5423,4100.56,Health & Fitness
TXN121133,mcdonalds payment #7805,2547.32,Food & Dining
TXN200198,atm fee payment #3487,3044.12,Financial Services
TXN922892,spencer’s retail payment #6114,1011.71,Groceries
TXN416831,tata play dth payment #1383,2586.16,Utilities
TXN787919,makemytrip payment #5329,1053.2,Travel & Transport
TXN197582,jiomart grocery payment #8037,1914.07,Groceries
TXN398239,shell payment #8919,2826.93,Fuel
TXN862899,adobe creative cloud payment #9143,1942.92,Bills & Subscriptions
TXN574239,healthspring payment #2774,3825.37,Health & Fitness
TXN908667,reliance petrol pump payment #7510,4877.19,Fuel
TXN774044,shell payment #2785,1880.62,Fuel
TXN200022,rapido payment #2370,761.67,Travel & Transport
TXN722234,apple music payment #9025,1078.03,Bills & Subscriptions
TXN648830,indianoil payment #8758,749.59,Fuel
TXN364266,more supermarket payment #9084,341.72,Groceries
TXN138283,pharmeasy payment #3467,3715.53,Health & Fitness
TXN823934,tata play dth payment #5393,4363.57,Utilities
TXN672091,ioc fuel station payment #9007,2833.93,Fuel
TXN437471,inox movies payment #4862,4799.4,Entertainment
TXN210146,prime video payment #2334,2596.43,Entertainment
TXN269966,1mg payment #1223,1909.65,Health & Fitness
TXN219185,google one payment #8169,872.68,Bills & Subscriptions
TXN610859,hdfc loan emi payment #9594,2501.16,Financial Services
TXN518807,pantaloons payment #7850,4377.36,Shopping
TXN854914,atm withdrawal payment #5820,632.04,Financial Services
TXN691198,housejoy payment #7088,2636.28,Others
TXN818299,urban company payment #9572,750.51,Others
TXN644609,ioc fuel station payment #7082,3089.3,Fuel
TXN446215,blinkit payment #4450,2386.94,Groceries
TXN110298,myntra payment #8763,2645.67,Shopping
TXN170304,tata play dth payment #8708,937.17,Utilities
TXN827759,atm withdrawal payment #4264,3522.25,Financial Services
TXN164076,paradise biryani payment #2551,2320.04,Food & Dining
TXN467476,jiomart grocery payment #2093,2992.55,Groceries
TXN759367,local technician payment #6651,4422.55,Others
TXN712859,paytm upi payment #7982,1409.17,Financial Services
TXN367124,rapido payment #7607,3141.28,Travel & Transport
TXN207978,adobe creative cloud payment #3497,433.51,Bills & Subscriptions
TXN232858,bharatpetrol payment #2676,932.71,Fuel
TXN946514,notion subscription payment #5542,1684.29,Bills & Subscriptions
TXN921417,jiomart grocery payment #1043,1086.07,Groceries
TXN250295,hp petrol payment #3400,502.12,Fuel
TXN181566,nykaa payment #6297,4379.34,Shopping
TXN546070,phonepe upi payment #8203,2582.94,Financial Services
TXN896925,nobroker services payment #9198,1669.09,Others
TXN911513,chai point payment #7181,2822.72,Food & Dining
TXN432369,talwalkars gym payment #9552,1807.21,Health & Fitness
TXN274185,google one payment #4504,4422.26,Bills & Subscriptions
TXN980673,parking charges payment #3341,1424.8,Others
TXN818660,talwalkars gym payment #5104,2475.96,Health & Fitness
TXN286659,paradise biryani payment #6704,4503.82,Food & Dining
TXN863878,hdfc atm payment #6668,4284.09,Financial Services
TXN501035,medplus payment #4129,3104.02,Health & Fitness
TXN305349,tneb payment payment #1174,4669.3,Utilities
TXN714663,inox movies payment #1091,2653.71,Entertainment
TXN366086,rapido payment #7043,515.84,Travel & Transport
TXN778657,youtube premium payment #1549,3053.53,Bills & Subscriptions
TXN829283,ksrtc bus payment #1719,2419.74,Travel & Transport
TXN852908,indigo payment #1498,3145.09,Travel & Transport
TXN886364,prime video payment #8756,2476.99,Entertainment
TXN140048,parking charges payment #2702,2750.66,Others
TXN839916,airtel recharge payment #3509,3083.96,Utilities
TXN158770,myntra payment #2956,459.98,Shopping
TXN390956,netflix payment #9914,1605.47,Entertainment
TXN448824,essar petrol payment #1273,3089.32,Fuel
TXN715354,parking charges payment #3772,4503.35,Others
TXN536604,airtel recharge payment #7605,4705.7,Utilities
TXN965125,donation payment payment #4161,354.34,Others
TXN280968,apple music payment #2375,3658.34,Bills & Subscriptions
TXN822171,netflix payment #4255,1413.85,Entertainment
TXN426279,notion subscription payment #1052,906.19,Bills & Subscriptions
TXN588900,goibibo payment #6594,1785.89,Travel & Transport
TXN192444,dunzo payment #8585,2852.64,Groceries
TXN294677,mcdonalds payment #2415,953.38,Food & Dining
TXN328092,airtel recharge payment #1171,3845.28,Utilities
TXN422733,housejoy payment #5042,2328.73,Others
TXN883714,donation payment payment #4130,4716.15,Others
TXN286650,meesho payment #5703,314.01,Shopping
TXN336936,irctc payment #7782,2846.95,Travel & Transport
TXN409258,bharatpetrol payment #3901,4423.66,Fuel
TXN472405,makemytrip payment #9026,1359.5,Travel & Transport
TXN571516,nature's basket payment #9569,1776.85,Groceries
TXN975271,donation payment payment #1601,4167.07,Others
TXN836296,spencer’s retail payment #4451,820.74,Groceries
TXN317523,healthspring payment #5729,3247.74,Health & Fitness
TXN370756,act fibernet payment #4452,499.25,Utilities
TXN642145,shell payment #2889,1341.19,Fuel
TXN589943,donation payment payment #3290,972.81,Others
TXN790282,nature's basket payment #7191,1892.8,Groceries
TXN760049,bigbasket payment #2713,1645.74,Groceries
TXN450971,airtel recharge payment #8790,835.81,Utilities
TXN421153,bsnl bill payment #6865,976.2,Utilities
TXN560333,nykaa payment #1356,2756.55,Shopping
TXN866461,jiomart grocery payment #8126,2988.2,Groceries
TXN858510,talwalkars gym payment #5138,4178.78,Health & Fitness
TXN414754,hathway broadband payment #7572,2438.66,Utilities
TXN213094,bhim upi payment #9306,3827.71,Financial Services
TXN721885,fortis hospital payment #7565,3881.66,Health & Fitness
TXN725843,googlepay upi payment #5924,2585.41,Financial Services
TXN236200,adobe creative cloud payment #3286,4759.89,Bills & Subscriptions
TXN194789,housejoy payment #1881,3953.42,Others
TXN515229,irctc payment #8515,4017.37,Travel & Transport
TXN310141,nykaa payment #3416,54.17,Shopping
TXN347656,meesho payment #4024,1572.26,Shopping
TXN261625,shell payment #5009,496.33,Fuel
TXN105184,local technician payment #7131,4236.06,Others
TXN676537,spotify payment #8713,1756.32,Entertainment
TXN800906,nobroker services payment #8738,3508.96,Others
TXN506400,talwalkars gym payment #2569,3545.81,Health & Fitness
TXN519308,d mart payment #3187,3827.07,Shopping
TXN725935,act fibernet payment #7956,4107.97,Utilities
TXN332463,1mg payment #1440,1766.99,Health & Fitness
TXN479878,reliance fresh payment #7047,3850.83,Groceries
TXN181023,airtel recharge payment #7523,3072.3,Utilities
TXN146397,urban company payment #4079,733.5,Others
TXN502722,bharatpetrol payment #6563,2205.23,Fuel
TXN426203,urban company payment #5668,2157.27,Others
TXN288238,talwalkars gym payment #7909,222.39,Health & Fitness
TXN587506,croma payment #2743,3427.58,Shopping
TXN787728,wow momo payment #2661,3446.02,Food & Dining
TXN702597,apollo pharmacy payment #3109,846.37,Health & Fitness
TXN609754,notion subscription payment #1189,3447.18,Bills & Subscriptions
TXN417670,donation payment payment #1893,2038.43,Others
TXN732958,pharmeasy payment #2899,3723.22,Health & Fitness
TXN985174,inox movies payment #6489,3915.97,Entertainment
TXN544664,canva pro payment #3930,602.78,Bills & Subscriptions
TXN257692,notion subscription payment #2310,4358.06,Bills & Subscriptions
TXN307212,sbi atm payment #5224,4743.6,Financial Services
TXN395398,figma pro payment #8614,2202.7,Bills & Subscriptions
TXN484936,bank a/c transfer payment #8540,4346.09,Financial Services
TXN546381,salary credit payment #5134,3447.62,Financial Services
TXN669113,act fibernet payment #1385,3845.83,Utilities
TXN118369,irctc payment #7833,1501.54,Travel & Transport
TXN724719,inox movies payment #1583,1523.53,Entertainment
TXN874562,wow momo payment #9704,3672.93,Food & Dining
TXN199166,medplus payment #9765,917.41,Health & Fitness
TXN552041,pantaloons payment #9084,765.99,Shopping
TXN965674,rapido payment #4999,4860.67,Travel & Transport
TXN490904,figma pro payment #6350,251.17,Bills & Subscriptions
TXN500464,phonepe upi payment #2656,3066.3,Financial Services
TXN543054,google one payment #5947,1721.98,Bills & Subscriptions
TXN856646,apollo pharmacy payment #5208,960.46,Health & Fitness
TXN222080,donation payment payment #8101,4420.48,Others
TXN745483,reliance petrol pump payment #5967,1341.83,Fuel
TXN492415,adobe creative cloud payment #1800,3486.57,Bills & Subscriptions
TXN388134,jiomart grocery payment #8158,1115.29,Groceries
TXN733992,meesho payment #1749,2532.74,Shopping
TXN105296,cult fit payment #5467,3407.13,Health & Fitness
TXN789137,medplus payment #7788,142.66,Health & Fitness
TXN201866,meesho payment #6212,1371.91,Shopping
TXN331795,hp petrol payment #6318,139.46,Fuel
TXN716472,faasos payment #8547,3654.41,Food & Dining
TXN684745,healthspring payment #8792,2730.22,Health & Fitness
TXN962588,sbi atm payment #6674,1735.95,Financial Services
TXN320869,spotify payment #9175,2336.64,Entertainment
TXN522511,apple music payment #5189,3381.28,Bills & Subscriptions
TXN762054,sbi card payment payment #2287,4268.84,Financial Services
TXN487125,inox movies payment #9676,461.31,Entertainment
TXN807265,indigo payment #8397,3766.74,Travel & Transport
TXN754589,netflix payment #3731,821.71,Entertainment
TXN887887,tata play dth payment #1383,2106.2,Utilities
TXN493514,goibibo payment #4845,3733.06,Travel & Transport
TXN201690,apple music payment #3023,1923.22,Bills & Subscriptions
TXN698469,medplus payment #2812,1095.96,Health & Fitness
TXN676790,irctc payment #7571,4331.22,Travel & Transport
TXN728357,healthspring payment #7851,3768.84,Health & Fitness
TXN796500,rapido payment #2730,3863.97,Travel & Transport
TXN626704,donation payment payment #6206,3820.68,Others
TXN618870,notion subscription payment #7618,1164.24,Bills & Subscriptions
TXN264592,pvr cinemas payment #8363,4139.39,Entertainment
TXN970177,croma payment #9727,1477.62,Shopping
TXN501975,water tax payment #2610,3298.14,Utilities
TXN298049,spencer’s retail payment #7722,4872.52,Groceries
TXN739323,urbanclap payment #3270,3113.44,Others
TXN123942,dunzo payment #7697,3017.86,Groceries
TXN817606,jio fiber payment #8731,873.97,Utilities
TXN678874,wow momo payment #7378,162.46,Food & Dining
TXN580005,adobe creative cloud payment #3644,4259.03,Bills & Subscriptions
TXN438400,jio fiber payment #4273,917.29,Utilities
TXN317062,meesho payment #1506,370.82,Shopping
TXN353633,jiomart grocery payment #8268,2323.0,Groceries
TXN942726,nykaa payment #2821,2526.06,Shopping
TXN356757,nature's basket payment #3609,4366.82,Groceries
TXN815153,hotstar payment #1529,84.07,Entertainment
TXN504032,nobroker services payment #8703,4341.96,Others
TXN226858,burger king payment #9803,4790.0,Food & Dining
TXN407194,bigbasket payment #1979,2220.68,Groceries
TXN759835,apollo pharmacy payment #9381,1848.7,Health & Fitness
TXN208656,nobroker services payment #3032,2171.51,Others
TXN857065,meesho payment #2831,3801.81,Shopping
TXN248845,d mart payment #6567,2093.82,Shopping
TXN201843,ioc fuel station payment #5333,2438.83,Fuel
TXN889056,bsnl bill payment #9053,2318.3,Utilities
TXN822672,ioc fuel station payment #5838,1337.0,Fuel
TXN695833,inox movies payment #5225,3947.5,Entertainment
TXN255214,vistara airlines payment #3294,226.94,Travel & Transport
TXN690913,microsoft 365 payment #7076,178.41,Bills & Subscriptions
TXN695213,act fibernet payment #3593,1567.98,Utilities
TXN805983,housejoy payment #8206,2402.66,Others
TXN253643,irctc payment #3106,3731.48,Travel & Transport
TXN767693,blinkit payment #5215,4302.78,Groceries
TXN255570,indianoil payment #5963,4262.05,Fuel
TXN881668,bigbasket payment #9332,1334.13,Groceries
TXN460934,notion subscription payment #3791,2411.02,Bills & Subscriptions
TXN429563,urban company payment #9209,2956.32,Others
TXN779872,canva pro payment #8950,1920.99,Bills & Subscriptions
TXN498325,tanishq payment #8929,2436.16,Shopping
TXN335746,sbi card payment payment #6609,4737.39,Financial Services
TXN738206,airindia payment #5559,1160.33,Travel & Transport
TXN697067,kritunga payment #8525,1814.68,Food & Dining
TXN339464,urbanclap payment #9587,4207.89,Others
TXN756830,bharatpetrol payment #7528,3338.01,Fuel
TXN680160,behrouz biryani payment #5447,2561.71,Food & Dining
TXN568328,google one payment #1917,4853.66,Bills & Subscriptions
TXN823201,more supermarket payment #3993,1261.23,Groceries
TXN286049,parking charges payment #8472,1263.18,Others
TXN195797,salary credit payment #5546,1365.53,Financial Services
TXN238987,essar petrol payment #2043,4161.93,Fuel
TXN355790,microsoft 365 payment #4728,351.28,Bills & Subscriptions
TXN919370,jiomart grocery payment #9797,2348.14,Groceries
TXN305967,sbi atm payment #2196,3960.58,Financial Services
TXN306984,hotstar payment #8799,2237.4,Entertainment
TXN414531,paradise biryani payment #8982,2967.41,Food & Dining
TXN854955,bigbasket payment #2827,2929.48,Groceries
TXN100519,bookmyshow payment #8475,2965.24,Entertainment
TXN761785,redbus payment #9070,3026.7,Travel & Transport
TXN397539,d mart payment #9424,2561.1,Shopping
TXN361118,housejoy payment #9719,1357.79,Others
TXN423804,act fibernet payment #9242,3405.32,Utilities
TXN611265,nobroker services payment #3984,601.78,Others
TXN593361,sbi atm payment #9348,4472.17,Financial Services
TXN805666,spotify payment #8078,935.04,Entertainment
TXN459065,ola payment #8261,4630.21,Travel & Transport
TXN302999,donation payment payment #3992,2716.02,Others
TXN420218,chai point payment #9221,1105.42,Food & Dining
TXN739135,water tax payment #5916,559.44,Utilities
TXN263984,reliance petrol pump payment #6304,3375.84,Fuel
TXN993761,ioc fuel station payment #3814,2011.39,Fuel
TXN641554,decathlon payment #6335,3329.82,Shopping
TXN339834,zee5 subscription payment #5413,3909.79,Entertainment
TXN488802,makemytrip payment #5974,4674.93,Travel & Transport
TXN969512,meesho payment #6798,1701.92,Shopping
TXN899743,water tax payment #7447,1574.68,Utilities
TXN157994,apollo pharmacy payment #7620,3823.0,Health & Fitness
TXN579083,healthspring payment #3292,3246.67,Health & Fitness
TXN318742,uber payment #4313,4101.74,Travel & Transport
TXN124829,donation payment payment #7119,1316.85,Others
TXN685176,tata play dth payment #6336,3965.05,Utilities
TXN561481,adobe creative cloud payment #9240,3997.5,Bills & Subscriptions
TXN441293,ola payment #3628,418.41,Travel & Transport
TXN919176,prime video payment #1753,4762.62,Entertainment
TXN361982,nobroker services payment #8979,3454.61,Others
TXN206367,vistara airlines payment #1971,2951.27,Travel & Transport
TXN487395,reimbursement payment #9812,1746.33,Financial Services
TXN886249,pvr cinemas payment #3200,599.6,Entertainment
TXN964352,behrouz biryani payment #7779,4887.03,Food & Dining
TXN689128,myntra payment #4276,2969.55,Shopping
TXN899840,pizza hut payment #9955,1263.87,Food & Dining
TXN823066,housejoy payment #5774,2805.54,Others
TXN924076,phonepe upi payment #2114,3871.9,Financial Services
TXN883572,hathway broadband payment #8304,4530.26,Utilities
TXN583187,hp petrol payment #4730,1640.27,Fuel
TXN367762,hathway broadband payment #5243,1034.98,Utilities
TXN548088,bigbasket payment #7730,744.34,Groceries
TXN163214,talwalkars gym payment #9657,4000.58,Health & Fitness
TXN133642,canva pro payment #8163,130.2,Bills & Subscriptions
TXN396376,canva pro payment #9061,3961.18,Bills & Subscriptions
TXN692767,nature's basket payment #2237,3190.15,Groceries
TXN265909,paradise biryani payment #9712,3913.91,Food & Dining
TXN739664,google one payment #8675,2890.93,Bills & Subscriptions
TXN957479,urban company payment #8060,3771.94,Others
TXN782039,makemytrip payment #3493,2283.88,Travel & Transport
TXN576102,bsnl bill payment #6567,949.29,Utilities
TXN702656,notion subscription payment #7577,4452.52,Bills & Subscriptions
TXN119788,uber payment #7388,3137.26,Travel & Transport
TXN371426,bhim upi payment #3465,1645.8,Financial Services
TXN658224,reliance petrol pump payment #6351,3388.96,Fuel
TXN849631,bookmyshow payment #6810,3861.14,Entertainment
TXN316157,reliance fresh payment #3429,984.79,Groceries
TXN731160,irctc payment #9739,549.44,Travel & Transport
TXN443367,phonepe upi payment #2134,2723.38,Financial Services
TXN417644,jio fiber payment #4304,3307.93,Utilities
TXN327788,croma payment #4817,4955.47,Shopping
TXN229090,airtel recharge payment #8203,729.7,Utilities
TXN498895,apollo pharmacy payment #4417,2247.56,Health & Fitness
TXN315621,icici emi payment payment #4254,2220.81,Financial Services
TXN631316,1mg payment #3868,509.62,Health & Fitness
TXN226204,dunzo payment #4434,856.27,Groceries
TXN535293,inox movies payment #6191,3760.93,Entertainment
TXN477338,hp petrol payment #9305,4926.5,Fuel
TXN116929,pvr cinemas payment #8486,2568.24,Entertainment
TXN999146,icici atm payment #7558,4026.89,Financial Services
TXN977170,wow momo payment #6078,1833.94,Food & Dining
TXN340500,burger king payment #5926,4732.41,Food & Dining
TXN388060,ccd cafe payment #1259,4385.91,Food & Dining
TXN285973,housejoy payment #5079,274.58,Others
TXN247031,bigbasket payment #3551,683.34,Groceries
TXN875788,netflix payment #4437,352.85,Entertainment
TXN963240,housejoy payment #7797,1889.93,Others
TXN258733,croma payment #9496,903.48,Shopping
TXN924764,urban company payment #2792,1857.09,Others
TXN523262,amazon payment #6014,2512.9,Shopping
TXN752123,housejoy payment #5344,4549.46,Others
TXN129881,airtel recharge payment #6432,3927.18,Utilities
TXN527456,netflix payment #3364,3688.01,Entertainment
TXN277985,atm fee payment #9604,1916.33,Financial Services
TXN196598,flipkart payment #4648,123.95,Shopping
TXN586993,1mg payment #8793,606.43,Health & Fitness
TXN426558,talwalkars gym payment #1011,715.31,Health & Fitness
TXN234425,prime video payment #5208,4502.77,Entertainment
TXN600998,hathway broadband payment #2579,4786.68,Utilities
TXN236113,bookmyshow payment #9433,672.87,Entertainment
TXN852110,ajio payment #2553,3313.09,Shopping
TXN361912,pharmeasy payment #2724,4440.24,Health & Fitness
TXN444589,bharatpetrol payment #5933,963.9,Fuel
TXN443874,pvr cinemas payment #3157,3811.47,Entertainment
TXN884267,healthspring payment #1560,3322.95,Health & Fitness
TXN115017,apollo pharmacy payment #3984,3981.26,Health & Fitness
TXN269748,lifestyle payment #4896,218.86,Shopping
TXN607348,healthspring payment #8877,107.98,Health & Fitness
TXN574065,jio fiber payment #7646,3162.13,Utilities
TXN561229,shell payment #9943,3125.5,Fuel
TXN453737,barbeque nation payment #9429,3294.53,Food & Dining
TXN909508,tneb payment payment #8984,1313.66,Utilities
TXN900345,figma pro payment #6609,3333.08,Bills & Subscriptions
TXN547232,microsoft 365 payment #6987,362.43,Bills & Subscriptions
TXN199178,urbanclap payment #3068,4825.53,Others
TXN677204,shell payment #2970,4158.89,Fuel
TXN574548,irctc payment #6030,4372.87,Travel & Transport
TXN291482,1mg payment #9269,4833.15,Health & Fitness
TXN913602,medplus payment #4634,751.46,Health & Fitness
TXN651105,paytm upi payment #6798,3680.39,Financial Services
TXN650549,reliance fresh payment #9692,2836.27,Groceries
TXN827391,atm fee payment #4775,1845.15,Financial Services
TXN813447,apple music payment #2640,1903.64,Bills & Subscriptions
TXN984199,lifestyle payment #4707,3189.85,Shopping
TXN999987,tanishq payment #7947,4713.85,Shopping
TXN410899,bharatpetrol payment #7567,292.12,Fuel
TXN437558,fortis hospital payment #8667,4474.04,Health & Fitness
TXN178507,pantaloons payment #1005,4693.81,Shopping
TXN869089,goibibo payment #4420,3357.19,Travel & Transport
TXN247118,dunzo payment #7723,343.15,Groceries
TXN510243,nykaa payment #4972,4121.08,Shopping
TXN360647,lifestyle payment #4168,2124.1,Shopping
TXN247262,bsnl bill payment #5525,1170.21,Utilities
TXN315829,1mg payment #3487,3643.6,Health & Fitness
TXN111292,spotify payment #6365,3377.58,Entertainment
TXN207596,urbanclap payment #9589,2627.07,Others
TXN413337,local technician payment #8180,2381.99,Others
TXN261141,paradise biryani payment #8444,3727.41,Food & Dining
TXN500033,behrouz biryani payment #1671,4382.42,Food & Dining
TXN713394,ola payment #7978,3153.15,Travel & Transport
TXN895302,pantaloons payment #8983,3472.61,Shopping
TXN867305,airindia payment #2451,2638.05,Travel & Transport
TXN977353,nature's basket payment #9102,1244.4,Groceries
TXN907346,fortis hospital payment #2723,330.43,Health & Fitness
TXN444802,indigo payment #9320,4528.42,Travel & Transport
TXN113554,pharmeasy payment #2361,4916.28,Health & Fitness
TXN332142,subway payment #9109,1251.58,Food & Dining
TXN918855,spencer’s retail payment #2703,3344.86,Groceries
TXN144146,zee5 subscription payment #7268,3052.81,Entertainment
TXN703587,dunzo payment #2615,2972.2,Groceries
TXN478222,dominos payment #4909,4835.31,Food & Dining
TXN464175,spencer’s retail payment #1653,4085.65,Groceries
TXN701195,parking charges payment #8548,2229.21,Others
TXN801569,youtube premium payment #8074,4703.98,Bills & Subscriptions
TXN761149,paytm upi payment #1395,2856.3,Financial Services
TXN940848,bsnl bill payment #7752,1496.77,Utilities
TXN476007,icici emi payment payment #5153,4254.68,Financial Services
TXN390070,housejoy payment #5074,1794.27,Others
TXN905947,netflix payment #5311,1656.34,Entertainment
TXN779778,ajio payment #9966,2814.46,Shopping
TXN985752,tata play dth payment #3818,3778.93,Utilities
TXN875798,hotstar payment #9818,1702.13,Entertainment
TXN857009,bharatpetrol payment #2659,4151.98,Fuel
TXN770538,ccd cafe payment #9146,1598.98,Food & Dining
TXN997555,westside payment #5336,1944.35,Shopping
TXN479021,inox movies payment #8172,1718.16,Entertainment
TXN299008,myntra payment #2826,1647.66,Shopping
TXN893531,blinkit payment #5853,4548.71,Groceries
TXN308267,apple music payment #2244,2019.96,Bills & Subscriptions
TXN993605,mcdonalds payment #7629,3572.74,Food & Dining
TXN470985,irctc payment #9729,3593.65,Travel & Transport
TXN986056,cult fit payment #2697,4610.23,Health & Fitness
TXN439566,vistara airlines payment #2346,2872.03,Travel & Transport
TXN674606,shell payment #5028,4139.36,Fuel
TXN618513,lifestyle payment #1431,4963.75,Shopping
TXN357269,ioc fuel station payment #4587,3490.64,Fuel
TXN252438,shell payment #4538,3257.08,Fuel
TXN999186,atm withdrawal payment #1340,1256.22,Financial Services
TXN683346,jiomart grocery payment #7791,4197.76,Groceries
TXN709113,adobe creative cloud payment #9496,2091.0,Bills & Subscriptions
TXN942453,fortis hospital payment #6963,3746.62,Health & Fitness
TXN435706,redbus payment #4845,1882.63,Travel & Transport
TXN437287,canva pro payment #3203,431.35,Bills & Subscriptions
TXN201314,ioc fuel station payment #3109,2714.46,Fuel
TXN946466,figma pro payment #2717,2700.03,Bills & Subscriptions
TXN587888,more supermarket payment #4669,3614.53,Groceries
TXN748865,vistara airlines payment #8540,4191.24,Travel & Transport
TXN279664,prime video payment #2059,2975.76,Entertainment
TXN464488,atm fee payment #1942,2269.92,Financial Services
TXN168590,spotify payment #6806,365.7,Entertainment
TXN848276,vistara airlines payment #1451,1297.46,Travel & Transport
TXN515494,jiomart grocery payment #3184,2182.61,Groceries
TXN831073,essar petrol payment #9821,2287.95,Fuel
TXN526919,housejoy payment #9322,1686.14,Others
TXN107104,westside payment #6152,2721.08,Shopping
TXN715983,bigbasket payment #6871,3574.96,Groceries
TXN533807,mcdonalds payment #9679,3088.56,Food & Dining
TXN976336,pantaloons payment #3938,1013.36,Shopping
TXN864062,amazon payment #9109,3264.56,Shopping
TXN701885,behrouz biryani payment #7611,491.07,Food & Dining
TXN830244,nobroker services payment #7247,4034.32,Others
TXN200519,spotify payment #3998,4243.96,Entertainment
TXN364255,rapido payment #8051,928.18,Travel & Transport
TXN310351,hotstar payment #7576,963.6,Entertainment
TXN456222,bharatpetrol payment #2336,4928.9,Fuel
TXN735604,hotstar payment #1334,2643.14,Entertainment
TXN200128,atm fee payment #7113,342.77,Financial Services
TXN113189,amazon payment #9669,4819.82,Shopping
TXN938900,sbi atm payment #1453,1954.53,Financial Services
TXN297637,nature's basket payment #3824,4303.83,Groceries
TXN328981,local technician payment #9768,2516.1,Others
TXN728850,bsnl bill payment #3534,4366.88,Utilities
TXN631972,tneb payment payment #3908,4462.61,Utilities
TXN663703,nykaa payment #1635,200.19,Shopping
TXN466009,faasos payment #2765,4678.41,Food & Dining
TXN204565,urban company payment #3742,2971.03,Others
TXN576752,bookmyshow payment #6527,3037.34,Entertainment
TXN222034,local technician payment #8338,4167.26,Others
TXN483457,local technician payment #5034,374.04,Others
TXN297488,ajio payment #9040,4803.92,Shopping
TXN950297,apollo pharmacy payment #8871,1823.69,Health & Fitness
TXN988955,donation payment payment #2618,3785.33,Others
TXN652953,google one payment #6251,3334.39,Bills & Subscriptions
TXN396287,spencer’s retail payment #4292,3796.77,Groceries
TXN407189,tneb payment payment #4244,2267.13,Utilities
TXN186391,nobroker services payment #7177,2050.98,Others
TXN688516,netflix payment #6267,2481.64,Entertainment
TXN908287,zee5 subscription payment #5705,1564.19,Entertainment
TXN297215,donation payment payment #1682,322.82,Others
TXN281779,faasos payment #9893,4465.86,Food & Dining
TXN129321,housejoy payment #9753,3709.32,Others
TXN663886,atm withdrawal payment #6763,1955.26,Financial Services
TXN649437,sbi card payment payment #9329,4374.84,Financial Services
TXN324912,tanishq payment #1732,1885.58,Shopping
TXN847016,pizza hut payment #4630,4752.32,Food & Dining
TXN316779,bsnl bill payment #9114,3584.47,Utilities
TXN316037,bigbasket payment #7250,273.91,Groceries
TXN791634,faasos payment #4938,73.46,Food & Dining
TXN489843,tneb payment payment #4741,4936.07,Utilities
TXN751966,apollo pharmacy payment #5033,821.85,Health & Fitness
TXN813446,housejoy payment #7927,4415.63,Others
TXN529080,blinkit payment #5466,1064.14,Groceries
TXN391595,hdfc loan emi payment #7178,4126.6,Financial Services
TXN729281,ioc fuel station payment #5152,3907.17,Fuel
TXN829810,reimbursement payment #1684,3477.99,Financial Services
TXN173950,spotify payment #4653,3331.67,Entertainment
TXN169730,urbanclap payment #9004,620.63,Others
TXN813981,tanishq payment #5202,1670.52,Shopping
TXN997065,pharmeasy payment #5664,2704.49,Health & Fitness
TXN514089,blinkit payment #2956,587.04,Groceries
TXN310541,indianoil payment #9158,2796.01,Fuel
TXN602078,tanishq payment #8683,4978.01,Shopping
TXN293439,dominos payment #7358,1181.79,Food & Dining
TXN559390,mcdonalds payment #7076,1246.67,Food & Dining
TXN795076,nykaa payment #1672,3005.16,Shopping
TXN145883,adobe creative cloud payment #6208,3854.32,Bills & Subscriptions
TXN362985,bigbasket payment #6592,4745.52,Groceries
TXN510320,d mart payment #1924,2337.08,Shopping
TXN166741,cult fit payment #9283,4736.77,Health & Fitness
TXN789975,hp petrol payment #6503,3154.71,Fuel
TXN984392,netflix payment #2136,4363.12,Entertainment
TXN250327,reliance petrol pump payment #3639,2666.36,Fuel
TXN529836,canva pro payment #2067,330.73,Bills & Subscriptions
TXN859252,youtube premium payment #3783,3112.0,Bills & Subscriptions
TXN817557,hathway broadband payment #2700,240.23,Utilities
TXN953232,indianoil payment #1957,1937.01,Fuel
TXN691018,1mg payment #1576,4292.16,Health & Fitness
TXN699252,google one payment #8805,147.98,Bills & Subscriptions
TXN571514,nobroker services payment #7336,1448.22,Others
TXN461912,essar petrol payment #5096,2478.28,Fuel
TXN576287,nobroker services payment #3509,2421.69,Others
TXN768040,canva pro payment #5699,1158.01,Bills & Subscriptions
TXN485957,croma payment #3626,4995.75,Shopping
TXN144622,hdfc loan emi payment #3359,4036.98,Financial Services
TXN993055,zee5 subscription payment #9871,3567.89,Entertainment
TXN318209,shell payment #6782,668.87,Fuel
TXN869077,fortis hospital payment #8546,4423.93,Health & Fitness
TXN481220,prime video payment #8594,4764.25,Entertainment
TXN858443,hathway broadband payment #3180,3343.6,Utilities
TXN695996,adobe creative cloud payment #4128,1267.74,Bills & Subscriptions
TXN585884,ioc fuel station payment #6954,3660.07,Fuel
TXN323885,notion subscription payment #6028,1905.34,Bills & Subscriptions
TXN783920,cult fit payment #9893,2377.65,Health & Fitness
TXN153357,pvr cinemas payment #7752,4528.15,Entertainment
TXN791694,hp petrol payment #3567,1721.53,Fuel
TXN124993,fortis hospital payment #8257,942.56,Health & Fitness
TXN386596,shell payment #3823,2858.59,Fuel
TXN703003,local technician payment #7584,3857.74,Others
TXN357633,hp petrol payment #8677,2085.88,Fuel
TXN740006,westside payment #6180,4659.7,Shopping
TXN189915,bigbasket payment #2070,3397.14,Groceries
TXN447611,imps transfer payment #1864,4604.85,Financial Services
TXN312868,behrouz biryani payment #6844,4661.24,Food & Dining
TXN480570,ajio payment #2081,1572.43,Shopping
TXN598165,nature's basket payment #8317,2938.07,Groceries
TXN941310,tneb payment payment #2662,1484.22,Utilities
TXN271187,apple music payment #3490,4509.04,Bills & Subscriptions
TXN265969,1mg payment #7712,2684.91,Health & Fitness
TXN823479,figma pro payment #5607,3514.32,Bills & Subscriptions
TXN566515,indianoil payment #3402,3336.15,Fuel
TXN595780,swiggy payment #7241,721.21,Food & Dining
TXN714649,talwalkars gym payment #1326,893.77,Health & Fitness
TXN569063,water tax payment #3979,2945.21,Utilities
TXN456281,bajaj finance emi payment #6633,4735.69,Financial Services
TXN754344,wow momo payment #3210,391.01,Food & Dining
TXN216362,ksrtc bus payment #3449,1998.4,Travel & Transport
TXN406550,urban company payment #6254,4809.8,Others
TXN116730,wow momo payment #9105,3033.92,Food & Dining
TXN992603,spencer’s retail payment #6983,4958.92,Groceries
TXN124583,airindia payment #9526,2591.44,Travel & Transport
TXN780950,inox movies payment #1852,4533.79,Entertainment
TXN553980,essar petrol payment #8355,1567.85,Fuel
TXN791442,airtel recharge payment #8505,1400.54,Utilities
TXN754489,behrouz biryani payment #3140,2778.81,Food & Dining
TXN309340,reversal charge payment #7236,145.1,Financial Services
TXN830706,zee5 subscription payment #5428,1972.57,Entertainment
TXN995092,healthspring payment #9398,1865.63,Health & Fitness
TXN463058,fortis hospital payment #3168,3551.04,Health & Fitness
TXN379626,goibibo payment #5614,1004.87,Travel & Transport
TXN944601,pizza hut payment #2389,4597.94,Food & Dining
TXN124125,housejoy payment #2859,4314.32,Others
TXN178029,westside payment #4980,3822.21,Shopping
TXN916711,d mart payment #4882,371.55,Shopping
TXN872279,mcdonalds payment #1220,97.74,Food & Dining
TXN761654,bsnl bill payment #8549,823.41,Utilities
TXN838352,bsnl bill payment #1920,3082.2,Utilities
TXN294589,ajio payment #2329,4594.11,Shopping
TXN320430,mcdonalds payment #4818,69.01,Food & Dining
TXN301996,rtgs transfer payment #9672,1965.16,Financial Services
TXN734868,bookmyshow payment #9115,3555.78,Entertainment
TXN564012,nykaa payment #2003,1475.91,Shopping
TXN307324,tanishq payment #3881,81.25,Shopping
TXN833968,irctc payment #4102,4396.97,Travel & Transport
TXN893023,mcdonalds payment #6265,981.58,Food & Dining
TXN730775,hp petrol payment #5861,2003.61,Fuel
TXN964517,pharmeasy payment #5111,1130.38,Health & Fitness
TXN395120,jio fiber payment #5123,2676.23,Utilities
TXN460944,flipkart payment #9092,355.02,Shopping
TXN183835,salary credit payment #8046,3790.47,Financial Services
TXN112581,parking charges payment #8306,4498.27,Others
TXN831985,urbanclap payment #6922,1626.07,Others
TXN696850,local technician payment #2079,3407.07,Others
TXN488438,rapido payment #8871,2281.4,Travel & Transport
TXN672435,pvr cinemas payment #6135,3828.89,Entertainment
TXN824424,hp petrol payment #1699,2956.78,Fuel
TXN440124,tata play dth payment #8563,2351.48,Utilities
TXN574141,talwalkars gym payment #8608,4349.98,Health & Fitness
TXN539979,myntra payment #7317,3702.4,Shopping
TXN762902,phonepe upi payment #7249,3951.91,Financial Services
TXN929816,croma payment #8116,1860.26,Shopping
TXN327534,urban company payment #4013,797.64,Others
TXN384048,zomato payment #3455,1986.89,Food & Dining
TXN266006,jio fiber payment #7426,157.32,Utilities
TXN610168,goibibo payment #4112,1424.46,Travel & Transport
TXN611015,jiomart grocery payment #3618,2192.64,Groceries
TXN170156,urbanclap payment #2736,1799.18,Others
TXN346575,water tax payment #3317,3058.7,Utilities
TXN614333,figma pro payment #7821,4027.93,Bills & Subscriptions
TXN761084,atm withdrawal payment #6547,3175.97,Financial Services
TXN728218,ksrtc bus payment #2996,3111.48,Travel & Transport
TXN946331,tanishq payment #7117,1445.39,Shopping
TXN166191,d mart payment #8758,2848.37,Shopping
TXN319630,icici emi payment payment #5032,1881.54,Financial Services
TXN764662,jio fiber payment #6120,4555.22,Utilities
TXN832251,pvr cinemas payment #6424,2797.23,Entertainment
TXN842501,hp petrol payment #4750,4829.1,Fuel
TXN612321,more supermarket payment #5081,4075.94,Groceries
TXN635780,jiomart grocery payment #6135,4458.26,Groceries
TXN185257,ccd cafe payment #6269,3763.45,Food & Dining
TXN170176,figma pro payment #5358,2340.31,Bills & Subscriptions
TXN846489,zee5 subscription payment #5525,3898.29,Entertainment
TXN596759,d mart payment #1967,4246.48,Shopping
TXN473470,hp petrol payment #6361,3183.7,Fuel
TXN435581,jiomart grocery payment #5468,2831.3,Groceries
TXN309776,inox movies payment #9786,3043.62,Entertainment
TXN409979,urban company payment #2972,4790.74,Others
TXN396176,paytm upi payment #9259,2641.34,Financial Services
TXN412661,ioc fuel station payment #1178,1911.24,Fuel
TXN130221,airindia payment #1414,763.1,Travel & Transport
TXN486538,donation payment payment #2289,3823.75,Others
TXN682236,spotify payment #7259,2261.09,Entertainment
TXN212978,decathlon payment #6146,2248.49,Shopping
TXN398595,makemytrip payment #8427,1415.95,Travel & Transport
TXN229934,decathlon payment #1277,686.25,Shopping
TXN248638,sbi atm payment #7042,2785.25,Financial Services
TXN777724,tata play dth payment #8114,2773.13,Utilities
TXN774885,tata play dth payment #1565,931.09,Utilities
TXN636565,rapido payment #1645,2849.8,Travel & Transport
TXN246707,phonepe upi payment #2112,2508.55,Financial Services
TXN196321,flipkart payment #4850,2637.76,Shopping
TXN460262,hathway broadband payment #7760,1723.88,Utilities
TXN650166,subway payment #2018,2032.77,Food & Dining
TXN962816,fortis hospital payment #9980,3488.2,Health & Fitness
TXN899816,kritunga payment #2888,2270.07,Food & Dining
TXN155032,airindia payment #1396,1234.36,Travel & Transport
TXN144454,parking charges payment #8842,3501.57,Others
TXN244360,bhim upi payment #3500,3804.71,Financial Services
TXN120191,canva pro payment #7484,1648.6,Bills & Subscriptions
TXN676749,microsoft 365 payment #7798,2486.52,Bills & Subscriptions
TXN318981,swiggy payment #1589,1040.62,Food & Dining
TXN835916,reliance petrol pump payment #6724,2482.75,Fuel
TXN516474,wow momo payment #3689,2570.29,Food & Dining
TXN378550,hp petrol payment #5610,2704.34,Fuel
TXN975374,canva pro payment #3619,2578.85,Bills & Subscriptions
TXN305282,ioc fuel station payment #6480,3057.71,Fuel
TXN573589,act fibernet payment #5675,1993.53,Utilities
TXN907420,icici emi payment payment #9385,3036.67,Financial Services
TXN506272,medplus payment #1682,964.92,Health & Fitness
TXN973390,kritunga payment #5892,1040.71,Food & Dining
TXN478471,urban company payment #5970,4438.93,Others
TXN694381,netflix payment #4765,3256.76,Entertainment
TXN112960,airindia payment #6077,2579.94,Travel & Transport
TXN316376,ioc fuel station payment #6471,945.55,Fuel
TXN509735,zee5 subscription payment #8501,3613.85,Entertainment
TXN688072,reliance fresh payment #8867,4608.05,Groceries
TXN181447,blinkit payment #5071,3985.27,Groceries
TXN749358,dunzo payment #1511,4427.84,Groceries
TXN418186,imps transfer payment #1000,4736.6,Financial Services
TXN201955,zee5 subscription payment #3613,3657.3,Entertainment
TXN543721,hdfc atm payment #4125,1115.78,Financial Services
TXN411919,bsnl bill payment #1366,1435.89,Utilities
TXN579123,bank a/c transfer payment #5304,1545.15,Financial Services
TXN599651,indianoil payment #1497,4601.06,Fuel
TXN577358,amazon payment #4847,607.3,Shopping
TXN166357,blinkit payment #8859,1386.83,Groceries
TXN131350,ajio payment #7183,372.53,Shopping
TXN532458,bajaj finance emi payment #8630,2190.81,Financial Services
TXN788505,amazon payment #1721,2904.97,Shopping
TXN312544,barbeque nation payment #8850,3564.01,Food & Dining
TXN346225,uber payment #4081,3372.65,Travel & Transport
TXN690570,netflix payment #1722,4979.4,Entertainment
TXN400434,talwalkars gym payment #1774,3970.22,Health & Fitness
TXN960581,bsnl bill payment #8475,3010.34,Utilities
TXN861474,spotify payment #7082,1897.67,Entertainment
TXN526772,apple music payment #6681,1637.52,Bills & Subscriptions
TXN464314,decathlon payment #8659,2038.81,Shopping
TXN808534,irctc payment #9102,4080.43,Travel & Transport
TXN190644,notion subscription payment #8073,1833.63,Bills & Subscriptions
TXN476091,blinkit payment #6452,4429.62,Groceries
TXN813385,nobroker services payment #9834,2281.31,Others
TXN727879,amazon payment #3376,1750.1,Shopping
TXN955908,tneb payment payment #3285,4262.93,Utilities
TXN963442,ioc fuel station payment #2339,3481.41,Fuel
TXN144017,1mg payment #9912,4952.99,Health & Fitness
TXN677187,google one payment #5173,2898.55,Bills & Subscriptions
TXN612942,urban company payment #6486,3711.57,Others
TXN675092,behrouz biryani payment #7116,3672.68,Food & Dining
TXN886249,fortis hospital payment #6752,1134.4,Health & Fitness
TXN263264,1mg payment #8432,1167.78,Health & Fitness
TXN938792,essar petrol payment #9265,52.95,Fuel
TXN828694,subway payment #2183,764.56,Food & Dining
TXN965318,airindia payment #5962,3791.21,Travel & Transport
TXN124647,reliance petrol pump payment #4129,3209.33,Fuel
TXN294735,imps transfer payment #4392,1514.13,Financial Services
TXN224731,urbanclap payment #8415,381.76,Others
TXN831715,healthspring payment #1173,3324.85,Health & Fitness
TXN318573,blinkit payment #7142,1748.69,Groceries
TXN766076,redbus payment #8838,3115.33,Travel & Transport
TXN624282,bigbasket payment #1516,3411.63,Groceries
TXN936587,hathway broadband payment #8759,203.65,Utilities
TXN818115,1mg payment #6751,2142.37,Health & Fitness
TXN895921,netflix payment #8986,1930.84,Entertainment
TXN186994,subway payment #2508,1298.17,Food & Dining
TXN576773,essar petrol payment #2540,4161.62,Fuel
TXN136010,healthspring payment #8688,1244.82,Health & Fitness
TXN327074,act fibernet payment #8392,2785.5,Utilities
TXN722255,spencer’s retail payment #3103,520.02,Groceries
TXN566018,parking charges payment #9295,189.77,Others
TXN830994,chayos payment #5501,947.1,Food & Dining
TXN785456,spencer’s retail payment #9776,4016.47,Groceries
TXN614954,amazonpay upi payment #9466,2949.02,Financial Services
TXN141750,nykaa payment #3666,1502.28,Shopping
TXN820169,vistara airlines payment #2796,1690.51,Travel & Transport
TXN361140,flipkart payment #8966,1035.66,Shopping
TXN909985,icici atm payment #3893,3889.91,Financial Services
TXN456589,apollo pharmacy payment #4660,1546.27,Health & Fitness
TXN848502,local technician payment #4747,4235.42,Others
TXN238410,hotstar payment #3280,552.61,Entertainment
TXN932923,bigbasket payment #7007,2218.58,Groceries
TXN765669,apollo pharmacy payment #7034,3556.62,Health & Fitness
TXN392450,google one payment #1549,2122.19,Bills & Subscriptions
TXN375540,fortis hospital payment #2429,381.35,Health & Fitness
TXN355047,housejoy payment #9308,2399.4,Others
TXN698129,flipkart payment #2415,169.34,Shopping
TXN491451,lifestyle payment #9944,1022.76,Shopping
TXN710397,microsoft 365 payment #4039,2415.5,Bills & Subscriptions
TXN312281,1mg payment #4805,2820.35,Health & Fitness
TXN111737,meesho payment #7401,709.41,Shopping
TXN218229,airtel recharge payment #1199,2575.47,Utilities
TXN418079,microsoft 365 payment #1145,2948.59,Bills & Subscriptions
TXN940145,d mart payment #8870,4607.62,Shopping
TXN601989,hp petrol payment #8836,3336.98,Fuel
TXN942918,indianoil payment #9870,903.47,Fuel
TXN252465,kfc payment #9353,3352.06,Food & Dining
TXN693659,subway payment #2189,2591.25,Food & Dining
TXN980563,ajio payment #7774,3153.36,Shopping
TXN526132,housejoy payment #5300,4691.16,Others
TXN918551,hdfc loan emi payment #6250,262.4,Financial Services
TXN509758,apollo pharmacy payment #7122,1003.4,Health & Fitness
TXN602651,bookmyshow payment #3086,3755.61,Entertainment
TXN353063,spencer’s retail payment #3576,3247.9,Groceries
TXN553762,blinkit payment #2229,2510.81,Groceries
TXN838694,bigbasket payment #2390,2115.72,Groceries
TXN390863,westside payment #7054,3224.93,Shopping
TXN418239,pharmeasy payment #6594,2349.31,Health & Fitness
TXN636283,canva pro payment #8699,4600.67,Bills & Subscriptions
TXN592126,zee5 subscription payment #3248,3799.22,Entertainment
TXN658617,bsnl bill payment #6610,3472.55,Utilities
TXN384427,google one payment #5394,1295.39,Bills & Subscriptions
TXN439910,vistara airlines payment #6129,2591.91,Travel & Transport
TXN301165,reliance petrol pump payment #6019,996.77,Fuel
TXN802215,tata play dth payment #7944,1428.68,Utilities
TXN941214,urban company payment #3281,3853.15,Others
TXN847237,airindia payment #6922,3451.16,Travel & Transport
TXN710008,canva pro payment #8580,1062.1,Bills & Subscriptions
TXN769615,apple music payment #5775,630.19,Bills & Subscriptions
TXN291971,hp petrol payment #6527,3010.75,Fuel
TXN510654,parking charges payment #5024,2509.93,Others
TXN663513,pvr cinemas payment #8521,4665.8,Entertainment
TXN364802,tneb payment payment #2180,1310.89,Utilities
TXN103425,ccd cafe payment #7440,4074.92,Food & Dining
TXN619103,kritunga payment #5174,4069.36,Food & Dining
TXN308865,pvr cinemas payment #7889,2580.04,Entertainment
TXN724187,uber payment #9020,4908.81,Travel & Transport
TXN225246,subway payment #6130,2214.0,Food & Dining
TXN143027,myntra payment #1892,658.44,Shopping
TXN381452,barbeque nation payment #9769,581.94,Food & Dining
TXN314845,westside payment #7934,524.66,Shopping
TXN216844,sbi card payment payment #1161,2854.51,Financial Services
TXN341684,act fibernet payment #4943,1456.73,Utilities
TXN679459,reliance petrol pump payment #5370,3038.12,Fuel
TXN899383,jio fiber payment #6189,800.93,Utilities
TXN313008,hp petrol payment #7279,4038.27,Fuel
TXN698988,youtube premium payment #2493,4774.64,Bills & Subscriptions
TXN200331,blinkit payment #3040,4057.27,Groceries
TXN581827,ioc fuel station payment #4965,2061.69,Fuel
TXN393046,reliance fresh payment #4610,4464.83,Groceries
TXN556333,zomato payment #6054,1231.92,Food & Dining
TXN205242,spencer’s retail payment #4804,2258.52,Groceries
TXN257690,burger king payment #8250,3576.5,Food & Dining
TXN315093,fortis hospital payment #5451,163.98,Health & Fitness
TXN458915,nobroker services payment #9584,2211.42,Others
TXN978936,airtel recharge payment #7355,2520.21,Utilities
TXN730145,bookmyshow payment #2267,1896.16,Entertainment
TXN317192,nobroker services payment #7619,883.49,Others
TXN360849,bharatpetrol payment #5491,1798.66,Fuel
TXN125455,airindia payment #8695,1928.25,Travel & Transport
TXN574214,local technician payment #2059,1258.16,Others
TXN499476,icici atm payment #6890,2879.7,Financial Services
TXN544740,bajaj finance emi payment #8296,2209.64,Financial Services
TXN382194,burger king payment #4744,1311.88,Food & Dining
TXN329781,act fibernet payment #3761,2418.73,Utilities
TXN482281,more supermarket payment #7249,4237.22,Groceries
TXN196864,bhim upi payment #3601,495.36,Financial Services
TXN367539,bigbasket payment #9605,1289.44,Groceries
TXN392042,spotify payment #8141,1501.11,Entertainment
TXN645792,ajio payment #3730,2076.85,Shopping
TXN700424,chai point payment #1854,4365.46,Food & Dining
TXN402244,parking charges payment #3882,3932.1,Others
TXN347721,figma pro payment #3751,4712.98,Bills & Subscriptions
TXN170655,paytm upi payment #2262,3033.04,Financial Services
TXN659890,barbeque nation payment #3928,4095.58,Food & Dining
TXN858339,pizza hut payment #7044,2789.52,Food & Dining
TXN357579,myntra payment #4060,2691.6,Shopping
TXN638177,sbi atm payment #5461,4284.27,Financial Services
TXN512935,bank service charge payment #1931,2547.32,Financial Services
TXN987658,myntra payment #3554,289.31,Shopping
TXN701740,ajio payment #7016,4315.36,Shopping
TXN844708,makemytrip payment #3869,1266.66,Travel & Transport
TXN170332,chai point payment #1692,852.33,Food & Dining
TXN654584,cult fit payment #8549,52.84,Health & Fitness
TXN650555,zee5 subscription payment #7617,2774.06,Entertainment
TXN888142,inox movies payment #7638,3942.6,Entertainment
TXN627593,goibibo payment #3734,4687.51,Travel & Transport
TXN176983,spotify payment #4389,4033.95,Entertainment
TXN733754,nature's basket payment #2892,4217.63,Groceries
TXN125035,fortis hospital payment #7121,1910.92,Health & Fitness
TXN326041,water tax payment #1262,1033.58,Utilities
TXN780600,cult fit payment #3291,2277.21,Health & Fitness
TXN338101,redbus payment #1268,1260.23,Travel & Transport
TXN847519,pvr cinemas payment #8640,2459.54,Entertainment
TXN236749,inox movies payment #8590,4417.8,Entertainment
TXN771112,apollo pharmacy payment #3384,1264.56,Health & Fitness
TXN587681,faasos payment #6743,1901.48,Food & Dining
TXN472007,fortis hospital payment #5816,436.71,Health & Fitness
TXN171046,figma pro payment #8855,250.6,Bills & Subscriptions
TXN274006,hathway broadband payment #9302,1007.72,Utilities
TXN162796,bank a/c transfer payment #5417,772.4,Financial Services
TXN489301,bank service charge payment #9537,1132.53,Financial Services
TXN463778,icici emi payment payment #8541,2046.89,Financial Services
TXN940144,nature's basket payment #1834,1460.39,Groceries
TXN554461,google one payment #8987,4423.49,Bills & Subscriptions
TXN864060,youtube premium payment #9978,3348.28,Bills & Subscriptions
TXN964774,dunzo payment #3512,4993.29,Groceries
TXN866980,healthspring payment #8206,3320.05,Health & Fitness
TXN197716,housejoy payment #4216,762.56,Others
TXN143926,spencer’s retail payment #4608,1415.01,Groceries
TXN303941,atm withdrawal payment #3178,109.97,Financial Services
TXN547649,medplus payment #3484,2117.07,Health & Fitness
TXN100594,microsoft 365 payment #4450,4952.61,Bills & Subscriptions
TXN862564,starbucks payment #5350,4301.26,Food & Dining
TXN805284,hotstar payment #3713,1134.52,Entertainment
TXN951118,hotstar payment #8530,445.85,Entertainment
TXN705073,hathway broadband payment #5228,4260.44,Utilities
TXN652294,canva pro payment #6349,3176.05,Bills & Subscriptions
TXN815759,lifestyle payment #9520,3425.69,Shopping
TXN337186,vistara airlines payment #5018,3902.57,Travel & Transport
TXN633552,hdfc loan emi payment #6376,2442.81,Financial Services
TXN153777,makemytrip payment #7630,4865.17,Travel & Transport
TXN211669,blinkit payment #5221,4018.29,Groceries
TXN360820,tanishq payment #4587,1156.94,Shopping
TXN630415,spotify payment #9883,4633.96,Entertainment
TXN694094,tata play dth payment #7869,3725.49,Utilities
TXN753323,act fibernet payment #3661,451.59,Utilities
TXN556784,hotstar payment #1932,3886.08,Entertainment
TXN132081,fortis hospital payment #8752,812.53,Health & Fitness
TXN610153,hathway broadband payment #4861,635.22,Utilities
TXN550998,zee5 subscription payment #7640,2962.69,Entertainment
TXN452438,bharatpetrol payment #3701,1254.02,Fuel
TXN994643,decathlon payment #7174,1669.36,Shopping
TXN257334,dominos payment #1139,456.37,Food & Dining
TXN932138,notion subscription payment #2512,2488.61,Bills & Subscriptions
TXN594097,urban company payment #1034,4959.59,Others
TXN811710,amazon payment #7009,710.74,Shopping
TXN142393,parking charges payment #2433,3514.92,Others
TXN711176,meesho payment #1638,1684.2,Shopping
TXN927895,swiggy payment #4149,3091.1,Food & Dining
TXN212762,croma payment #9034,4129.75,Shopping
TXN175165,vistara airlines payment #9619,1492.57,Travel & Transport
TXN735612,blinkit payment #8574,736.15,Groceries
TXN200789,irctc payment #9435,3235.15,Travel & Transport
TXN512502,bookmyshow payment #1524,3460.71,Entertainment
TXN476178,tneb payment payment #8413,3489.8,Utilities
TXN538272,microsoft 365 payment #7571,1503.58,Bills & Subscriptions
TXN798619,ioc fuel station payment #6067,4923.76,Fuel
TXN837394,jio fiber payment #3436,1241.37,Utilities
TXN254853,amazon payment #2928,443.29,Shopping
TXN396196,pizza hut payment #2203,674.24,Food & Dining
TXN556481,hathway broadband payment #8890,2917.39,Utilities
TXN843556,1mg payment #5956,4652.87,Health & Fitness
TXN264134,shell payment #6967,3298.1,Fuel
TXN132903,medplus payment #1801,1758.17,Health & Fitness
TXN586019,redbus payment #9152,973.48,Travel & Transport
TXN571452,nobroker services payment #6301,3929.44,Others
TXN790387,d mart payment #7919,3739.14,Shopping
TXN362773,tneb payment payment #3689,86.82,Utilities
TXN255365,1mg payment #6481,2460.13,Health & Fitness
TXN391359,phonepe upi payment #9115,1238.12,Financial Services
TXN908305,essar petrol payment #1629,943.54,Fuel
TXN939079,reimbursement payment #6619,1835.6,Financial Services
TXN606250,nature's basket payment #2713,1719.04,Groceries
TXN813404,adobe creative cloud payment #6447,1094.76,Bills & Subscriptions
TXN386728,parking charges payment #9273,3695.9,Others
TXN556065,notion subscription payment #4222,4453.45,Bills & Subscriptions
TXN404289,icici emi payment payment #9964,4822.51,Financial Services
TXN118785,figma pro payment #6449,270.34,Bills & Subscriptions
TXN586060,1mg payment #7836,2398.86,Health & Fitness
TXN571095,more supermarket payment #4651,4619.29,Groceries
TXN956410,indigo payment #1634,4462.99,Travel & Transport
TXN513990,essar petrol payment #5163,4526.68,Fuel
TXN332575,uber payment #1664,2677.18,Travel & Transport
TXN150083,bookmyshow payment #8045,2015.05,Entertainment
TXN536999,barbeque nation payment #9954,2699.53,Food & Dining
TXN906250,bank service charge payment #6016,4349.3,Financial Services
TXN660033,bigbasket payment #4496,2508.35,Groceries
TXN996777,local technician payment #2898,1473.41,Others
TXN285846,shell payment #6383,2825.74,Fuel
TXN183547,adobe creative cloud payment #8036,120.35,Bills & Subscriptions
TXN204291,jio fiber payment #1338,4735.56,Utilities
TXN789393,pantaloons payment #3769,3668.53,Shopping
TXN547164,ksrtc bus payment #3651,1322.61,Travel & Transport
TXN902257,essar petrol payment #2599,861.34,Fuel
TXN770063,indigo payment #9989,4989.53,Travel & Transport
TXN994467,mcdonalds payment #2989,4914.93,Food & Dining
TXN287664,bhim upi payment #5424,376.61,Financial Services
TXN903208,pizza hut payment #9199,1720.77,Food & Dining
TXN800447,figma pro payment #8884,2578.36,Bills & Subscriptions
TXN927326,blinkit payment #6836,3938.21,Groceries
TXN671793,wow momo payment #4101,923.17,Food & Dining
TXN166514,uber payment #2415,4559.05,Travel & Transport
TXN954817,myntra payment #9553,1743.4,Shopping
TXN131236,adobe creative cloud payment #6757,2419.52,Bills & Subscriptions
TXN208600,tata play dth payment #8084,3973.69,Utilities
TXN751244,notion subscription payment #4115,1101.18,Bills & Subscriptions
TXN880823,nobroker services payment #2096,3878.64,Others
TXN684536,ioc fuel station payment #9099,3302.28,Fuel
TXN308785,zee5 subscription payment #7043,1644.96,Entertainment
TXN698673,neft transfer payment #1060,2291.9,Financial Services
TXN780228,airtel recharge payment #7103,4938.93,Utilities
TXN430479,tata play dth payment #1121,3761.18,Utilities
TXN723534,hotstar payment #2572,713.69,Entertainment
TXN618358,google one payment #8756,2984.78,Bills & Subscriptions
TXN924334,canva pro payment #1532,642.78,Bills & Subscriptions
TXN962102,housejoy payment #9799,1267.89,Others
TXN157580,pharmeasy payment #2746,242.75,Health & Fitness
TXN829711,ksrtc bus payment #3243,4822.19,Travel & Transport
TXN456454,redbus payment #5598,4996.44,Travel & Transport
TXN178760,1mg payment #6960,4876.89,Health & Fitness
TXN123836,pvr cinemas payment #7666,3706.21,Entertainment
TXN244100,atm withdrawal payment #2524,1672.38,Financial Services
TXN377033,google one payment #2559,1844.53,Bills & Subscriptions
TXN704411,hathway broadband payment #3992,4447.62,Utilities
TXN151462,reliance petrol pump payment #4793,4011.84,Fuel
TXN183532,indigo payment #9868,4215.26,Travel & Transport
TXN205314,microsoft 365 payment #5874,4536.28,Bills & Subscriptions
TXN197483,apollo pharmacy payment #7884,1593.87,Health & Fitness
TXN243541,housejoy payment #1852,1381.79,Others
TXN212018,dominos payment #1065,4747.47,Food & Dining
TXN525709,netflix payment #6916,2372.65,Entertainment
TXN185992,google one payment #5056,1358.2,Bills & Subscriptions
TXN761482,tneb payment payment #2701,966.39,Utilities
TXN277596,bajaj finance emi payment #3075,1131.17,Financial Services
TXN105543,local technician payment #7683,1231.0,Others
TXN616583,local technician payment #4072,4381.61,Others
TXN743047,adobe creative cloud payment #4457,343.89,Bills & Subscriptions
TXN406924,nobroker services payment #9647,1002.74,Others
TXN706424,tneb payment payment #7742,2052.38,Utilities
TXN841242,indigo payment #3042,1282.7,Travel & Transport
TXN101523,pharmeasy payment #9153,3259.27,Health & Fitness
TXN824880,ccd cafe payment #5144,2974.15,Food & Dining
TXN803619,decathlon payment #2965,962.57,Shopping
TXN362139,hp petrol payment #4782,3569.79,Fuel
TXN328731,rtgs transfer payment #3178,3436.14,Financial Services
TXN852076,ola payment #4443,2894.14,Travel & Transport
TXN316356,zomato payment #6592,2096.11,Food & Dining
TXN486669,spotify payment #3019,777.59,Entertainment
TXN813361,tata play dth payment #9501,1924.69,Utilities
TXN316826,makemytrip payment #3390,3332.44,Travel & Transport
TXN613711,healthspring payment #4977,980.6,Health & Fitness
TXN103205,pvr cinemas payment #5130,2215.38,Entertainment
TXN884674,talwalkars gym payment #1976,835.1,Health & Fitness
TXN401161,pvr cinemas payment #2809,1059.01,Entertainment
TXN906411,meesho payment #7982,1432.67,Shopping
TXN168466,bajaj finance emi payment #9676,3939.19,Financial Services
TXN571170,jiomart grocery payment #4675,1771.82,Groceries
TXN509568,essar petrol payment #8812,4326.05,Fuel
TXN239970,irctc payment #8178,2427.73,Travel & Transport
TXN329504,bhim upi payment #7300,3243.84,Financial Services
TXN647386,apple music payment #7075,593.63,Bills & Subscriptions
TXN938295,ola payment #9462,1395.47,Travel & Transport
TXN352943,redbus payment #2755,150.48,Travel & Transport
TXN291834,indigo payment #9682,4058.07,Travel & Transport
TXN256338,nobroker services payment #1055,4888.39,Others
TXN695539,sbi atm payment #7876,3854.04,Financial Services
TXN213735,airtel recharge payment #4069,2431.05,Utilities
TXN714667,redbus payment #5455,1293.28,Travel & Transport
TXN200757,essar petrol payment #6847,2039.67,Fuel
TXN440488,talwalkars gym payment #5012,3141.87,Health & Fitness
TXN658352,sbi atm payment #4951,1816.56,Financial Services
TXN823233,water tax payment #1269,1176.51,Utilities
TXN342540,dominos payment #3244,2847.54,Food & Dining
TXN660967,apollo pharmacy payment #7756,1064.55,Health & Fitness
TXN562716,dominos payment #9987,3420.76,Food & Dining
TXN488892,ajio payment #4579,3703.22,Shopping
TXN226120,swiggy payment #7703,1319.46,Food & Dining
TXN319240,ksrtc bus payment #8370,2963.7,Travel & Transport
TXN198052,behrouz biryani payment #2946,4621.66,Food & Dining
TXN146316,vistara airlines payment #4951,2707.61,Travel & Transport
TXN982950,pvr cinemas payment #1104,2728.32,Entertainment
TXN204955,bookmyshow payment #6418,3988.83,Entertainment
TXN100097,chayos payment #5549,2935.25,Food & Dining
TXN683309,healthspring payment #8411,4676.54,Health & Fitness
TXN799713,amazon payment #1349,3707.56,Shopping
TXN345597,airindia payment #3571,901.74,Travel & Transport
TXN307245,googlepay upi payment #4425,1019.49,Financial Services
TXN336585,meesho payment #8364,2331.23,Shopping
TXN484452,reliance fresh payment #4345,205.88,Groceries
TXN975295,parking charges payment #5908,4406.82,Others
TXN974113,nobroker services payment #2036,811.95,Others
TXN492729,nykaa payment #3807,1921.53,Shopping
TXN213796,atm fee payment #7887,916.72,Financial Services
TXN535214,starbucks payment #3518,1098.34,Food & Dining
TXN379068,burger king payment #3722,1184.82,Food & Dining
TXN969034,canva pro payment #3578,4437.62,Bills & Subscriptions
TXN280496,more supermarket payment #7961,4770.41,Groceries
TXN735732,jiomart grocery payment #5263,1431.92,Groceries
TXN305803,essar petrol payment #1328,4001.6,Fuel
TXN587449,pharmeasy payment #9772,1908.85,Health & Fitness
TXN156405,dominos payment #3077,3993.18,Food & Dining
TXN687270,essar petrol payment #2854,3516.33,Fuel
TXN155398,zee5 subscription payment #3215,4551.2,Entertainment
TXN937752,apple music payment #4797,2718.18,Bills & Subscriptions
TXN999996,ajio payment #9329,4544.61,Shopping
TXN455584,dunzo payment #2369,1245.4,Groceries
TXN675571,google one payment #6440,1335.31,Bills & Subscriptions
TXN991546,myntra payment #9036,267.89,Shopping
TXN832719,hp petrol payment #4612,4024.21,Fuel
TXN174905,urbanclap payment #8247,2613.88,Others
TXN583287,1mg payment #6273,3701.82,Health & Fitness
TXN131415,lifestyle payment #6532,1417.74,Shopping
TXN948924,imps transfer payment #1396,3911.24,Financial Services
TXN186646,rtgs transfer payment #2328,1646.36,Financial Services
TXN560302,shell payment #2609,4767.79,Fuel
TXN854162,canva pro payment #1423,333.38,Bills & Subscriptions
TXN933292,d mart payment #2886,1598.58,Shopping
TXN267011,microsoft 365 payment #5273,3775.02,Bills & Subscriptions
TXN599938,paradise biryani payment #9847,4073.19,Food & Dining
TXN257891,makemytrip payment #2255,2635.0,Travel & Transport
TXN429372,westside payment #1695,1480.44,Shopping
TXN590012,talwalkars gym payment #8121,249.9,Health & Fitness
TXN794196,neft transfer payment #1045,3016.1,Financial Services
TXN192996,airindia payment #6594,1920.58,Travel & Transport
TXN496069,act fibernet payment #7638,2673.67,Utilities
TXN936449,dunzo payment #3445,1217.22,Groceries
TXN487518,goibibo payment #6269,1177.83,Travel & Transport
TXN923278,urbanclap payment #3789,1862.74,Others
TXN755377,spencer’s retail payment #1645,3661.52,Groceries
TXN530108,netflix payment #4938,2063.32,Entertainment
TXN909884,jiomart grocery payment #1278,3109.55,Groceries
TXN380819,reliance fresh payment #1994,672.55,Groceries
TXN975454,bank a/c transfer payment #5142,4332.99,Financial Services
TXN874379,google one payment #9671,4456.51,Bills & Subscriptions
TXN998572,amazonpay upi payment #5237,3146.61,Financial Services
TXN622659,urban company payment #8760,2760.01,Others
TXN653985,reliance petrol pump payment #4075,1009.59,Fuel
TXN262383,urbanclap payment #4968,2028.56,Others
TXN749146,urbanclap payment #7554,750.43,Others
TXN699177,housejoy payment #9547,3643.65,Others
TXN527442,donation payment payment #6038,3351.55,Others
TXN893226,irctc payment #7877,152.51,Travel & Transport
TXN551819,d mart payment #9656,3625.13,Shopping
TXN186159,indianoil payment #5126,1582.45,Fuel
TXN762314,netflix payment #5777,4119.08,Entertainment
TXN894462,cult fit payment #7122,1805.65,Health & Fitness
TXN856153,uber payment #4753,973.62,Travel & Transport
TXN408106,housejoy payment #4063,1732.66,Others
TXN801145,ioc fuel station payment #1381,4561.59,Fuel
TXN930570,subway payment #7736,1917.49,Food & Dining
TXN629757,indigo payment #9689,2589.25,Travel & Transport
TXN353171,bhim upi payment #7035,3667.36,Financial Services
TXN447656,apple music payment #5512,4160.56,Bills & Subscriptions
TXN806402,nykaa payment #2008,3069.97,Shopping
TXN994399,airtel recharge payment #1942,1484.0,Utilities
TXN319086,airindia payment #4541,1062.97,Travel & Transport
TXN715641,jio fiber payment #5222,4151.2,Utilities
TXN945891,bsnl bill payment #4635,2003.86,Utilities
TXN845857,westside payment #2549,555.77,Shopping
TXN670821,jiomart grocery payment #3027,2654.75,Groceries
TXN722138,salary credit payment #4950,4879.17,Financial Services
TXN524667,kritunga payment #3207,2488.28,Food & Dining
TXN526400,housejoy payment #1642,4997.25,Others
TXN620792,rtgs transfer payment #9272,4783.24,Financial Services
TXN526977,tata play dth payment #9203,521.77,Utilities
TXN318841,youtube premium payment #4028,102.83,Bills & Subscriptions
TXN916455,imps transfer payment #6481,2951.15,Financial Services
TXN113757,1mg payment #9583,2771.22,Health & Fitness
TXN767768,essar petrol payment #8737,1917.59,Fuel
TXN859984,pvr cinemas payment #2961,3659.84,Entertainment
TXN510791,apollo pharmacy payment #4501,4417.29,Health & Fitness
TXN179955,hathway broadband payment #1949,712.94,Utilities
TXN651510,vistara airlines payment #3018,401.02,Travel & Transport
TXN665422,parking charges payment #2783,2896.39,Others
TXN600534,airindia payment #9681,1195.18,Travel & Transport
TXN304163,airtel recharge payment #7672,2953.46,Utilities
TXN736032,pantaloons payment #4532,830.51,Shopping
TXN388379,reliance fresh payment #8393,413.83,Groceries
TXN367541,hathway broadband payment #2511,2120.43,Utilities
TXN527030,atm withdrawal payment #9783,693.76,Financial Services
TXN349192,hdfc atm payment #6529,3170.87,Financial Services
TXN644566,zee5 subscription payment #1759,2171.91,Entertainment
TXN918210,dominos payment #7988,3744.4,Food & Dining
TXN645528,neft transfer payment #1907,4722.05,Financial Services
TXN957915,bharatpetrol payment #2448,1983.42,Fuel
TXN176209,icici atm payment #8465,812.26,Financial Services
TXN904881,jio fiber payment #3875,544.73,Utilities
TXN154580,bharatpetrol payment #6829,4492.59,Fuel
TXN608964,cult fit payment #2782,2209.39,Health & Fitness
TXN751353,parking charges payment #3336,2452.09,Others
TXN886078,reliance petrol pump payment #5757,4165.39,Fuel
TXN932371,bank a/c transfer payment #1081,1248.4,Financial Services
TXN412937,figma pro payment #6613,3912.2,Bills & Subscriptions
TXN243125,shell payment #9660,4321.03,Fuel
TXN744358,apollo pharmacy payment #7132,1099.21,Health & Fitness
TXN573467,swiggy payment #7071,557.25,Food & Dining
TXN486130,salary credit payment #9313,4120.17,Financial Services
TXN701974,dunzo payment #5681,4026.27,Groceries
TXN367642,amazon payment #8423,3587.53,Shopping
TXN903868,reliance fresh payment #7893,2044.13,Groceries
TXN970613,spencer’s retail payment #5856,4354.42,Groceries
TXN409904,figma pro payment #9555,493.79,Bills & Subscriptions
TXN767709,tanishq payment #7293,3928.48,Shopping
TXN408708,more supermarket payment #2686,777.31,Groceries
TXN283630,bank service charge payment #4185,4442.33,Financial Services
TXN408733,indianoil payment #4654,965.53,Fuel
TXN691307,westside payment #7622,4847.09,Shopping
TXN685009,youtube premium payment #1376,2068.7,Bills & Subscriptions
TXN579389,spotify payment #2928,2020.07,Entertainment
TXN885673,apollo pharmacy payment #3849,3227.58,Health & Fitness
TXN645252,bharatpetrol payment #4737,2830.22,Fuel
TXN781773,more supermarket payment #6927,1662.6,Groceries
TXN976579,reliance petrol pump payment #1286,735.69,Fuel
TXN795817,uber payment #7676,4491.39,Travel & Transport
TXN457920,kfc payment #8113,4516.13,Food & Dining
TXN525964,atm fee payment #3412,4032.7,Financial Services
TXN555234,nature's basket payment #3402,2745.28,Groceries
TXN700743,housejoy payment #7265,512.81,Others
TXN969494,healthspring payment #2192,2064.28,Health & Fitness
TXN203025,indianoil payment #7978,2830.88,Fuel
TXN903724,parking charges payment #3387,3444.07,Others
TXN886874,ioc fuel station payment #6518,2666.1,Fuel
TXN518036,barbeque nation payment #5375,4224.37,Food & Dining
TXN991041,apple music payment #6091,1240.97,Bills & Subscriptions
TXN996151,microsoft 365 payment #1664,3148.9,Bills & Subscriptions
TXN101025,googlepay upi payment #4665,2418.17,Financial Services
TXN729557,sbi card payment payment #8114,4268.43,Financial Services
TXN222456,fortis hospital payment #1903,359.89,Health & Fitness
TXN953869,medplus payment #4167,421.53,Health & Fitness
TXN150243,nature's basket payment #1417,4126.62,Groceries
TXN183995,ccd cafe payment #5575,2662.67,Food & Dining
TXN156962,ksrtc bus payment #6265,3052.34,Travel & Transport
TXN305415,zee5 subscription payment #9549,3879.59,Entertainment
TXN152742,jiomart grocery payment #3353,3228.26,Groceries
TXN117634,jio fiber payment #5425,3205.64,Utilities
TXN509718,prime video payment #5612,2241.34,Entertainment
TXN246518,amazon payment #8356,3585.86,Shopping
TXN461287,fortis hospital payment #3247,3373.4,Health & Fitness
TXN860205,atm fee payment #9062,4003.4,Financial Services
TXN150011,parking charges payment #7299,2396.99,Others
TXN906473,decathlon payment #2094,3511.44,Shopping
TXN807403,uber payment #9584,2016.53,Travel & Transport
TXN308078,microsoft 365 payment #4199,382.43,Bills & Subscriptions
TXN429462,shell payment #3173,1198.96,Fuel
TXN213994,tneb payment payment #7575,1052.96,Utilities
TXN990813,hotstar payment #4357,2348.06,Entertainment
TXN100487,lifestyle payment #3676,553.2,Shopping
TXN349532,1mg payment #7912,1133.41,Health & Fitness
TXN672640,canva pro payment #9122,705.16,Bills & Subscriptions
TXN328855,nature's basket payment #4119,1911.11,Groceries
TXN411142,hotstar payment #9932,4462.43,Entertainment
TXN706922,indigo payment #3763,2983.15,Travel & Transport
TXN408298,airtel recharge payment #7481,747.21,Utilities
TXN552103,youtube premium payment #2548,4866.74,Bills & Subscriptions
TXN573682,indigo payment #4874,4974.9,Travel & Transport
TXN517710,essar petrol payment #2664,1288.12,Fuel
TXN876907,hotstar payment #8589,4642.04,Entertainment
TXN114694,spotify payment #2231,4580.09,Entertainment
TXN960498,lifestyle payment #9053,506.73,Shopping
TXN373781,reliance fresh payment #4168,556.57,Groceries
TXN456660,notion subscription payment #9947,899.52,Bills & Subscriptions
TXN966473,prime video payment #7979,1207.63,Entertainment
TXN220570,ioc fuel station payment #4981,4121.59,Fuel
TXN528264,apple music payment #6217,2740.38,Bills & Subscriptions
TXN874672,sbi atm payment #8366,1183.1,Financial Services
TXN854117,bajaj finance emi payment #9922,3938.76,Financial Services
TXN575606,nobroker services payment #2949,2043.77,Others
TXN347411,netflix payment #9134,2043.16,Entertainment
TXN482820,cult fit payment #1253,4307.5,Health & Fitness
TXN790917,icici atm payment #2382,2726.07,Financial Services
TXN443818,myntra payment #6722,1158.35,Shopping
TXN811717,urban company payment #7444,476.64,Others
TXN665260,housejoy payment #6489,123.42,Others
TXN697092,hotstar payment #7634,3449.4,Entertainment
TXN176287,pantaloons payment #3854,410.67,Shopping
TXN578911,reliance fresh payment #7519,1670.59,Groceries
TXN910099,bigbasket payment #9753,2809.76,Groceries
TXN402833,housejoy payment #9877,1214.33,Others
TXN139623,youtube premium payment #3078,4767.78,Bills & Subscriptions
TXN794486,airtel recharge payment #4765,4759.43,Utilities
TXN632006,notion subscription payment #5108,4876.3,Bills & Subscriptions
TXN987237,ksrtc bus payment #6533,693.44,Travel & Transport
TXN463624,dunzo payment #5645,3253.99,Groceries
TXN829054,prime video payment #1586,4814.03,Entertainment
TXN346709,nobroker services payment #3933,503.75,Others
TXN305509,notion subscription payment #8825,2265.52,Bills & Subscriptions
TXN388253,apple music payment #8405,179.78,Bills & Subscriptions
TXN854354,1mg payment #2040,4819.44,Health & Fitness
TXN740084,donation payment payment #9108,4868.12,Others
TXN998654,figma pro payment #3456,1953.15,Bills & Subscriptions
TXN977705,spencer’s retail payment #3521,2553.74,Groceries
TXN617899,d mart payment #4213,2604.78,Shopping
TXN100686,reimbursement payment #9591,2684.1,Financial Services
TXN486589,cult fit payment #4890,3427.58,Health & Fitness
TXN892269,amazonpay upi payment #6904,4420.95,Financial Services
TXN818916,fortis hospital payment #6437,3652.06,Health & Fitness
TXN276076,netflix payment #3045,201.64,Entertainment
TXN993891,goibibo payment #6613,920.74,Travel & Transport
TXN512272,act fibernet payment #9578,1293.47,Utilities
TXN966614,zee5 subscription payment #6783,1020.73,Entertainment
TXN764743,blinkit payment #5040,969.16,Groceries
TXN927887,lifestyle payment #5411,2686.88,Shopping
TXN672713,medplus payment #4187,4338.15,Health & Fitness
TXN373393,dunzo payment #3693,1733.92,Groceries
TXN857513,behrouz biryani payment #6535,973.68,Food & Dining
TXN507976,spotify payment #6625,4574.07,Entertainment
TXN828338,decathlon payment #4631,900.69,Shopping
TXN207186,bharatpetrol payment #7062,2672.22,Fuel
TXN211369,ioc fuel station payment #9265,4957.57,Fuel
TXN777192,notion subscription payment #1420,1877.7,Bills & Subscriptions
TXN116391,pvr cinemas payment #6314,4783.48,Entertainment
TXN964930,nature's basket payment #5707,3792.14,Groceries
TXN758639,airindia payment #6023,87.63,Travel & Transport
TXN964371,dunzo payment #9393,4394.86,Groceries
TXN604592,dunzo payment #2854,4635.28,Groceries
TXN646877,jiomart grocery payment #4262,865.83,Groceries
TXN190188,jio fiber payment #1617,1382.21,Utilities
TXN441045,jio fiber payment #2445,2002.93,Utilities
TXN312123,makemytrip payment #6370,582.24,Travel & Transport
TXN749466,kritunga payment #6998,3658.22,Food & Dining
TXN202108,ioc fuel station payment #9593,2126.44,Fuel
TXN148016,ioc fuel station payment #6198,2159.94,Fuel
TXN830989,salary credit payment #3452,1365.48,Financial Services
TXN136901,parking charges payment #2427,590.07,Others
TXN227940,tneb payment payment #9670,2310.33,Utilities
TXN894573,jiomart grocery payment #3156,2829.35,Groceries
TXN346425,netflix payment #3126,1394.83,Entertainment
TXN446966,canva pro payment #3242,2040.86,Bills & Subscriptions
TXN910471,notion subscription payment #6315,2109.61,Bills & Subscriptions
TXN665093,spencer’s retail payment #8369,3971.86,Groceries
TXN244933,pvr cinemas payment #3745,1528.32,Entertainment
TXN667646,inox movies payment #5581,2575.53,Entertainment
TXN481377,housejoy payment #7913,3677.79,Others
TXN419335,act fibernet payment #3111,929.99,Utilities
TXN448436,dunzo payment #8014,4839.79,Groceries
TXN141316,phonepe upi payment #1102,4666.24,Financial Services
TXN770213,phonepe upi payment #7103,4018.03,Financial Services
TXN176281,reliance petrol pump payment #4802,3254.33,Fuel
TXN938139,hp petrol payment #2896,3231.12,Fuel
TXN439714,hathway broadband payment #1091,392.75,Utilities
TXN764186,water tax payment #4343,217.26,Utilities
TXN815123,nobroker services payment #3984,2799.95,Others
TXN650284,faasos payment #9516,1551.15,Food & Dining
TXN251070,spencer’s retail payment #9038,1959.84,Groceries
TXN854304,bookmyshow payment #8226,2144.21,Entertainment
TXN236038,ksrtc bus payment #1104,2095.73,Travel & Transport
TXN319310,tneb payment payment #5717,4600.24,Utilities
TXN841936,chayos payment #3832,1131.27,Food & Dining
TXN976964,google one payment #4119,3698.38,Bills & Subscriptions
TXN982027,kfc payment #3346,1040.9,Food & Dining
TXN161849,urbanclap payment #2517,3153.21,Others
TXN356637,apollo pharmacy payment #9512,4433.14,Health & Fitness
TXN852400,pharmeasy payment #4341,2473.21,Health & Fitness
TXN273077,figma pro payment #9724,1757.79,Bills & Subscriptions
TXN797467,zee5 subscription payment #2426,2617.47,Entertainment
TXN603399,spotify payment #6735,3945.27,Entertainment
TXN689343,inox movies payment #6950,1338.69,Entertainment
TXN262272,housejoy payment #7208,2444.98,Others
TXN635747,bigbasket payment #2478,1660.9,Groceries
TXN864995,donation payment payment #4950,2295.19,Others
TXN853180,ccd cafe payment #3976,312.83,Food & Dining
TXN166397,hotstar payment #3876,3244.83,Entertainment
TXN691905,bookmyshow payment #4559,1031.69,Entertainment
TXN441649,local technician payment #1479,4834.77,Others
TXN876989,myntra payment #4507,818.2,Shopping
TXN938234,cult fit payment #7997,4778.94,Health & Fitness
TXN680005,bsnl bill payment #4871,3219.77,Utilities
TXN440894,apple music payment #3728,1220.45,Bills & Subscriptions
TXN927695,housejoy payment #5006,3527.23,Others
TXN379737,more supermarket payment #6047,1635.01,Groceries
TXN872921,1mg payment #8586,2471.06,Health & Fitness
TXN403922,bookmyshow payment #7440,849.73,Entertainment
TXN366229,indianoil payment #5276,2876.67,Fuel
TXN289226,jiomart grocery payment #2908,3075.5,Groceries
TXN561522,prime video payment #3856,63.31,Entertainment
TXN799107,starbucks payment #5038,324.42,Food & Dining
TXN853679,jiomart grocery payment #9154,3810.74,Groceries
TXN244992,kritunga payment #6355,2477.12,Food & Dining
TXN951780,more supermarket payment #1460,696.81,Groceries
TXN931765,parking charges payment #3207,4861.82,Others
TXN674598,tata play dth payment #1889,3659.56,Utilities
TXN378199,hp petrol payment #1728,236.4,Fuel
TXN643816,figma pro payment #8628,3052.57,Bills & Subscriptions
TXN826998,figma pro payment #4450,1779.1,Bills & Subscriptions
TXN513501,hathway broadband payment #9765,964.05,Utilities
TXN416778,neft transfer payment #5556,1049.88,Financial Services
TXN214798,shell payment #6254,3244.76,Fuel
TXN320254,hotstar payment #3670,1767.09,Entertainment
TXN774141,dunzo payment #3444,163.06,Groceries
TXN796263,reliance fresh payment #6705,3907.14,Groceries
TXN390648,rtgs transfer payment #8831,1548.81,Financial Services
TXN159442,parking charges payment #4159,3687.86,Others
TXN592932,more supermarket payment #7808,4562.69,Groceries
TXN197443,kritunga payment #9189,3449.53,Food & Dining
TXN764053,dunzo payment #1793,768.66,Groceries
TXN265050,pantaloons payment #4395,801.35,Shopping
TXN156102,pizza hut payment #3287,2080.05,Food & Dining
TXN522257,mcdonalds payment #7268,623.87,Food & Dining
TXN226832,kfc payment #1685,4570.76,Food & Dining
TXN793861,bigbasket payment #6618,2260.13,Groceries
TXN753235,figma pro payment #4243,4665.39,Bills & Subscriptions
TXN552406,indianoil payment #4153,1503.38,Fuel
TXN792413,healthspring payment #1219,1081.59,Health & Fitness
TXN914375,nykaa payment #5939,3270.6,Shopping
TXN284693,google one payment #5621,790.68,Bills & Subscriptions
TXN755725,mcdonalds payment #7468,1458.03,Food & Dining
TXN704430,apple music payment #1143,4613.55,Bills & Subscriptions
TXN725290,housejoy payment #3459,4910.82,Others
TXN834659,redbus payment #4172,687.6,Travel & Transport
TXN949833,hathway broadband payment #2081,3621.79,Utilities
TXN850437,urbanclap payment #4516,4036.54,Others
TXN917070,local technician payment #3100,3001.2,Others
TXN339980,jiomart grocery payment #2592,4126.29,Groceries
TXN544451,hotstar payment #4125,752.3,Entertainment
TXN421855,hathway broadband payment #7346,2721.21,Utilities
TXN178589,ajio payment #5249,4239.39,Shopping
TXN156429,amazon payment #8894,747.19,Shopping
TXN602593,1mg payment #3653,1841.02,Health & Fitness
TXN274432,reliance petrol pump payment #1988,2499.54,Fuel
TXN552168,bigbasket payment #2398,2243.42,Groceries
TXN232626,apollo pharmacy payment #3129,2091.09,Health & Fitness
TXN459022,goibibo payment #2753,3267.97,Travel & Transport
TXN967977,act fibernet payment #3598,4766.93,Utilities
TXN835262,donation payment payment #4634,3228.1,Others
TXN117679,uber payment #3042,1286.0,Travel & Transport
TXN620499,nature's basket payment #7644,4544.5,Groceries
TXN753164,jiomart grocery payment #6050,1874.4,Groceries
TXN490038,wow momo payment #6702,2241.92,Food & Dining
TXN363487,redbus payment #5032,4225.35,Travel & Transport
TXN584175,hotstar payment #5114,727.45,Entertainment
TXN906519,apollo pharmacy payment #1973,597.27,Health & Fitness
TXN127939,chayos payment #4395,657.05,Food & Dining
TXN389585,medplus payment #7531,546.87,Health & Fitness
TXN144693,subway payment #9458,851.28,Food & Dining
TXN569511,youtube premium payment #7000,2608.42,Bills & Subscriptions
TXN459366,kfc payment #2772,2984.1,Food & Dining
TXN144512,icici emi payment payment #9329,467.95,Financial Services
TXN584385,talwalkars gym payment #1882,553.25,Health & Fitness
TXN952489,bharatpetrol payment #1783,444.55,Fuel
TXN615934,rapido payment #5514,4851.35,Travel & Transport
TXN219753,airindia payment #3866,4015.08,Travel & Transport
TXN290553,indianoil payment #8128,136.28,Fuel
TXN725119,hathway broadband payment #8036,2261.76,Utilities
TXN688521,makemytrip payment #2974,196.94,Travel & Transport
TXN736446,sbi atm payment #4282,1034.88,Financial Services
TXN366570,cult fit payment #8200,4121.8,Health & Fitness
TXN182767,fortis hospital payment #3439,2212.2,Health & Fitness
TXN833455,bsnl bill payment #3264,2646.85,Utilities
TXN522559,netflix payment #5358,208.82,Entertainment
TXN757286,fortis hospital payment #6412,545.83,Health & Fitness
TXN153034,bigbasket payment #2908,3787.73,Groceries
TXN364573,prime video payment #3036,3349.36,Entertainment
TXN714008,imps transfer payment #5303,3757.66,Financial Services
TXN960406,reliance petrol pump payment #2113,3852.95,Fuel
TXN361400,blinkit payment #6161,2892.14,Groceries
TXN144351,donation payment payment #3820,375.61,Others
TXN947073,vistara airlines payment #1620,3063.8,Travel & Transport
TXN514187,blinkit payment #9141,3250.59,Groceries
TXN308314,jiomart grocery payment #2066,3212.46,Groceries
TXN500788,prime video payment #7792,3441.52,Entertainment
TXN204413,blinkit payment #7258,555.17,Groceries
TXN608581,ajio payment #1804,2450.53,Shopping
TXN899219,pvr cinemas payment #3854,1278.8,Entertainment
TXN802264,tata play dth payment #9444,955.93,Utilities
TXN740204,blinkit payment #2866,2935.18,Groceries
TXN273164,netflix payment #5327,381.63,Entertainment
TXN153457,cult fit payment #8655,180.22,Health & Fitness
TXN985261,figma pro payment #9856,4108.08,Bills & Subscriptions
TXN981881,flipkart payment #1899,490.66,Shopping
TXN761467,lifestyle payment #1449,3343.52,Shopping
TXN938007,donation payment payment #9941,1334.48,Others
TXN724399,chai point payment #9404,1878.42,Food & Dining
TXN187556,figma pro payment #2834,4509.12,Bills & Subscriptions
TXN628114,netflix payment #9806,3668.24,Entertainment
TXN132019,local technician payment #9326,4824.68,Others
TXN418886,paradise biryani payment #5260,4643.97,Food & Dining
TXN573213,apple music payment #2970,845.55,Bills & Subscriptions
TXN631468,jio fiber payment #8214,2876.88,Utilities
TXN280958,water tax payment #9832,4665.91,Utilities
TXN539130,imps transfer payment #1767,1334.53,Financial Services
TXN969070,inox movies payment #2535,2392.71,Entertainment
TXN414106,ajio payment #2394,1932.24,Shopping
TXN265497,spencer’s retail payment #2376,502.94,Groceries
TXN929909,figma pro payment #5430,3387.99,Bills & Subscriptions
TXN257744,decathlon payment #9268,3368.54,Shopping
TXN796866,zee5 subscription payment #8817,2914.05,Entertainment
TXN340477,urbanclap payment #6810,1372.32,Others
TXN928497,barbeque nation payment #2448,4528.37,Food & Dining
TXN146159,spencer’s retail payment #7998,606.84,Groceries
TXN806942,bookmyshow payment #5654,926.29,Entertainment
TXN471240,adobe creative cloud payment #7183,1699.87,Bills & Subscriptions
TXN290552,pizza hut payment #7523,2926.12,Food & Dining
TXN836111,ksrtc bus payment #7908,273.58,Travel & Transport
TXN502370,housejoy payment #7165,4183.68,Others
TXN126865,adobe creative cloud payment #8033,3615.76,Bills & Subscriptions
TXN167905,makemytrip payment #3485,2582.92,Travel & Transport
TXN207174,netflix payment #6538,807.1,Entertainment
TXN708171,cult fit payment #6825,841.05,Health & Fitness
TXN668977,ioc fuel station payment #5509,3170.06,Fuel
TXN378835,apple music payment #4637,51.7,Bills & Subscriptions
TXN339025,notion subscription payment #9221,2686.88,Bills & Subscriptions
TXN371090,bigbasket payment #3252,4407.65,Groceries
TXN566799,talwalkars gym payment #9637,799.13,Health & Fitness
TXN193513,dunzo payment #2038,2153.33,Groceries
TXN714987,ola payment #2850,1111.54,Travel & Transport
TXN960617,bharatpetrol payment #3674,3322.85,Fuel
TXN323707,essar petrol payment #4811,2066.53,Fuel
TXN295643,zee5 subscription payment #6598,4477.49,Entertainment
TXN683316,indianoil payment #6262,4595.84,Fuel
TXN273616,google one payment #1359,2033.01,Bills & Subscriptions
TXN251670,act fibernet payment #9119,3764.86,Utilities
TXN433325,ola payment #8027,3100.58,Travel & Transport
TXN386890,urbanclap payment #5737,4371.56,Others
TXN592879,reversal charge payment #2035,2111.13,Financial Services
TXN834207,hotstar payment #3077,3873.38,Entertainment
TXN761113,vistara airlines payment #9955,2714.29,Travel & Transport
TXN520169,atm fee payment #1046,2728.16,Financial Services
TXN564362,spotify payment #2304,529.65,Entertainment
TXN925519,redbus payment #2713,2609.01,Travel & Transport
TXN513683,ioc fuel station payment #4026,1665.92,Fuel
TXN542693,nobroker services payment #9944,4738.57,Others
TXN830311,more supermarket payment #7485,3509.46,Groceries
TXN499677,jiomart grocery payment #9302,1592.5,Groceries
TXN443226,blinkit payment #2479,3459.01,Groceries
TXN216020,act fibernet payment #1807,4895.54,Utilities
TXN161434,kfc payment #3958,3625.79,Food & Dining
TXN358365,parking charges payment #6919,2414.9,Others
TXN597529,apollo pharmacy payment #2153,1788.74,Health & Fitness
TXN338099,burger king payment #2013,3429.69,Food & Dining
TXN360626,spencer’s retail payment #6150,1075.35,Groceries
TXN443569,cult fit payment #5258,545.04,Health & Fitness
TXN151539,airtel recharge payment #1125,1925.97,Utilities
TXN946194,salary credit payment #5933,3297.52,Financial Services
TXN287619,meesho payment #5099,2675.25,Shopping
TXN815557,atm withdrawal payment #7144,4606.52,Financial Services
TXN621670,goibibo payment #8067,3086.28,Travel & Transport
TXN374864,apollo pharmacy payment #8140,1668.03,Health & Fitness
TXN430036,amazon payment #6091,4109.95,Shopping
TXN456428,healthspring payment #8259,2475.65,Health & Fitness
TXN905312,youtube premium payment #6054,2877.49,Bills & Subscriptions
TXN944381,jio fiber payment #9297,1001.82,Utilities
TXN998668,bigbasket payment #4973,2154.5,Groceries
TXN921327,act fibernet payment #7246,4004.7,Utilities
TXN452853,lifestyle payment #7860,962.41,Shopping
TXN732973,uber payment #6472,586.57,Travel & Transport
TXN109600,nature's basket payment #1879,1183.07,Groceries
TXN224166,nobroker services payment #4059,843.31,Others
TXN548981,myntra payment #8404,1505.86,Shopping
TXN900911,prime video payment #3200,1587.55,Entertainment
TXN182905,bsnl bill payment #2698,1981.21,Utilities
TXN196783,meesho payment #2637,3560.25,Shopping
TXN770478,act fibernet payment #9471,2690.37,Utilities
TXN115743,apollo pharmacy payment #9795,80.29,Health & Fitness
TXN604575,subway payment #7489,2964.61,Food & Dining
TXN281287,spotify payment #2296,1019.62,Entertainment
TXN940867,nature's basket payment #1223,2248.24,Groceries
TXN931026,makemytrip payment #7693,717.8,Travel & Transport
TXN179838,irctc payment #7963,3211.04,Travel & Transport
TXN156068,pantaloons payment #3697,598.99,Shopping
TXN458770,reliance petrol pump payment #8843,1293.58,Fuel
TXN889115,shell payment #7322,1761.31,Fuel
TXN958784,youtube premium payment #6740,2332.96,Bills & Subscriptions
TXN639026,urban company payment #5337,1874.05,Others
TXN627918,meesho payment #4810,683.19,Shopping
TXN149439,act fibernet payment #5396,1842.04,Utilities
TXN420343,sbi card payment payment #5169,4725.64,Financial Services
TXN454984,housejoy payment #8654,1461.77,Others
TXN216815,ajio payment #2256,4235.27,Shopping
TXN399332,ajio payment #8331,813.11,Shopping
TXN572645,figma pro payment #2390,3426.75,Bills & Subscriptions
TXN796776,zee5 subscription payment #4979,3832.58,Entertainment
TXN613052,ksrtc bus payment #3725,3225.5,Travel & Transport
TXN497941,amazon payment #9829,998.56,Shopping
TXN470808,urban company payment #8778,4107.26,Others
TXN736213,reimbursement payment #2102,2737.36,Financial Services
TXN444930,medplus payment #5176,4142.17,Health & Fitness
TXN440786,urban company payment #4760,214.34,Others
TXN447103,apple music payment #4759,1370.49,Bills & Subscriptions
TXN639704,bharatpetrol payment #2701,108.49,Fuel
TXN400527,ccd cafe payment #9276,2230.68,Food & Dining
TXN280617,google one payment #6658,4220.67,Bills & Subscriptions
TXN374362,indigo payment #6889,1309.25,Travel & Transport
TXN320479,redbus payment #9711,314.76,Travel & Transport
TXN732047,canva pro payment #8784,3457.75,Bills & Subscriptions
TXN116325,more supermarket payment #2755,2279.17,Groceries
TXN352626,donation payment payment #6251,3272.01,Others
TXN578667,local technician payment #9792,660.5,Others
TXN942955,microsoft 365 payment #7324,4376.96,Bills & Subscriptions
TXN639484,spencer’s retail payment #9645,4941.45,Groceries
TXN420942,westside payment #1998,3468.47,Shopping
TXN978193,water tax payment #3176,2914.94,Utilities
TXN814105,hotstar payment #8363,1407.49,Entertainment
TXN949581,meesho payment #1596,1915.37,Shopping
TXN844984,paradise biryani payment #7247,3751.11,Food & Dining
TXN972039,irctc payment #4337,1375.61,Travel & Transport
TXN646794,adobe creative cloud payment #3666,2982.34,Bills & Subscriptions
TXN258280,hp petrol payment #2690,2861.67,Fuel
TXN956593,paradise biryani payment #7420,2524.85,Food & Dining
TXN642198,decathlon payment #3824,1089.95,Shopping
TXN275933,youtube premium payment #4474,3572.87,Bills & Subscriptions
TXN115626,flipkart payment #2916,271.67,Shopping
TXN117068,ajio payment #1034,919.86,Shopping
TXN497832,chayos payment #8110,1960.4,Food & Dining
TXN982140,swiggy payment #9321,4554.7,Food & Dining
TXN849591,local technician payment #8878,3373.79,Others
TXN957556,1mg payment #2369,105.46,Health & Fitness
TXN402790,airindia payment #2522,1894.72,Travel & Transport
TXN434836,bhim upi payment #5740,4493.82,Financial Services
TXN718274,urban company payment #2393,3223.71,Others
TXN541597,youtube premium payment #5527,3941.54,Bills & Subscriptions
TXN528519,apple music payment #6068,1015.19,Bills & Subscriptions
TXN136563,nature's basket payment #2600,4168.68,Groceries
TXN579245,paytm upi payment #1276,3680.01,Financial Services
TXN445426,cult fit payment #5570,67.37,Health & Fitness
TXN447505,spencer’s retail payment #2221,2215.8,Groceries
TXN542584,neft transfer payment #7388,2207.76,Financial Services
TXN488988,ola payment #7438,415.44,Travel & Transport
TXN395900,ola payment #4683,3559.35,Travel & Transport
TXN518196,icici emi payment payment #2647,2731.19,Financial Services
TXN143995,blinkit payment #8691,3873.51,Groceries
TXN550779,youtube premium payment #4189,1868.06,Bills & Subscriptions
TXN496278,medplus payment #3307,1506.3,Health & Fitness
TXN923039,notion subscription payment #8522,838.56,Bills & Subscriptions
TXN685136,bank service charge payment #8101,1208.7,Financial Services
TXN919555,google one payment #8951,2388.77,Bills & Subscriptions
TXN941850,dunzo payment #7078,1852.22,Groceries
TXN984885,spencer’s retail payment #8430,944.02,Groceries
TXN826886,pizza hut payment #1382,4489.12,Food & Dining
TXN239147,more supermarket payment #2425,676.2,Groceries
TXN705355,healthspring payment #9552,2300.03,Health & Fitness
TXN182480,apple music payment #5959,1931.7,Bills & Subscriptions
TXN245961,youtube premium payment #7038,3817.21,Bills & Subscriptions
TXN429624,pizza hut payment #9363,1837.97,Food & Dining
TXN840364,pizza hut payment #5764,2458.96,Food & Dining
TXN731371,kfc payment #7309,2466.97,Food & Dining
TXN805664,westside payment #9877,419.41,Shopping
TXN738112,local technician payment #2505,766.03,Others
TXN379205,spencer’s retail payment #8139,4702.83,Groceries
TXN450504,myntra payment #8823,747.52,Shopping
TXN856029,google one payment #5330,2273.93,Bills & Subscriptions
TXN963300,act fibernet payment #2724,4585.43,Utilities
TXN609719,canva pro payment #7108,3421.03,Bills & Subscriptions
TXN232559,sbi atm payment #9286,2203.83,Financial Services
TXN621084,reversal charge payment #7015,750.6,Financial Services
TXN166447,reversal charge payment #1815,139.41,Financial Services
TXN529925,nobroker services payment #6606,1136.81,Others
TXN967466,uber payment #4461,2323.82,Travel & Transport
TXN286253,meesho payment #8700,4245.71,Shopping
TXN856148,apple music payment #6375,4601.73,Bills & Subscriptions
TXN645438,uber payment #8954,339.13,Travel & Transport
TXN822308,parking charges payment #3636,2607.72,Others
TXN540071,makemytrip payment #3232,1239.83,Travel & Transport
TXN933451,ccd cafe payment #9884,4710.91,Food & Dining
TXN924496,airtel recharge payment #1965,2433.28,Utilities
TXN101075,airtel recharge payment #7091,502.76,Utilities
TXN955933,reliance fresh payment #2789,4227.01,Groceries
TXN184799,urbanclap payment #8002,1609.17,Others
TXN155826,hdfc atm payment #8218,1175.69,Financial Services
TXN584835,reliance fresh payment #1537,1038.07,Groceries
TXN104827,burger king payment #1240,2988.56,Food & Dining
TXN628671,pvr cinemas payment #2419,4534.95,Entertainment
TXN833087,blinkit payment #6361,2830.78,Groceries
TXN936185,airindia payment #3307,4063.1,Travel & Transport
TXN999115,jiomart grocery payment #4495,2095.36,Groceries
TXN392582,healthspring payment #5212,700.95,Health & Fitness
TXN754736,hotstar payment #2443,2096.43,Entertainment
TXN943866,apple music payment #4312,4888.15,Bills & Subscriptions
TXN137247,goibibo payment #2158,459.08,Travel & Transport
TXN912314,rapido payment #6763,274.75,Travel & Transport
TXN172058,notion subscription payment #4001,1147.81,Bills & Subscriptions
TXN559119,pvr cinemas payment #6897,1106.01,Entertainment
TXN453784,goibibo payment #4964,3831.51,Travel & Transport
TXN386270,croma payment #7645,2673.2,Shopping
TXN569557,notion subscription payment #8033,242.64,Bills & Subscriptions
TXN414127,reliance petrol pump payment #5118,2762.37,Fuel
TXN433362,adobe creative cloud payment #3897,2758.45,Bills & Subscriptions
TXN525608,shell payment #5881,4609.63,Fuel
TXN155651,tanishq payment #6472,284.79,Shopping
TXN512586,prime video payment #1821,4638.71,Entertainment
TXN183950,water tax payment #6774,3118.38,Utilities
TXN864607,tata play dth payment #3994,839.31,Utilities
TXN902852,salary credit payment #6460,218.37,Financial Services
TXN866110,bsnl bill payment #6070,260.4,Utilities
TXN344916,sbi card payment payment #2666,4951.06,Financial Services
TXN916745,mcdonalds payment #8580,4984.07,Food & Dining
TXN249237,notion subscription payment #1312,519.04,Bills & Subscriptions
TXN815104,act fibernet payment #8293,3535.59,Utilities
TXN276360,apollo pharmacy payment #3902,3449.35,Health & Fitness
TXN345165,urbanclap payment #7077,2060.31,Others
TXN815745,act fibernet payment #2362,3508.23,Utilities
TXN291093,amazon payment #3215,4470.2,Shopping
TXN162412,inox movies payment #6854,3935.42,Entertainment
TXN182774,googlepay upi payment #1831,4306.66,Financial Services
TXN463881,bsnl bill payment #3999,1719.44,Utilities
TXN561535,donation payment payment #5253,3447.65,Others
TXN396243,local technician payment #8177,1731.93,Others
TXN838390,bajaj finance emi payment #8257,544.47,Financial Services
TXN471054,ioc fuel station payment #1811,689.22,Fuel
TXN798799,nature's basket payment #4778,3237.37,Groceries
TXN401828,swiggy payment #7433,98.13,Food & Dining
TXN910403,local technician payment #5981,1120.35,Others
TXN103150,paytm upi payment #2941,3465.65,Financial Services
TXN324933,rapido payment #1514,673.98,Travel & Transport
TXN167538,apollo pharmacy payment #5656,2557.09,Health & Fitness
TXN332135,paradise biryani payment #2536,1534.46,Food & Dining
TXN671938,housejoy payment #3855,4408.48,Others
TXN491957,hathway broadband payment #4991,3811.83,Utilities
TXN478898,local technician payment #1748,1735.31,Others
TXN610544,1mg payment #7677,214.63,Health & Fitness
TXN698939,bigbasket payment #7517,3238.42,Groceries
TXN851964,apollo pharmacy payment #7338,414.75,Health & Fitness
TXN602249,prime video payment #4958,1350.7,Entertainment
TXN851468,microsoft 365 payment #3053,3487.22,Bills & Subscriptions
TXN421657,essar petrol payment #5734,1009.53,Fuel
TXN102914,nature's basket payment #1336,4316.35,Groceries
TXN450407,talwalkars gym payment #3575,2319.46,Health & Fitness
TXN968684,airtel recharge payment #6700,1128.93,Utilities
TXN428312,rtgs transfer payment #7217,2491.49,Financial Services
TXN399755,irctc payment #4008,4499.28,Travel & Transport
TXN710389,pizza hut payment #4010,2709.33,Food & Dining
TXN329465,reimbursement payment #3448,974.51,Financial Services
TXN173131,bharatpetrol payment #2560,1688.6,Fuel
TXN979682,neft transfer payment #7910,2878.02,Financial Services
TXN768159,urbanclap payment #1092,1813.04,Others
TXN114621,notion subscription payment #4980,2576.66,Bills & Subscriptions
TXN565643,flipkart payment #7432,487.51,Shopping
TXN395268,ioc fuel station payment #1106,723.6,Fuel
TXN450311,housejoy payment #8479,4790.55,Others
TXN191988,jiomart grocery payment #4048,1650.22,Groceries
TXN426825,decathlon payment #7938,3697.89,Shopping
TXN539437,croma payment #4936,279.81,Shopping
TXN827937,parking charges payment #1138,4417.41,Others
TXN295599,nykaa payment #9530,1881.72,Shopping
TXN125862,barbeque nation payment #8591,2336.62,Food & Dining
TXN220098,reliance fresh payment #8289,55.43,Groceries
TXN848362,wow momo payment #4697,4217.18,Food & Dining
TXN834447,youtube premium payment #8068,945.62,Bills & Subscriptions
TXN170805,flipkart payment #3800,3252.82,Shopping
TXN857899,bsnl bill payment #9009,2635.16,Utilities
TXN554803,sbi card payment payment #2547,1861.91,Financial Services
TXN661544,dominos payment #4464,2540.51,Food & Dining
TXN865806,hathway broadband payment #2336,2773.68,Utilities
TXN823797,nature's basket payment #8598,2866.43,Groceries
TXN500262,spotify payment #2543,3534.69,Entertainment
TXN347813,youtube premium payment #6565,3558.71,Bills & Subscriptions
TXN738222,bookmyshow payment #7151,382.49,Entertainment
TXN280751,tanishq payment #8857,4547.64,Shopping
TXN156015,microsoft 365 payment #6095,1691.91,Bills & Subscriptions
TXN276288,urbanclap payment #3262,4977.37,Others
TXN677974,spotify payment #3910,56.03,Entertainment
TXN755645,reliance petrol pump payment #3088,1508.0,Fuel
TXN162033,hp petrol payment #3547,3329.3,Fuel
TXN392302,ola payment #8983,1423.25,Travel & Transport
TXN884096,urban company payment #9599,3669.15,Others
TXN705316,mcdonalds payment #6896,2136.23,Food & Dining
TXN871457,more supermarket payment #3073,3520.45,Groceries
TXN764843,donation payment payment #1591,114.58,Others
TXN329656,indianoil payment #3445,1421.14,Fuel
TXN476622,myntra payment #9159,3598.85,Shopping
TXN491046,pantaloons payment #4992,4385.26,Shopping
TXN627788,indianoil payment #3140,4497.63,Fuel
TXN526936,burger king payment #1770,1710.55,Food & Dining
TXN461165,redbus payment #1941,1025.36,Travel & Transport
TXN579113,more supermarket payment #8208,4677.77,Groceries
TXN740790,inox movies payment #2572,2019.52,Entertainment
TXN817002,adobe creative cloud payment #2163,703.49,Bills & Subscriptions
TXN535904,reimbursement payment #2468,851.4,Financial Services
TXN592491,parking charges payment #2212,3444.65,Others
TXN266850,redbus payment #1669,4332.69,Travel & Transport
TXN376478,more supermarket payment #1477,640.69,Groceries
TXN961067,ioc fuel station payment #9867,4828.54,Fuel
TXN270081,ola payment #7420,3119.44,Travel & Transport
TXN224272,decathlon payment #4326,451.74,Shopping
TXN484714,talwalkars gym payment #1915,119.26,Health & Fitness
TXN982308,healthspring payment #7843,4845.75,Health & Fitness
TXN501777,talwalkars gym payment #1664,4772.53,Health & Fitness
TXN188198,essar petrol payment #3506,2000.31,Fuel
TXN417924,spencer’s retail payment #1990,1842.15,Groceries
TXN415100,blinkit payment #5173,3905.07,Groceries
TXN510534,urbanclap payment #8069,2232.83,Others
TXN852122,essar petrol payment #4089,1565.54,Fuel
TXN416985,reliance petrol pump payment #1139,2113.32,Fuel
TXN298991,local technician payment #8432,1915.8,Others
TXN974536,myntra payment #8108,1957.43,Shopping
TXN368148,mcdonalds payment #3406,1512.81,Food & Dining
TXN969005,ioc fuel station payment #3251,2084.13,Fuel
TXN206338,hathway broadband payment #3478,1369.45,Utilities
TXN659730,local technician payment #1643,4258.24,Others
TXN254684,hotstar payment #7677,3712.53,Entertainment
TXN789978,urban company payment #2386,3635.56,Others
TXN686893,spencer’s retail payment #4293,1355.17,Groceries
TXN583323,jio fiber payment #5615,4442.44,Utilities
TXN657453,d mart payment #6974,3350.22,Shopping
TXN954837,hp petrol payment #4314,1265.34,Fuel
TXN989548,bhim upi payment #6993,433.86,Financial Services
TXN492022,local technician payment #1458,2522.57,Others
TXN823338,rapido payment #7396,4324.66,Travel & Transport
TXN520873,blinkit payment #8430,2521.93,Groceries
TXN309052,blinkit payment #6496,3622.64,Groceries
TXN998887,jio fiber payment #8736,2211.1,Utilities
TXN500878,redbus payment #9237,1963.96,Travel & Transport
TXN232616,burger king payment #5593,1082.68,Food & Dining
TXN123200,starbucks payment #7061,1749.12,Food & Dining
TXN632724,youtube premium payment #6019,2884.8,Bills & Subscriptions
TXN724893,behrouz biryani payment #7538,967.56,Food & Dining
TXN703682,d mart payment #7081,3943.31,Shopping
TXN290551,fortis hospital payment #8318,1545.33,Health & Fitness
TXN243349,chai point payment #5524,117.05,Food & Dining
TXN378601,bharatpetrol payment #2944,3895.75,Fuel
TXN155196,croma payment #5684,656.57,Shopping
TXN359850,housejoy payment #4201,3270.79,Others
TXN914483,croma payment #5931,4092.06,Shopping
TXN574800,act fibernet payment #1914,1106.78,Utilities
TXN336983,spencer’s retail payment #8502,1139.05,Groceries
TXN619760,zomato payment #2998,198.44,Food & Dining
TXN226088,canva pro payment #3327,4602.78,Bills & Subscriptions
TXN196865,wow momo payment #8317,3662.95,Food & Dining
TXN480368,microsoft 365 payment #4426,1625.76,Bills & Subscriptions
TXN553976,housejoy payment #3887,3708.67,Others
TXN150970,figma pro payment #9160,1335.82,Bills & Subscriptions
TXN779587,subway payment #3680,1010.28,Food & Dining
TXN935329,urbanclap payment #7732,3472.93,Others
TXN585280,tneb payment payment #8286,1151.69,Utilities
TXN815095,spotify payment #7558,2907.66,Entertainment
TXN103570,tata play dth payment #8668,982.09,Utilities
TXN900264,barbeque nation payment #1764,4559.58,Food & Dining
TXN953196,donation payment payment #3498,1817.69,Others
TXN441294,hotstar payment #7020,171.7,Entertainment
TXN138133,local technician payment #1747,3308.51,Others
TXN864923,phonepe upi payment #3919,2445.03,Financial Services
TXN585610,flipkart payment #6239,1580.48,Shopping
TXN546087,parking charges payment #2964,4729.55,Others
TXN906605,salary credit payment #3022,1540.56,Financial Services
TXN618391,ioc fuel station payment #2422,2020.08,Fuel
TXN496449,amazon payment #4245,1032.37,Shopping
TXN643264,nature's basket payment #3525,1787.77,Groceries
TXN730123,cult fit payment #1438,4537.1,Health & Fitness
TXN922181,urban company payment #8940,2899.29,Others
TXN745262,bharatpetrol payment #7119,682.71,Fuel
TXN277184,jio fiber payment #3430,4552.25,Utilities
TXN337858,lifestyle payment #8253,3481.46,Shopping
TXN101493,more supermarket payment #3855,4473.43,Groceries
TXN919838,rapido payment #4638,4271.68,Travel & Transport
TXN547554,jio fiber payment #7934,689.55,Utilities
TXN592350,chayos payment #1569,1782.54,Food & Dining
TXN147774,1mg payment #8522,4541.62,Health & Fitness
TXN926185,apple music payment #9156,1976.0,Bills & Subscriptions
TXN499646,chayos payment #4275,4044.28,Food & Dining
TXN263547,bank a/c transfer payment #3042,120.09,Financial Services
TXN685394,1mg payment #4641,1803.39,Health & Fitness
TXN840385,local technician payment #3996,3178.99,Others
TXN841816,subway payment #8122,3347.79,Food & Dining
TXN601718,goibibo payment #7595,4304.67,Travel & Transport
TXN237388,bharatpetrol payment #5303,2240.95,Fuel
TXN824410,ajio payment #4550,4899.41,Shopping
TXN117707,myntra payment #9328,4763.81,Shopping
TXN366082,urbanclap payment #5784,3784.19,Others
TXN852201,d mart payment #3527,2823.05,Shopping
TXN287315,donation payment payment #4016,3175.11,Others
TXN960936,tata play dth payment #3998,332.94,Utilities
TXN508537,nature's basket payment #1807,1094.76,Groceries
TXN937537,ioc fuel station payment #8844,4490.59,Fuel
TXN657394,indianoil payment #2879,4282.66,Fuel
TXN389175,amazonpay upi payment #9057,2014.26,Financial Services
TXN340244,chai point payment #6165,81.25,Food & Dining
TXN255710,microsoft 365 payment #6307,3872.24,Bills & Subscriptions
TXN282992,sbi card payment payment #7313,405.1,Financial Services
TXN796223,apollo pharmacy payment #5699,2568.15,Health & Fitness
TXN788758,medplus payment #8758,2876.01,Health & Fitness
TXN929165,tata play dth payment #5535,363.12,Utilities
TXN696301,netflix payment #5119,1839.58,Entertainment
TXN486177,starbucks payment #2102,4687.08,Food & Dining
TXN175519,burger king payment #5385,4887.9,Food & Dining
TXN117728,behrouz biryani payment #5450,1683.24,Food & Dining
TXN721202,dunzo payment #7159,2902.35,Groceries
TXN620776,reliance petrol pump payment #9964,1639.15,Fuel
TXN950608,tneb payment payment #1008,347.98,Utilities
TXN265985,amazon payment #8120,1305.42,Shopping
TXN200761,urbanclap payment #9128,402.05,Others
TXN422417,pantaloons payment #3452,3325.08,Shopping
TXN750436,kritunga payment #8045,2879.29,Food & Dining
TXN525704,talwalkars gym payment #8436,2683.3,Health & Fitness
TXN326093,reversal charge payment #8775,4776.71,Financial Services
TXN342561,starbucks payment #8927,2160.49,Food & Dining
TXN807736,starbucks payment #7379,702.67,Food & Dining
TXN660741,icici emi payment payment #9690,4797.76,Financial Services
TXN469535,jiomart grocery payment #7887,3261.3,Groceries
TXN761614,ioc fuel station payment #4407,3205.14,Fuel
TXN312876,local technician payment #6058,4505.54,Others
TXN444788,mcdonalds payment #7262,3168.33,Food & Dining
TXN804762,airindia payment #9396,202.84,Travel & Transport
TXN251762,nature's basket payment #3042,949.36,Groceries
TXN469070,googlepay upi payment #2134,649.2,Financial Services
TXN385514,hdfc atm payment #7195,2457.14,Financial Services
TXN603251,vistara airlines payment #5654,3218.42,Travel & Transport
TXN688526,neft transfer payment #7895,55.89,Financial Services
TXN797702,zee5 subscription payment #9925,1565.54,Entertainment
TXN721895,talwalkars gym payment #8337,2034.52,Health & Fitness
TXN540181,pvr cinemas payment #2458,4429.83,Entertainment
TXN824174,shell payment #7989,4458.11,Fuel
TXN124173,amazonpay upi payment #1541,4296.61,Financial Services
TXN593103,medplus payment #4614,1797.37,Health & Fitness
TXN385631,indianoil payment #7326,2964.87,Fuel
TXN562819,spencer’s retail payment #8608,3101.47,Groceries
TXN244025,dominos payment #6867,4419.52,Food & Dining
TXN151952,spencer’s retail payment #4373,1152.56,Groceries
TXN485883,water tax payment #3936,3609.13,Utilities
TXN585147,bsnl bill payment #3639,849.48,Utilities
TXN182169,medplus payment #4846,2161.5,Health & Fitness
TXN741439,act fibernet payment #6495,4585.02,Utilities
TXN789395,healthspring payment #7782,4616.89,Health & Fitness
TXN890331,medplus payment #6413,1527.76,Health & Fitness
TXN843478,indigo payment #6036,3739.38,Travel & Transport
TXN741714,ola payment #6002,3968.95,Travel & Transport
TXN889558,ccd cafe payment #5007,2868.46,Food & Dining
TXN389184,more supermarket payment #5234,4177.23,Groceries
TXN529830,jiomart grocery payment #5417,1461.19,Groceries
TXN253201,uber payment #3807,2652.83,Travel & Transport
TXN540536,indianoil payment #9200,2986.94,Fuel
TXN703580,decathlon payment #4580,3628.6,Shopping
TXN710939,parking charges payment #9558,2689.23,Others
TXN108363,ola payment #2697,1283.43,Travel & Transport
TXN220736,jiomart grocery payment #3839,688.99,Groceries
TXN992994,netflix payment #5937,2420.7,Entertainment
TXN488543,canva pro payment #7763,1003.95,Bills & Subscriptions
TXN915525,water tax payment #3161,4011.75,Utilities
TXN416430,amazon payment #1703,1259.95,Shopping
TXN500033,vistara airlines payment #5987,2192.54,Travel & Transport
TXN694095,kfc payment #4660,3631.5,Food & Dining
TXN211816,imps transfer payment #6828,750.1,Financial Services
TXN449509,westside payment #8560,618.25,Shopping
TXN299559,healthspring payment #7416,2667.39,Health & Fitness
TXN102429,hathway broadband payment #8722,3158.62,Utilities
TXN701530,notion subscription payment #2292,4855.72,Bills & Subscriptions
TXN840102,more supermarket payment #5277,4724.69,Groceries
TXN515811,act fibernet payment #6361,986.31,Utilities
TXN668369,medplus payment #4650,468.98,Health & Fitness
TXN411032,canva pro payment #4353,287.89,Bills & Subscriptions
TXN803330,ajio payment #3581,4152.63,Shopping
TXN425087,amazon payment #4193,4296.98,Shopping
TXN318011,pvr cinemas payment #7661,956.4,Entertainment
TXN795505,urbanclap payment #4800,142.65,Others
TXN919389,zee5 subscription payment #7492,2546.95,Entertainment
TXN845281,youtube premium payment #6141,211.71,Bills & Subscriptions
TXN889853,decathlon payment #7249,4308.76,Shopping
TXN778044,bigbasket payment #2469,807.3,Groceries
TXN167540,nobroker services payment #5686,2218.86,Others
TXN416772,pvr cinemas payment #1615,982.2,Entertainment
TXN339474,ioc fuel station payment #3542,1626.76,Fuel
TXN269855,canva pro payment #3676,4738.88,Bills & Subscriptions
TXN289974,microsoft 365 payment #6543,2139.52,Bills & Subscriptions
TXN308635,inox movies payment #3612,3662.67,Entertainment
TXN753900,hp petrol payment #3511,2625.55,Fuel
TXN446228,indianoil payment #3202,724.65,Fuel
TXN340880,1mg payment #1163,1116.85,Health & Fitness
TXN591201,bhim upi payment #7689,1026.48,Financial Services
TXN802889,hotstar payment #3012,3683.61,Entertainment
TXN558793,talwalkars gym payment #1175,1857.74,Health & Fitness
TXN887379,cult fit payment #6691,3890.73,Health & Fitness
TXN281991,jio fiber payment #1928,4498.29,Utilities
TXN182042,ksrtc bus payment #1918,1882.47,Travel & Transport
TXN955705,ajio payment #5232,3686.84,Shopping
TXN384010,spotify payment #4551,1213.19,Entertainment
TXN580722,amazon payment #5849,678.93,Shopping
TXN271344,zomato payment #3671,499.79,Food & Dining
TXN491433,parking charges payment #1853,705.39,Others
TXN971707,icici emi payment payment #7776,4080.9,Financial Services
TXN865090,ksrtc bus payment #8578,4421.33,Travel & Transport
TXN436713,subway payment #9113,3228.86,Food & Dining
TXN376519,redbus payment #3996,574.06,Travel & Transport
TXN338435,icici atm payment #9873,1830.82,Financial Services
TXN759472,figma pro payment #8686,812.73,Bills & Subscriptions
TXN288616,d mart payment #2050,2553.66,Shopping
TXN503992,d mart payment #6623,3014.05,Shopping
TXN859910,pharmeasy payment #9308,3577.43,Health & Fitness
TXN573295,ajio payment #4074,2453.07,Shopping
TXN236305,dunzo payment #2633,3982.42,Groceries
TXN656705,mcdonalds payment #2953,4897.67,Food & Dining
TXN821797,netflix payment #6679,1216.75,Entertainment
TXN802136,notion subscription payment #1819,4046.34,Bills & Subscriptions
TXN405500,pizza hut payment #8941,4282.54,Food & Dining
TXN469645,reimbursement payment #3474,4666.04,Financial Services
TXN727234,barbeque nation payment #3919,3487.5,Food & Dining
TXN284028,bsnl bill payment #3828,2495.26,Utilities
TXN361906,nykaa payment #5170,4729.46,Shopping
TXN122506,reliance petrol pump payment #3679,2299.3,Fuel
TXN493929,act fibernet payment #2851,790.78,Utilities
TXN719816,croma payment #5270,3411.68,Shopping
TXN304785,nobroker services payment #4151,4257.49,Others
TXN403978,atm fee payment #4315,4091.45,Financial Services
TXN419535,indigo payment #1303,2241.95,Travel & Transport
TXN112314,figma pro payment #6416,2567.44,Bills & Subscriptions
TXN110825,makemytrip payment #3723,153.01,Travel & Transport
TXN174838,tata play dth payment #6723,3841.48,Utilities
TXN620969,nature's basket payment #8343,987.86,Groceries
TXN516558,vistara airlines payment #3976,3524.85,Travel & Transport
TXN534230,medplus payment #6186,841.79,Health & Fitness
TXN597198,bharatpetrol payment #9159,965.68,Fuel
TXN694792,tneb payment payment #6876,842.09,Utilities
TXN466256,amazon payment #7543,2120.89,Shopping
TXN129126,google one payment #3192,751.71,Bills & Subscriptions
TXN258239,housejoy payment #3583,2884.89,Others
TXN905940,blinkit payment #6285,629.28,Groceries
TXN431145,medplus payment #6205,258.11,Health & Fitness
TXN557065,donation payment payment #4810,2928.75,Others
TXN777120,shell payment #3525,3358.46,Fuel
TXN796338,cult fit payment #5860,4142.01,Health & Fitness
TXN451508,amazon payment #2245,2185.75,Shopping
TXN777702,housejoy payment #1443,3136.34,Others
TXN314709,local technician payment #4187,1731.23,Others
TXN145727,chai point payment #1662,3290.77,Food & Dining
TXN838588,vistara airlines payment #4677,2695.44,Travel & Transport
TXN285367,flipkart payment #2371,4103.66,Shopping
TXN920102,flipkart payment #3832,4751.3,Shopping
TXN794939,wow momo payment #9378,3758.46,Food & Dining
TXN669838,wow momo payment #8134,2714.72,Food & Dining
TXN108845,talwalkars gym payment #5881,4957.6,Health & Fitness
TXN683293,dominos payment #5294,2677.65,Food & Dining
TXN886512,youtube premium payment #6006,1977.84,Bills & Subscriptions
TXN286291,lifestyle payment #7361,54.75,Shopping
TXN603779,jiomart grocery payment #9592,2239.11,Groceries
TXN913630,ioc fuel station payment #6362,1602.71,Fuel
TXN885314,fortis hospital payment #7542,1444.76,Health & Fitness
TXN328287,ola payment #3118,2999.18,Travel & Transport
TXN849584,ksrtc bus payment #3308,942.45,Travel & Transport
TXN291912,cult fit payment #4167,936.28,Health & Fitness
TXN398133,atm withdrawal payment #1745,3466.38,Financial Services
TXN934496,decathlon payment #4554,1302.03,Shopping
TXN695960,faasos payment #9373,3677.06,Food & Dining
TXN260876,mcdonalds payment #8315,2381.74,Food & Dining
TXN201224,pharmeasy payment #9631,2898.07,Health & Fitness
TXN216280,urban company payment #4263,2592.75,Others
TXN542759,youtube premium payment #8077,332.21,Bills & Subscriptions
TXN840536,apollo pharmacy payment #3754,3700.63,Health & Fitness
TXN884330,neft transfer payment #4222,76.64,Financial Services
TXN515267,tanishq payment #9912,1716.47,Shopping
TXN762499,ioc fuel station payment #6271,526.99,Fuel
TXN356137,sbi atm payment #5426,4057.58,Financial Services
TXN472536,adobe creative cloud payment #1031,2771.67,Bills & Subscriptions
TXN792044,apple music payment #3800,4628.28,Bills & Subscriptions
TXN659920,bigbasket payment #7522,345.22,Groceries
TXN355921,cult fit payment #8145,4122.04,Health & Fitness
TXN625967,hp petrol payment #4388,4226.99,Fuel
TXN324909,spencer’s retail payment #4339,3382.22,Groceries
TXN630221,zee5 subscription payment #2364,4505.64,Entertainment
TXN950736,bsnl bill payment #9885,4422.2,Utilities
TXN359870,cult fit payment #2716,2018.36,Health & Fitness
TXN100860,pharmeasy payment #2780,4827.4,Health & Fitness
TXN929530,kritunga payment #9287,817.51,Food & Dining
TXN203965,ajio payment #3496,4505.34,Shopping
TXN466296,local technician payment #4666,4253.29,Others
TXN654020,nykaa payment #2037,3699.01,Shopping
TXN525785,inox movies payment #1324,3555.82,Entertainment
TXN543014,prime video payment #1711,1958.93,Entertainment
TXN106578,donation payment payment #3736,1882.66,Others
TXN359378,local technician payment #5364,2637.1,Others
TXN529655,kfc payment #8284,2362.09,Food & Dining
TXN469458,pizza hut payment #2813,4595.19,Food & Dining
TXN774498,spencer’s retail payment #9736,2918.8,Groceries
TXN792837,reliance petrol pump payment #6733,3479.26,Fuel
TXN850980,spotify payment #1272,3685.4,Entertainment
TXN829736,pantaloons payment #7039,1984.41,Shopping
TXN702665,fortis hospital payment #6798,3830.41,Health & Fitness
TXN423011,kfc payment #4344,1652.18,Food & Dining
TXN731603,reliance fresh payment #4662,1749.97,Groceries
TXN901108,ksrtc bus payment #1147,2204.02,Travel & Transport
TXN566670,pvr cinemas payment #1368,4438.64,Entertainment
TXN543601,ksrtc bus payment #7750,2402.14,Travel & Transport
TXN701981,blinkit payment #8174,361.5,Groceries
TXN680120,spencer’s retail payment #1063,2447.93,Groceries
TXN367292,jiomart grocery payment #9159,1569.62,Groceries
TXN525331,canva pro payment #5656,3443.64,Bills & Subscriptions
TXN941721,ola payment #4170,4770.36,Travel & Transport
TXN354313,blinkit payment #8570,607.1,Groceries
TXN316277,makemytrip payment #6625,2618.99,Travel & Transport
TXN914120,1mg payment #5799,4986.35,Health & Fitness
TXN110356,bigbasket payment #6177,1362.84,Groceries
TXN945365,reliance fresh payment #9433,3331.26,Groceries
TXN224012,apollo pharmacy payment #3800,1667.0,Health & Fitness
TXN140983,googlepay upi payment #8515,2022.43,Financial Services
TXN118956,fortis hospital payment #2002,1484.9,Health & Fitness
TXN475987,apple music payment #5139,1389.27,Bills & Subscriptions
TXN683303,google one payment #1008,3862.35,Bills & Subscriptions
TXN445904,adobe creative cloud payment #1674,4380.92,Bills & Subscriptions
TXN677833,pvr cinemas payment #9861,3350.45,Entertainment
TXN374634,reliance petrol pump payment #8761,2995.27,Fuel
TXN115276,paradise biryani payment #4875,1770.78,Food & Dining
TXN149538,nykaa payment #1208,3952.1,Shopping
TXN855188,paytm upi payment #6651,277.33,Financial Services
TXN776383,fortis hospital payment #6830,554.02,Health & Fitness
TXN506221,indianoil payment #6856,4560.24,Fuel
TXN965565,ola payment #4138,2811.89,Travel & Transport
TXN627070,pvr cinemas payment #1848,2188.37,Entertainment
TXN595037,netflix payment #9696,3285.46,Entertainment
TXN132747,croma payment #1572,4397.03,Shopping
TXN149917,kritunga payment #3013,2167.25,Food & Dining
TXN364309,bharatpetrol payment #5964,4598.72,Fuel
TXN512504,decathlon payment #1708,2996.76,Shopping
TXN685761,pvr cinemas payment #7913,3343.06,Entertainment
TXN496183,healthspring payment #1632,865.93,Health & Fitness
TXN439326,westside payment #2914,3901.69,Shopping
TXN430748,tata play dth payment #3243,4367.6,Utilities
TXN230950,cult fit payment #3962,961.97,Health & Fitness
TXN766057,bigbasket payment #4530,1692.34,Groceries
TXN371182,donation payment payment #1481,1509.73,Others
TXN418320,pvr cinemas payment #7370,2427.98,Entertainment
TXN490453,microsoft 365 payment #6335,3439.43,Bills & Subscriptions
TXN279015,more supermarket payment #6345,3023.87,Groceries
TXN106403,chai point payment #6120,2695.17,Food & Dining
TXN449193,hotstar payment #5709,4848.77,Entertainment
TXN103485,jio fiber payment #1923,553.06,Utilities
TXN195844,shell payment #4028,682.24,Fuel
TXN764070,subway payment #3345,1222.3,Food & Dining
TXN662111,prime video payment #5435,827.41,Entertainment
TXN682678,local technician payment #6677,3670.96,Others
TXN289734,hathway broadband payment #3801,2793.01,Utilities
TXN246740,blinkit payment #6673,893.04,Groceries
TXN443609,bsnl bill payment #9230,2060.1,Utilities
TXN169793,inox movies payment #8350,3093.99,Entertainment
TXN993050,sbi atm payment #9668,4585.37,Financial Services
TXN370874,urbanclap payment #2519,1848.2,Others
TXN341509,prime video payment #8726,1570.92,Entertainment
TXN412017,jio fiber payment #3312,1815.28,Utilities
TXN224867,pvr cinemas payment #8557,605.07,Entertainment
TXN309126,act fibernet payment #8527,3526.52,Utilities
TXN138427,indigo payment #4328,4244.66,Travel & Transport
TXN131756,jio fiber payment #9754,2467.24,Utilities
TXN541749,hp petrol payment #4567,667.82,Fuel
TXN965597,mcdonalds payment #4926,3457.49,Food & Dining
TXN547871,local technician payment #3985,4596.3,Others
TXN283587,bank service charge payment #9764,2398.45,Financial Services
TXN603231,google one payment #3852,1795.5,Bills & Subscriptions
TXN967392,figma pro payment #5673,1021.68,Bills & Subscriptions
TXN428687,notion subscription payment #2025,960.57,Bills & Subscriptions
TXN528441,flipkart payment #6009,2253.59,Shopping
TXN606075,jio fiber payment #4709,4636.58,Utilities
TXN473545,youtube premium payment #2759,552.56,Bills & Subscriptions
TXN500048,talwalkars gym payment #5574,980.56,Health & Fitness
TXN878365,hotstar payment #8253,3689.34,Entertainment
TXN717454,cult fit payment #7512,2982.82,Health & Fitness
TXN243184,faasos payment #7488,1161.2,Food & Dining
TXN374719,blinkit payment #8045,4448.86,Groceries
TXN822986,airtel recharge payment #1475,3067.48,Utilities
TXN602992,bank a/c transfer payment #6575,288.71,Financial Services
TXN973107,reliance petrol pump payment #4833,133.96,Fuel
TXN838482,donation payment payment #2559,1734.88,Others
TXN404621,paradise biryani payment #9553,2992.53,Food & Dining
TXN390387,irctc payment #7387,3270.23,Travel & Transport
TXN711150,microsoft 365 payment #8500,3115.3,Bills & Subscriptions
TXN963906,water tax payment #7077,894.95,Utilities
TXN890871,inox movies payment #6710,3193.79,Entertainment
TXN983516,apple music payment #2821,4729.97,Bills & Subscriptions
TXN562534,bigbasket payment #2170,936.79,Groceries
TXN959834,jiomart grocery payment #2212,3669.08,Groceries
TXN770352,meesho payment #4072,2667.64,Shopping
TXN115087,jiomart grocery payment #8571,4498.63,Groceries
TXN444699,act fibernet payment #5303,4583.73,Utilities
TXN546120,barbeque nation payment #4376,3984.28,Food & Dining
TXN648793,spotify payment #7409,2639.21,Entertainment
TXN769196,mcdonalds payment #4565,952.01,Food & Dining
TXN888513,paytm upi payment #6598,2664.41,Financial Services
TXN739374,1mg payment #5026,3888.04,Health & Fitness
TXN704438,hotstar payment #6514,1411.76,Entertainment
TXN973877,imps transfer payment #3734,3702.55,Financial Services
TXN488399,pizza hut payment #1769,2366.65,Food & Dining
TXN543504,tneb payment payment #7966,2823.36,Utilities
TXN193774,more supermarket payment #7122,1144.01,Groceries
TXN664617,parking charges payment #9267,3302.12,Others
TXN906147,icici emi payment payment #1194,4807.86,Financial Services
TXN120945,housejoy payment #7464,1016.04,Others
TXN110942,dominos payment #2307,2899.58,Food & Dining
TXN422304,ioc fuel station payment #8771,2686.56,Fuel
TXN227153,lifestyle payment #6727,4337.39,Shopping
TXN823605,essar petrol payment #1967,2161.63,Fuel
TXN997146,canva pro payment #2655,4140.44,Bills & Subscriptions
TXN163959,google one payment #6369,261.45,Bills & Subscriptions
TXN316619,meesho payment #8553,1100.28,Shopping
TXN620292,1mg payment #9698,4533.6,Health & Fitness
TXN561237,shell payment #3291,3799.75,Fuel
TXN855629,kritunga payment #9350,3466.53,Food & Dining
TXN470388,spencer’s retail payment #4424,2863.33,Groceries
TXN757070,ioc fuel station payment #1116,3112.48,Fuel
TXN194736,hathway broadband payment #8048,4878.37,Utilities
TXN190123,act fibernet payment #5035,2279.3,Utilities
TXN351038,housejoy payment #7153,4310.83,Others
TXN463559,jiomart grocery payment #6850,2862.09,Groceries
TXN511972,dominos payment #5032,1930.16,Food & Dining
TXN979041,local technician payment #3195,260.81,Others
TXN579131,adobe creative cloud payment #3977,2384.11,Bills & Subscriptions
TXN902904,googlepay upi payment #7911,2746.28,Financial Services
TXN361487,nobroker services payment #6621,2078.8,Others
TXN946450,irctc payment #7188,2630.14,Travel & Transport
TXN180261,indigo payment #7753,390.01,Travel & Transport
TXN439035,bank a/c transfer payment #8566,3136.09,Financial Services
TXN529491,urban company payment #5908,1707.07,Others
TXN139293,uber payment #3038,4877.8,Travel & Transport
TXN241944,essar petrol payment #1020,2823.07,Fuel
TXN610243,bookmyshow payment #3338,90.95,Entertainment
TXN207425,medplus payment #9341,2139.99,Health & Fitness
TXN575306,ksrtc bus payment #5433,1332.86,Travel & Transport
TXN720733,chayos payment #4766,3787.14,Food & Dining
TXN703070,jio fiber payment #7746,4636.5,Utilities
TXN828941,hdfc loan emi payment #5261,2501.72,Financial Services
TXN697339,parking charges payment #1058,3053.72,Others
TXN743475,myntra payment #5558,2553.0,Shopping
TXN891044,figma pro payment #6241,3838.04,Bills & Subscriptions
TXN971532,bsnl bill payment #4885,4285.61,Utilities
TXN229274,water tax payment #9043,722.13,Utilities
TXN772979,pvr cinemas payment #1348,4446.92,Entertainment
TXN979905,1mg payment #7287,3954.74,Health & Fitness
TXN719338,uber payment #4412,1055.32,Travel & Transport
TXN675014,google one payment #4367,2560.92,Bills & Subscriptions
TXN636838,prime video payment #6884,3276.9,Entertainment
TXN397758,essar petrol payment #7630,1208.48,Fuel
TXN198873,prime video payment #5113,118.93,Entertainment
TXN752936,essar petrol payment #1204,91.72,Fuel
TXN124318,wow momo payment #7867,1005.36,Food & Dining
TXN465618,tanishq payment #3183,682.2,Shopping
TXN171114,irctc payment #5292,4850.95,Travel & Transport
TXN189121,parking charges payment #4811,893.41,Others
TXN572079,bigbasket payment #6834,3634.6,Groceries
TXN169504,spotify payment #5579,86.25,Entertainment
TXN822958,neft transfer payment #9105,3551.02,Financial Services
TXN267311,blinkit payment #4524,543.54,Groceries
TXN981001,rapido payment #4935,4989.26,Travel & Transport
TXN849298,google one payment #8908,344.51,Bills & Subscriptions
TXN251202,blinkit payment #3366,539.01,Groceries
TXN715914,goibibo payment #1461,4762.98,Travel & Transport
TXN368183,figma pro payment #7386,797.57,Bills & Subscriptions
TXN491322,spencer’s retail payment #3907,1063.2,Groceries
TXN294534,subway payment #3361,4217.81,Food & Dining
TXN280765,uber payment #4505,1361.82,Travel & Transport
TXN137167,1mg payment #1845,584.02,Health & Fitness
TXN204036,bharatpetrol payment #8071,1943.73,Fuel
TXN256562,medplus payment #1196,298.79,Health & Fitness
TXN158815,notion subscription payment #3782,2270.82,Bills & Subscriptions
TXN917294,westside payment #6492,223.98,Shopping
TXN856486,shell payment #7784,4471.65,Fuel
TXN529150,flipkart payment #4220,2877.64,Shopping
TXN598908,youtube premium payment #8616,99.38,Bills & Subscriptions
TXN618974,nature's basket payment #2569,198.62,Groceries
TXN127259,hp petrol payment #1201,1701.01,Fuel
TXN298712,bookmyshow payment #2465,3095.91,Entertainment
TXN198067,reimbursement payment #3625,2284.78,Financial Services
TXN693883,kritunga payment #7236,2725.65,Food & Dining
TXN786907,bank service charge payment #2238,2389.44,Financial Services
TXN126163,talwalkars gym payment #2965,755.55,Health & Fitness
TXN879596,rapido payment #5576,4357.19,Travel & Transport
TXN697142,1mg payment #2817,4994.03,Health & Fitness
TXN596984,tanishq payment #2120,4048.33,Shopping
TXN526835,icici emi payment payment #5012,1321.33,Financial Services
TXN407375,phonepe upi payment #5940,4134.01,Financial Services
TXN779420,myntra payment #2521,1834.7,Shopping
TXN325101,apollo pharmacy payment #3966,763.15,Health & Fitness
TXN868153,blinkit payment #3325,3788.88,Groceries
TXN419911,donation payment payment #5449,134.24,Others
TXN746996,prime video payment #7157,4422.34,Entertainment
TXN772716,paytm upi payment #7892,3388.29,Financial Services
TXN236891,housejoy payment #4680,1613.24,Others
TXN731953,zee5 subscription payment #8628,440.57,Entertainment
TXN383480,goibibo payment #3194,169.33,Travel & Transport
TXN217384,hathway broadband payment #6746,2942.51,Utilities
TXN702902,apollo pharmacy payment #2741,700.5,Health & Fitness
TXN709686,urbanclap payment #9798,1632.36,Others
TXN524257,starbucks payment #9855,4036.84,Food & Dining
TXN367700,vistara airlines payment #7776,4021.55,Travel & Transport
TXN807227,zee5 subscription payment #9416,3966.26,Entertainment
TXN161643,cult fit payment #7215,1108.77,Health & Fitness
TXN578346,bank service charge payment #6111,2651.32,Financial Services
TXN559613,uber payment #4780,2580.3,Travel & Transport
TXN699667,local technician payment #2794,4883.29,Others
TXN189919,bajaj finance emi payment #3140,1493.3,Financial Services
TXN699031,pharmeasy payment #7613,265.88,Health & Fitness
TXN974098,adobe creative cloud payment #3094,1995.54,Bills & Subscriptions
TXN392135,ioc fuel station payment #4775,1663.88,Fuel
TXN570860,microsoft 365 payment #5430,2573.81,Bills & Subscriptions
TXN701970,bank service charge payment #4670,830.72,Financial Services
TXN296599,notion subscription payment #8072,1626.88,Bills & Subscriptions
TXN169120,pantaloons payment #3755,4285.63,Shopping
TXN819657,ajio payment #9055,3730.23,Shopping
TXN101562,amazon payment #6387,1828.43,Shopping
TXN121622,ioc fuel station payment #1998,1128.13,Fuel
TXN931813,atm fee payment #5074,2619.04,Financial Services
TXN741924,redbus payment #2822,2294.51,Travel & Transport
TXN227211,imps transfer payment #2474,2604.98,Financial Services
TXN124266,ola payment #1043,2060.66,Travel & Transport
TXN960251,dunzo payment #3494,1953.19,Groceries
TXN578933,hp petrol payment #4302,3443.28,Fuel
TXN507062,jiomart grocery payment #1732,3713.06,Groceries
TXN414784,atm fee payment #6518,3986.03,Financial Services
TXN545914,google one payment #9972,4716.87,Bills & Subscriptions
TXN153123,pvr cinemas payment #1665,1973.11,Entertainment
TXN390801,salary credit payment #9438,4088.88,Financial Services
TXN201482,urban company payment #2945,1282.75,Others
TXN648815,shell payment #2574,458.29,Fuel
TXN828029,behrouz biryani payment #7051,507.71,Food & Dining
TXN257371,rapido payment #6063,2531.18,Travel & Transport
TXN171736,paytm upi payment #1197,3197.81,Financial Services
TXN391225,jio fiber payment #4918,1653.51,Utilities
TXN493280,fortis hospital payment #6269,198.36,Health & Fitness
TXN524067,blinkit payment #5478,1452.75,Groceries
TXN200129,talwalkars gym payment #1879,783.94,Health & Fitness
TXN949465,atm fee payment #1262,732.84,Financial Services
TXN822173,pantaloons payment #2500,3861.46,Shopping
TXN638274,apple music payment #4645,4607.22,Bills & Subscriptions
TXN510079,pvr cinemas payment #3445,4842.32,Entertainment
TXN173429,amazon payment #9205,2677.85,Shopping
TXN590281,pvr cinemas payment #3227,3459.69,Entertainment
TXN531579,ioc fuel station payment #4156,4568.08,Fuel
TXN461172,irctc payment #4641,4757.62,Travel & Transport
TXN267216,netflix payment #2428,91.69,Entertainment
TXN678457,dunzo payment #3285,4962.83,Groceries
TXN172816,bsnl bill payment #7859,2767.31,Utilities
TXN462756,urban company payment #6363,3942.19,Others
TXN219980,bigbasket payment #7513,1469.98,Groceries
TXN329704,neft transfer payment #3832,2350.01,Financial Services
TXN156394,amazonpay upi payment #1385,2161.03,Financial Services
TXN250286,kfc payment #9558,2829.71,Food & Dining
TXN310243,hotstar payment #3879,196.64,Entertainment
TXN171978,decathlon payment #7999,3688.29,Shopping
TXN658211,bsnl bill payment #5333,669.21,Utilities
TXN556367,airtel recharge payment #8035,2513.9,Utilities
TXN427215,jio fiber payment #5236,4780.82,Utilities
TXN786913,apollo pharmacy payment #6004,4854.69,Health & Fitness
TXN329389,myntra payment #7864,4893.42,Shopping
TXN212272,housejoy payment #1412,1944.96,Others
TXN483727,dunzo payment #1112,1697.84,Groceries
TXN615708,bookmyshow payment #6064,4821.99,Entertainment
TXN187109,meesho payment #7911,1212.65,Shopping
TXN433290,zee5 subscription payment #3673,2697.05,Entertainment
TXN513391,kfc payment #4002,4138.95,Food & Dining
TXN837770,netflix payment #7853,2571.47,Entertainment
TXN260057,healthspring payment #7556,4662.82,Health & Fitness
TXN528626,meesho payment #8240,4918.65,Shopping
TXN928487,figma pro payment #5416,2577.65,Bills & Subscriptions
TXN794567,blinkit payment #2319,2392.86,Groceries
TXN479170,decathlon payment #4402,347.44,Shopping
TXN945442,neft transfer payment #2783,2093.27,Financial Services
TXN415974,microsoft 365 payment #8919,2527.96,Bills & Subscriptions
TXN951123,myntra payment #5454,1214.7,Shopping
TXN874814,bharatpetrol payment #7869,315.56,Fuel
TXN191100,cult fit payment #3470,4740.0,Health & Fitness
TXN271575,tata play dth payment #6837,4225.21,Utilities
TXN118027,act fibernet payment #3819,2895.42,Utilities
TXN903644,pharmeasy payment #2440,4015.1,Health & Fitness
TXN911713,dominos payment #9078,3369.37,Food & Dining
TXN253880,reliance petrol pump payment #9703,2774.63,Fuel
TXN344844,bookmyshow payment #8029,62.48,Entertainment
TXN624752,airindia payment #5710,1719.95,Travel & Transport
TXN641922,apple music payment #9654,3633.88,Bills & Subscriptions
TXN124326,vistara airlines payment #9795,4016.79,Travel & Transport
TXN464187,fortis hospital payment #1299,1335.37,Health & Fitness
TXN195533,dominos payment #3977,4965.17,Food & Dining
TXN186257,d mart payment #5570,1589.46,Shopping
TXN842636,ajio payment #2940,4322.79,Shopping
TXN544474,apollo pharmacy payment #9648,1589.23,Health & Fitness
TXN848190,bhim upi payment #2646,2508.52,Financial Services
TXN161293,parking charges payment #1866,2550.92,Others
TXN210136,hp petrol payment #4303,359.29,Fuel
TXN184076,jiomart grocery payment #1810,2776.26,Groceries
TXN320050,barbeque nation payment #1216,210.55,Food & Dining
TXN212132,makemytrip payment #4943,4075.79,Travel & Transport
TXN898938,hotstar payment #8645,2968.99,Entertainment
TXN760960,local technician payment #2719,2103.96,Others
TXN816956,cult fit payment #6812,3814.77,Health & Fitness
TXN203307,bigbasket payment #5233,3622.7,Groceries
TXN961379,blinkit payment #8645,4234.73,Groceries
TXN759225,canva pro payment #1154,4343.31,Bills & Subscriptions
TXN457277,mcdonalds payment #8168,1069.86,Food & Dining
TXN123733,bharatpetrol payment #2955,2674.04,Fuel
TXN647971,spotify payment #8268,2812.65,Entertainment
TXN727828,bajaj finance emi payment #8667,731.13,Financial Services
TXN210922,bhim upi payment #7807,2366.34,Financial Services
TXN216463,apollo pharmacy payment #9388,2785.0,Health & Fitness
TXN236082,jiomart grocery payment #3533,4880.94,Groceries
TXN363522,essar petrol payment #7294,2998.82,Fuel
TXN307581,prime video payment #9773,3885.72,Entertainment
TXN569142,inox movies payment #1660,4195.63,Entertainment
TXN290904,1mg payment #1114,4503.37,Health & Fitness
TXN484131,goibibo payment #9995,123.88,Travel & Transport
TXN133006,water tax payment #9200,4342.3,Utilities
TXN303585,googlepay upi payment #5803,3274.09,Financial Services
TXN270151,ajio payment #4051,4387.88,Shopping
TXN731730,ccd cafe payment #7298,2946.15,Food & Dining
TXN988055,parking charges payment #6773,1943.01,Others
TXN120890,pvr cinemas payment #8735,2022.13,Entertainment
TXN169513,talwalkars gym payment #6841,3427.09,Health & Fitness
TXN830838,1mg payment #6974,1267.24,Health & Fitness
TXN979471,flipkart payment #2891,1643.18,Shopping
TXN176231,pharmeasy payment #7363,4126.08,Health & Fitness
TXN307224,bajaj finance emi payment #4564,4642.33,Financial Services
TXN904093,airtel recharge payment #9563,4897.16,Utilities
TXN836956,irctc payment #4471,1446.24,Travel & Transport
TXN402575,paradise biryani payment #3243,4335.23,Food & Dining
TXN124730,microsoft 365 payment #4610,2541.78,Bills & Subscriptions
TXN729865,atm withdrawal payment #7964,4568.73,Financial Services
TXN149126,zomato payment #4745,1616.14,Food & Dining
TXN495372,flipkart payment #2167,1873.09,Shopping
TXN832205,inox movies payment #7359,3830.07,Entertainment
TXN342313,redbus payment #5015,3578.93,Travel & Transport
TXN343974,parking charges payment #6406,4681.8,Others
TXN441680,goibibo payment #1051,499.04,Travel & Transport
TXN622892,bank a/c transfer payment #5524,4408.3,Financial Services
TXN614414,pharmeasy payment #3547,3855.1,Health & Fitness
TXN435604,notion subscription payment #3003,4284.84,Bills & Subscriptions
TXN880622,bookmyshow payment #6258,2781.46,Entertainment
TXN570852,kfc payment #2251,2752.74,Food & Dining
TXN345587,inox movies payment #3195,4045.54,Entertainment
TXN631302,nature's basket payment #9155,3837.13,Groceries
TXN494663,behrouz biryani payment #3535,1843.29,Food & Dining
TXN268586,urbanclap payment #8567,3824.01,Others
TXN409996,essar petrol payment #3515,1947.59,Fuel
TXN909188,redbus payment #7058,3803.97,Travel & Transport
TXN248212,redbus payment #8676,3877.16,Travel & Transport
TXN128643,hdfc atm payment #2667,370.06,Financial Services
TXN586377,bookmyshow payment #9192,352.67,Entertainment
TXN891358,wow momo payment #5318,1952.16,Food & Dining
TXN604526,nobroker services payment #4766,2681.22,Others
TXN610316,donation payment payment #2600,352.95,Others
TXN116720,act fibernet payment #9684,4894.57,Utilities
TXN981366,nykaa payment #2194,1517.71,Shopping
TXN804348,goibibo payment #8520,4241.05,Travel & Transport
TXN448474,croma payment #3830,296.56,Shopping
TXN254665,redbus payment #7599,3441.99,Travel & Transport
TXN147912,spotify payment #5919,2797.25,Entertainment
TXN110785,zee5 subscription payment #3229,2171.62,Entertainment
TXN601465,zee5 subscription payment #3356,3431.8,Entertainment
TXN861925,kritunga payment #4411,4718.24,Food & Dining
TXN475531,notion subscription payment #3266,2405.65,Bills & Subscriptions
TXN552185,reliance fresh payment #9667,1128.55,Groceries
TXN804456,figma pro payment #7659,3056.54,Bills & Subscriptions
TXN512493,amazonpay upi payment #9574,2609.21,Financial Services
TXN918069,more supermarket payment #6482,923.01,Groceries
TXN926494,jio fiber payment #6682,1335.56,Utilities
TXN597303,sbi card payment payment #3372,2647.89,Financial Services
TXN443274,reliance petrol pump payment #2373,2119.69,Fuel
TXN914231,jiomart grocery payment #5216,2173.87,Groceries
TXN531482,sbi atm payment #6270,999.67,Financial Services
TXN724299,netflix payment #9195,3696.89,Entertainment
TXN367062,prime video payment #6640,3567.87,Entertainment
TXN352958,croma payment #1452,4260.16,Shopping
TXN600020,microsoft 365 payment #3964,778.45,Bills & Subscriptions
TXN577565,ioc fuel station payment #3133,2042.08,Fuel
TXN283963,hp petrol payment #3884,345.2,Fuel
TXN898571,urban company payment #2743,2436.62,Others
TXN546616,pizza hut payment #9029,4159.15,Food & Dining
TXN543478,dunzo payment #2746,4845.12,Groceries
TXN746749,amazon payment #3582,3908.22,Shopping
TXN977815,canva pro payment #5394,614.4,Bills & Subscriptions
TXN133954,notion subscription payment #4812,2906.77,Bills & Subscriptions
TXN706690,tneb payment payment #7960,4702.98,Utilities
TXN296272,paytm upi payment #3935,2943.34,Financial Services
TXN200301,googlepay upi payment #1227,3747.04,Financial Services
TXN619522,irctc payment #5401,3409.11,Travel & Transport
TXN174923,swiggy payment #1414,2140.4,Food & Dining
TXN326531,prime video payment #1316,4423.51,Entertainment
TXN916350,ccd cafe payment #8301,4623.06,Food & Dining
TXN405350,sbi atm payment #1539,3441.99,Financial Services
TXN975698,more supermarket payment #7770,1082.96,Groceries
TXN495035,spotify payment #5581,1306.34,Entertainment
TXN267677,more supermarket payment #8218,4271.42,Groceries
TXN353405,blinkit payment #8098,3923.47,Groceries
TXN877448,youtube premium payment #1532,2722.66,Bills & Subscriptions
TXN466785,healthspring payment #3560,1337.54,Health & Fitness
TXN874016,nature's basket payment #4587,588.19,Groceries
TXN894936,more supermarket payment #3588,679.74,Groceries
TXN267840,spotify payment #2425,2727.54,Entertainment
TXN464969,dunzo payment #4640,4120.12,Groceries
TXN162389,urbanclap payment #8032,1527.4,Others
TXN514326,croma payment #8414,3606.71,Shopping
TXN274277,housejoy payment #8432,4129.11,Others
TXN716680,microsoft 365 payment #4365,1811.69,Bills & Subscriptions
TXN124531,pvr cinemas payment #7121,3135.97,Entertainment
TXN555972,netflix payment #9947,2553.04,Entertainment
TXN481039,uber payment #9112,2122.54,Travel & Transport
TXN110726,apollo pharmacy payment #9939,889.75,Health & Fitness
TXN723925,donation payment payment #3814,4615.71,Others
TXN489444,googlepay upi payment #2273,971.55,Financial Services
TXN371631,airindia payment #5579,3117.5,Travel & Transport
TXN264497,youtube premium payment #3840,2944.67,Bills & Subscriptions
TXN106879,jio fiber payment #3839,1273.97,Utilities
TXN261443,ajio payment #1667,1819.73,Shopping
TXN219036,hathway broadband payment #1972,1753.06,Utilities
TXN444520,more supermarket payment #5647,4947.09,Groceries
TXN709112,urbanclap payment #7632,1168.88,Others
TXN754082,microsoft 365 payment #4410,3490.96,Bills & Subscriptions
TXN270080,ioc fuel station payment #4157,3890.04,Fuel
TXN720857,airindia payment #3674,2000.87,Travel & Transport
TXN127946,cult fit payment #9804,85.85,Health & Fitness
TXN889219,jio fiber payment #5414,656.12,Utilities
TXN565914,ola payment #1942,850.38,Travel & Transport
TXN159183,tata play dth payment #3193,1599.63,Utilities
TXN520991,kfc payment #9133,1251.5,Food & Dining
TXN716560,indianoil payment #6062,2431.55,Fuel
TXN502580,act fibernet payment #1243,842.26,Utilities
TXN772050,decathlon payment #5394,3885.63,Shopping
TXN752354,kritunga payment #6601,4513.35,Food & Dining
TXN179705,kfc payment #8312,945.02,Food & Dining
TXN857645,indianoil payment #4803,2434.01,Fuel
TXN596450,cult fit payment #5490,4723.56,Health & Fitness
TXN760136,tneb payment payment #9334,3355.51,Utilities
TXN835281,pharmeasy payment #3324,1946.32,Health & Fitness
TXN947932,salary credit payment #8349,2157.33,Financial Services
TXN791897,indianoil payment #3594,72.32,Fuel
TXN383621,microsoft 365 payment #3251,1611.25,Bills & Subscriptions
TXN165844,paytm upi payment #2734,872.77,Financial Services
TXN110415,jio fiber payment #6810,4307.3,Utilities
TXN205242,bsnl bill payment #3286,1390.98,Utilities
TXN642559,dunzo payment #1808,1532.59,Groceries
TXN768688,prime video payment #8552,4590.76,Entertainment
TXN492546,meesho payment #3078,2357.38,Shopping
TXN626089,irctc payment #2530,808.96,Travel & Transport
TXN758802,adobe creative cloud payment #5167,3555.57,Bills & Subscriptions
TXN929651,housejoy payment #9842,3517.04,Others
TXN417205,starbucks payment #1121,3692.97,Food & Dining
TXN616643,figma pro payment #8068,2488.56,Bills & Subscriptions
TXN319120,nobroker services payment #4248,4156.1,Others
TXN471500,ioc fuel station payment #8045,892.27,Fuel
TXN273989,wow momo payment #1936,4369.41,Food & Dining
TXN554338,water tax payment #5748,3596.24,Utilities
TXN767460,uber payment #6464,4422.93,Travel & Transport
TXN301437,canva pro payment #9690,3689.44,Bills & Subscriptions
TXN833448,apple music payment #6253,4864.67,Bills & Subscriptions
TXN118863,talwalkars gym payment #3816,718.13,Health & Fitness
TXN790447,microsoft 365 payment #3053,2019.6,Bills & Subscriptions
TXN918035,reliance fresh payment #4550,1843.94,Groceries
TXN184046,parking charges payment #7115,1628.47,Others
TXN280998,spencer’s retail payment #3605,885.43,Groceries
TXN659188,d mart payment #2741,92.68,Shopping
TXN276163,d mart payment #7647,3660.21,Shopping
TXN297869,makemytrip payment #7736,901.91,Travel & Transport
TXN195042,blinkit payment #1208,4410.02,Groceries
TXN191424,westside payment #5481,854.5,Shopping
TXN926341,vistara airlines payment #1187,2888.32,Travel & Transport
TXN513578,salary credit payment #7840,3525.72,Financial Services
TXN529821,pantaloons payment #3201,2244.75,Shopping
TXN968253,apollo pharmacy payment #6614,1348.27,Health & Fitness
TXN294103,reversal charge payment #4181,1838.47,Financial Services
TXN119674,subway payment #1644,4187.97,Food & Dining
TXN702848,reliance petrol pump payment #2382,420.61,Fuel
TXN664913,hp petrol payment #4289,1885.14,Fuel
TXN976980,reliance fresh payment #5880,715.62,Groceries
TXN500893,hotstar payment #4640,479.88,Entertainment
TXN654567,neft transfer payment #1348,2128.37,Financial Services
TXN435933,nykaa payment #1610,2454.98,Shopping
TXN971317,pharmeasy payment #7848,2031.15,Health & Fitness
TXN509911,bajaj finance emi payment #3126,4879.3,Financial Services
TXN110824,airindia payment #6799,3558.12,Travel & Transport
TXN281890,reversal charge payment #8586,1661.54,Financial Services
TXN966294,bharatpetrol payment #8285,2147.11,Fuel
TXN315572,cult fit payment #2823,4294.08,Health & Fitness
TXN774144,ioc fuel station payment #1203,2081.31,Fuel
TXN556416,blinkit payment #2526,1451.42,Groceries
TXN507989,irctc payment #2624,4696.52,Travel & Transport
TXN221953,act fibernet payment #5713,4504.64,Utilities
TXN790479,shell payment #8698,934.45,Fuel
TXN888583,healthspring payment #7884,2409.21,Health & Fitness
TXN928416,hdfc loan emi payment #4414,4300.33,Financial Services
TXN958562,vistara airlines payment #1737,1496.97,Travel & Transport
TXN443716,redbus payment #8755,4053.82,Travel & Transport
TXN120733,bsnl bill payment #8231,2582.41,Utilities
TXN280811,subway payment #4093,3117.63,Food & Dining
TXN400973,irctc payment #3763,253.82,Travel & Transport
TXN908971,adobe creative cloud payment #5368,2254.22,Bills & Subscriptions
TXN329663,ola payment #3756,3854.48,Travel & Transport
TXN934803,rapido payment #6492,2170.58,Travel & Transport
TXN570428,reliance petrol pump payment #5186,4128.38,Fuel
TXN910246,bigbasket payment #5807,869.26,Groceries
TXN982970,canva pro payment #7201,3739.52,Bills & Subscriptions
TXN394517,croma payment #1679,2819.09,Shopping
TXN869594,spotify payment #8108,1029.41,Entertainment
TXN724552,ola payment #1052,3281.54,Travel & Transport
TXN756221,jio fiber payment #6524,2529.26,Utilities
TXN282851,water tax payment #5389,3722.5,Utilities
TXN436893,ccd cafe payment #4841,3644.26,Food & Dining
TXN709800,bigbasket payment #1532,4184.38,Groceries
TXN804602,shell payment #5290,2691.47,Fuel
TXN872841,apollo pharmacy payment #7726,1558.39,Health & Fitness
TXN647933,faasos payment #9277,1149.54,Food & Dining
TXN515424,indigo payment #1839,1100.78,Travel & Transport
TXN984202,1mg payment #8395,2734.05,Health & Fitness
TXN368862,parking charges payment #7809,1789.44,Others
TXN891694,talwalkars gym payment #7352,700.3,Health & Fitness
TXN485606,shell payment #2100,2789.59,Fuel
TXN644700,housejoy payment #2427,4417.23,Others
TXN574807,airtel recharge payment #3443,4694.99,Utilities
TXN111631,spotify payment #2802,2905.48,Entertainment
TXN781377,microsoft 365 payment #8445,1705.88,Bills & Subscriptions
TXN480990,notion subscription payment #4869,151.15,Bills & Subscriptions
TXN338963,fortis hospital payment #1598,214.67,Health & Fitness
TXN720903,shell payment #7960,1371.69,Fuel
TXN606511,adobe creative cloud payment #7493,1095.81,Bills & Subscriptions
TXN957130,nobroker services payment #1364,3346.07,Others
TXN674612,talwalkars gym payment #2970,3519.17,Health & Fitness
TXN530243,myntra payment #7891,3687.73,Shopping
TXN908554,pvr cinemas payment #1264,3891.7,Entertainment
TXN551839,figma pro payment #9307,2565.02,Bills & Subscriptions
TXN809102,jio fiber payment #6398,2536.79,Utilities
TXN700457,bigbasket payment #4362,1966.69,Groceries
TXN830202,medplus payment #3771,1558.17,Health & Fitness
TXN877929,figma pro payment #1394,4937.69,Bills & Subscriptions
TXN698738,hathway broadband payment #5959,4248.39,Utilities
TXN161533,myntra payment #8461,4150.76,Shopping
TXN902154,ksrtc bus payment #7923,4289.42,Travel & Transport
TXN131184,paradise biryani payment #8254,4328.38,Food & Dining
TXN899577,fortis hospital payment #2002,1069.37,Health & Fitness
TXN597619,ccd cafe payment #1242,3826.88,Food & Dining
TXN903982,ioc fuel station payment #3905,2922.07,Fuel
TXN267497,google one payment #9790,3380.87,Bills & Subscriptions
TXN836549,hotstar payment #7859,2831.17,Entertainment
TXN586172,jio fiber payment #4823,3874.44,Utilities
TXN659827,pizza hut payment #1099,3700.81,Food & Dining
TXN524909,pharmeasy payment #3811,3073.19,Health & Fitness
TXN852839,blinkit payment #4379,830.79,Groceries
TXN807339,more supermarket payment #2427,4863.76,Groceries
TXN218441,bharatpetrol payment #1315,1547.31,Fuel
TXN571482,rapido payment #7857,3886.68,Travel & Transport
TXN746898,icici atm payment #2040,3014.13,Financial Services
TXN371018,water tax payment #7027,989.76,Utilities
TXN343269,reliance fresh payment #5449,4795.02,Groceries
TXN951153,microsoft 365 payment #5019,3310.51,Bills & Subscriptions
TXN588540,phonepe upi payment #2234,3924.91,Financial Services
TXN105851,google one payment #9224,2100.71,Bills & Subscriptions
TXN795545,fortis hospital payment #5441,4771.55,Health & Fitness
TXN708067,essar petrol payment #9645,613.79,Fuel
TXN909918,bank a/c transfer payment #5138,1929.09,Financial Services
TXN197678,reliance fresh payment #9372,4511.2,Groceries
TXN912343,airtel recharge payment #8352,1038.58,Utilities
TXN532292,bank a/c transfer payment #3557,2405.97,Financial Services
TXN313476,housejoy payment #1785,260.53,Others
TXN642723,bank service charge payment #1515,3164.06,Financial Services
TXN576327,parking charges payment #2074,4806.65,Others
TXN729814,croma payment #3713,793.6,Shopping
TXN973383,cult fit payment #5849,3273.85,Health & Fitness
TXN792598,goibibo payment #1494,1664.93,Travel & Transport
TXN791820,icici emi payment payment #9317,779.16,Financial Services
TXN772751,nature's basket payment #4012,4759.48,Groceries
TXN178917,nobroker services payment #2455,3175.16,Others
TXN854169,apollo pharmacy payment #2840,2143.76,Health & Fitness
TXN938660,spencer’s retail payment #3809,4299.97,Groceries
TXN684548,zee5 subscription payment #1254,1989.97,Entertainment
TXN351771,bank service charge payment #1274,710.67,Financial Services
TXN541743,dunzo payment #3870,2308.63,Groceries
TXN394241,essar petrol payment #5334,4511.71,Fuel
TXN760827,airindia payment #7250,1664.01,Travel & Transport
TXN647273,urban company payment #6472,3227.53,Others
TXN185168,parking charges payment #1096,4381.47,Others
TXN949877,amazon payment #5837,3692.13,Shopping
TXN789574,donation payment payment #3659,755.89,Others
TXN714011,jio fiber payment #1304,2068.72,Utilities
TXN481924,kfc payment #8512,4786.28,Food & Dining
TXN697558,indianoil payment #5362,954.07,Fuel
TXN362065,zee5 subscription payment #1963,4123.44,Entertainment
TXN100806,spencer’s retail payment #8354,3262.67,Groceries
TXN433704,westside payment #7151,1503.54,Shopping
TXN144070,westside payment #6051,4462.42,Shopping
TXN368269,hathway broadband payment #7961,1150.41,Utilities
TXN928136,google one payment #8202,3514.57,Bills & Subscriptions
TXN519543,act fibernet payment #4982,3414.36,Utilities
TXN469390,goibibo payment #2947,2756.58,Travel & Transport
TXN642921,jiomart grocery payment #5075,4990.48,Groceries
TXN531084,act fibernet payment #7554,4698.4,Utilities
TXN548672,ajio payment #4781,4805.61,Shopping
TXN733674,icici atm payment #8595,2046.0,Financial Services
TXN235630,spencer’s retail payment #2207,1454.33,Groceries
TXN996867,act fibernet payment #8939,2856.39,Utilities
TXN369035,urban company payment #1827,717.7,Others
TXN273838,decathlon payment #4023,2645.95,Shopping
TXN517495,cult fit payment #7831,104.84,Health & Fitness
TXN285514,pizza hut payment #7687,4745.71,Food & Dining
TXN716549,bharatpetrol payment #3528,1915.93,Fuel
TXN519238,more supermarket payment #8822,1115.91,Groceries
TXN740590,figma pro payment #8388,3565.07,Bills & Subscriptions
TXN112957,d mart payment #8107,4586.0,Shopping
TXN281054,ola payment #9604,1272.94,Travel & Transport
TXN737543,bank service charge payment #5120,4740.26,Financial Services
TXN882275,indianoil payment #9648,1670.48,Fuel
TXN232177,ioc fuel station payment #3535,3017.48,Fuel
TXN403660,apollo pharmacy payment #2089,195.19,Health & Fitness
TXN518272,uber payment #8641,3279.24,Travel & Transport
TXN930901,decathlon payment #2103,3635.66,Shopping
TXN398051,ksrtc bus payment #1553,3323.61,Travel & Transport
TXN117493,dunzo payment #2936,1127.75,Groceries
TXN437009,reliance petrol pump payment #9121,4067.06,Fuel
TXN238826,lifestyle payment #8701,4225.9,Shopping
TXN775731,reversal charge payment #8123,3083.84,Financial Services
TXN411271,tata play dth payment #3218,1520.76,Utilities
TXN158312,sbi atm payment #3479,3124.37,Financial Services
TXN132485,apple music payment #4803,1205.98,Bills & Subscriptions
TXN738196,jiomart grocery payment #8014,4966.96,Groceries
TXN231179,barbeque nation payment #7564,2815.56,Food & Dining
TXN521840,bigbasket payment #7062,3262.72,Groceries
TXN596876,apple music payment #2395,4402.77,Bills & Subscriptions
TXN570359,housejoy payment #1045,1267.72,Others
TXN551530,spencer’s retail payment #9621,2074.75,Groceries
TXN894501,nature's basket payment #3505,4891.95,Groceries
TXN990843,donation payment payment #5757,3227.68,Others
TXN614591,atm withdrawal payment #6035,1277.15,Financial Services
TXN336494,ola payment #6209,3568.57,Travel & Transport
TXN991730,kritunga payment #6173,2436.7,Food & Dining
TXN614003,1mg payment #9129,113.03,Health & Fitness
TXN620438,bookmyshow payment #2200,3229.7,Entertainment
TXN894369,airtel recharge payment #2411,1167.49,Utilities
TXN828770,reliance fresh payment #3402,4831.69,Groceries
TXN607803,bsnl bill payment #9448,2974.39,Utilities
TXN412758,hp petrol payment #4110,2325.13,Fuel
TXN388423,westside payment #6087,1504.92,Shopping
TXN917606,pvr cinemas payment #1001,2772.25,Entertainment
TXN886214,makemytrip payment #8273,2184.7,Travel & Transport
TXN430525,notion subscription payment #4694,4336.71,Bills & Subscriptions
TXN533626,zomato payment #8707,3474.55,Food & Dining
TXN924629,bsnl bill payment #2168,3898.09,Utilities
TXN194191,netflix payment #6853,4888.41,Entertainment
TXN664357,bookmyshow payment #3727,4807.02,Entertainment
TXN502156,nature's basket payment #6761,438.36,Groceries
TXN685466,bharatpetrol payment #2202,233.35,Fuel
TXN878030,airtel recharge payment #9922,1754.35,Utilities
TXN373229,dominos payment #8403,1638.76,Food & Dining
TXN360965,vistara airlines payment #6992,1992.38,Travel & Transport
TXN778022,dunzo payment #1768,4613.04,Groceries
TXN111857,prime video payment #5670,63.33,Entertainment
TXN851644,more supermarket payment #1206,4466.69,Groceries
TXN665786,rapido payment #2920,4469.3,Travel & Transport
TXN733556,uber payment #5073,4972.58,Travel & Transport
TXN125305,apple music payment #9841,932.14,Bills & Subscriptions
TXN906297,urban company payment #7449,2963.4,Others
TXN350135,westside payment #1653,4701.87,Shopping
TXN681627,canva pro payment #9912,4580.93,Bills & Subscriptions
TXN792135,pharmeasy payment #1344,3160.29,Health & Fitness
TXN265096,netflix payment #6270,800.18,Entertainment
TXN396206,nature's basket payment #7260,498.19,Groceries
TXN459185,medplus payment #4878,4341.41,Health & Fitness
TXN734285,cult fit payment #4110,1040.43,Health & Fitness
TXN627577,pvr cinemas payment #1338,1355.05,Entertainment
TXN611057,youtube premium payment #8077,3822.33,Bills & Subscriptions
TXN144627,bank service charge payment #8912,3613.18,Financial Services
TXN728605,reliance fresh payment #2924,253.08,Groceries
TXN333159,dunzo payment #5622,2727.21,Groceries
TXN950140,mcdonalds payment #3379,1038.48,Food & Dining
TXN663204,fortis hospital payment #6493,546.29,Health & Fitness
TXN459567,goibibo payment #1770,1725.59,Travel & Transport
TXN790109,westside payment #4055,2026.74,Shopping
TXN133919,dominos payment #7607,2990.3,Food & Dining
TXN253868,makemytrip payment #3603,4003.67,Travel & Transport
TXN811060,sbi atm payment #8706,1168.16,Financial Services
TXN481008,bajaj finance emi payment #5466,2413.16,Financial Services
TXN657656,indigo payment #1929,2427.23,Travel & Transport
TXN183810,donation payment payment #4222,3874.25,Others
TXN962846,hotstar payment #2203,1481.91,Entertainment
TXN541685,nature's basket payment #5461,3659.51,Groceries
TXN527237,zee5 subscription payment #3167,4989.12,Entertainment
TXN102910,ajio payment #7159,1667.25,Shopping
TXN885425,jio fiber payment #3258,4882.3,Utilities
TXN117242,1mg payment #5934,3712.32,Health & Fitness
TXN106226,d mart payment #8346,2456.5,Shopping
TXN446705,shell payment #1793,2608.84,Fuel
TXN515036,icici atm payment #7491,1220.69,Financial Services
TXN146154,shell payment #7077,4154.71,Fuel
TXN778407,pantaloons payment #2437,2677.96,Shopping
TXN754148,nobroker services payment #1131,1366.61,Others
TXN715138,google one payment #4544,104.2,Bills & Subscriptions
TXN161553,reversal charge payment #3701,635.41,Financial Services
TXN241825,essar petrol payment #6977,192.62,Fuel
TXN822007,salary credit payment #3589,1348.35,Financial Services
TXN696035,ioc fuel station payment #7078,4716.65,Fuel
TXN702383,inox movies payment #2836,1194.76,Entertainment
TXN143683,parking charges payment #7429,974.03,Others
TXN145086,salary credit payment #8051,3597.21,Financial Services
TXN409619,nykaa payment #9077,1776.64,Shopping
TXN760775,housejoy payment #5478,1326.06,Others
TXN883460,reliance fresh payment #5683,267.03,Groceries
TXN336064,microsoft 365 payment #6396,3482.75,Bills & Subscriptions
TXN761254,google one payment #1266,665.56,Bills & Subscriptions
TXN464758,google one payment #7378,3605.91,Bills & Subscriptions
TXN979721,housejoy payment #5643,2670.49,Others
TXN264521,rapido payment #7654,2020.78,Travel & Transport
TXN256665,decathlon payment #7078,3981.3,Shopping
TXN430193,subway payment #1857,3101.83,Food & Dining
TXN207530,fortis hospital payment #7691,109.75,Health & Fitness
TXN131964,cult fit payment #7931,1582.5,Health & Fitness
TXN894578,netflix payment #3527,1516.85,Entertainment
TXN470482,fortis hospital payment #4223,129.38,Health & Fitness
TXN174455,wow momo payment #1445,2544.64,Food & Dining
TXN562651,jio fiber payment #2111,3420.43,Utilities
TXN543715,essar petrol payment #2477,3642.89,Fuel
TXN463710,hotstar payment #1884,1614.37,Entertainment
TXN235212,figma pro payment #7118,2881.8,Bills & Subscriptions
TXN357210,meesho payment #4427,1546.0,Shopping
TXN159364,nature's basket payment #5347,1572.57,Groceries
TXN324179,pharmeasy payment #6986,3673.02,Health & Fitness
TXN711869,behrouz biryani payment #8660,3487.26,Food & Dining
TXN700487,sbi atm payment #3017,3627.28,Financial Services
TXN517186,chayos payment #9708,3204.26,Food & Dining
TXN708946,pharmeasy payment #7629,4245.68,Health & Fitness
TXN680626,shell payment #3016,1683.98,Fuel
TXN376659,hp petrol payment #9108,4411.48,Fuel
TXN673506,donation payment payment #7487,2819.85,Others
TXN909497,hdfc atm payment #1805,3448.99,Financial Services
TXN988736,ajio payment #8835,4969.41,Shopping
TXN997097,hotstar payment #5003,2733.2,Entertainment
TXN271906,reimbursement payment #4041,546.29,Financial Services
TXN353645,salary credit payment #9009,1831.41,Financial Services
TXN823730,hp petrol payment #3353,4259.03,Fuel
TXN320550,jiomart grocery payment #3183,1102.87,Groceries
TXN295080,spencer’s retail payment #1654,1481.02,Groceries
TXN955089,apple music payment #3684,1644.69,Bills & Subscriptions
TXN370833,talwalkars gym payment #4061,1911.51,Health & Fitness
TXN752161,nykaa payment #4879,2393.32,Shopping
TXN783362,ajio payment #6540,3618.6,Shopping
TXN122744,amazon payment #3987,726.47,Shopping
TXN168428,dunzo payment #1002,1294.24,Groceries
TXN641343,medplus payment #3870,1178.37,Health & Fitness
TXN618671,indigo payment #5864,734.59,Travel & Transport
TXN256605,urbanclap payment #9606,3043.02,Others
TXN447497,bigbasket payment #8917,4008.49,Groceries
TXN823563,bsnl bill payment #5402,1674.87,Utilities
TXN564063,tneb payment payment #1943,4488.66,Utilities
TXN311539,tata play dth payment #2137,2863.55,Utilities
TXN851431,adobe creative cloud payment #1061,665.37,Bills & Subscriptions
TXN806147,pharmeasy payment #4497,4924.17,Health & Fitness
TXN755797,myntra payment #8086,3878.61,Shopping
TXN589540,myntra payment #8658,2489.18,Shopping
TXN861241,hp petrol payment #7785,4699.21,Fuel
TXN413249,youtube premium payment #7583,4776.96,Bills & Subscriptions
TXN103616,netflix payment #8257,4631.29,Entertainment
TXN496835,reliance petrol pump payment #4900,1839.46,Fuel
TXN754211,sbi atm payment #3776,3091.1,Financial Services
TXN188934,microsoft 365 payment #5713,719.6,Bills & Subscriptions
TXN863284,reimbursement payment #5874,2390.94,Financial Services
TXN119401,phonepe upi payment #5427,4494.14,Financial Services
TXN919463,donation payment payment #8753,4349.28,Others
TXN244409,tneb payment payment #7885,2168.74,Utilities
TXN970744,airtel recharge payment #8040,4217.19,Utilities
TXN840911,amazon payment #5015,4221.71,Shopping
TXN765104,medplus payment #6846,4034.01,Health & Fitness
TXN396458,pharmeasy payment #2162,4732.03,Health & Fitness
TXN777053,jiomart grocery payment #8957,1372.97,Groceries
TXN715592,more supermarket payment #4564,567.21,Groceries
TXN842462,jiomart grocery payment #9874,3755.38,Groceries
TXN727826,vistara airlines payment #5221,3958.49,Travel & Transport
TXN953402,notion subscription payment #6160,220.19,Bills & Subscriptions
TXN249865,airtel recharge payment #4400,4340.54,Utilities
TXN238189,fortis hospital payment #3089,1518.16,Health & Fitness
TXN206356,reliance petrol pump payment #7242,1323.44,Fuel
TXN714175,flipkart payment #9979,826.89,Shopping
TXN445552,google one payment #2709,3319.64,Bills & Subscriptions
TXN339052,blinkit payment #6561,2833.81,Groceries
TXN291315,uber payment #2199,70.21,Travel & Transport
TXN244148,nobroker services payment #3676,2212.84,Others
TXN837357,ioc fuel station payment #9700,2978.31,Fuel
TXN457572,makemytrip payment #3647,1535.85,Travel & Transport
TXN167333,talwalkars gym payment #9055,3745.29,Health & Fitness
TXN314989,apple music payment #3109,4549.52,Bills & Subscriptions
TXN989003,prime video payment #9956,336.15,Entertainment
TXN503093,ola payment #1810,1970.27,Travel & Transport
TXN703491,kritunga payment #5184,3504.64,Food & Dining
TXN883908,housejoy payment #8660,2034.03,Others
TXN640345,blinkit payment #6317,1987.5,Groceries
TXN302163,talwalkars gym payment #7337,3136.48,Health & Fitness
TXN997912,local technician payment #1060,1245.14,Others
TXN943039,jiomart grocery payment #7471,813.12,Groceries
TXN701809,swiggy payment #1972,4205.08,Food & Dining
TXN238840,croma payment #7566,464.19,Shopping
TXN434134,bank a/c transfer payment #6838,2122.54,Financial Services
TXN623514,zee5 subscription payment #6415,4757.86,Entertainment
TXN443700,local technician payment #6283,4737.76,Others
TXN367141,water tax payment #3820,1792.72,Utilities
TXN154843,zee5 subscription payment #1112,1409.26,Entertainment
TXN947623,talwalkars gym payment #7798,1721.01,Health & Fitness
TXN474775,apple music payment #1941,1491.29,Bills & Subscriptions
TXN440887,burger king payment #5183,1943.94,Food & Dining
TXN417232,kfc payment #5205,916.87,Food & Dining
TXN410489,ola payment #8738,3860.71,Travel & Transport
TXN311383,phonepe upi payment #4304,4018.29,Financial Services
TXN117813,notion subscription payment #7976,4565.14,Bills & Subscriptions
TXN143931,adobe creative cloud payment #8699,4190.66,Bills & Subscriptions
TXN528038,pizza hut payment #5016,148.41,Food & Dining
TXN949231,indianoil payment #5887,4415.39,Fuel
TXN774221,irctc payment #9399,4585.72,Travel & Transport
TXN866846,apollo pharmacy payment #6452,908.12,Health & Fitness
TXN334187,atm fee payment #9760,3076.74,Financial Services
TXN882979,salary credit payment #5554,3895.45,Financial Services
TXN712244,kritunga payment #1198,1382.12,Food & Dining
TXN725346,1mg payment #8792,4127.18,Health & Fitness
TXN452987,prime video payment #5468,717.9,Entertainment
TXN480191,tanishq payment #4436,1380.19,Shopping
TXN433209,pharmeasy payment #5895,2656.8,Health & Fitness
TXN888311,icici emi payment payment #7187,1062.99,Financial Services
TXN700872,pvr cinemas payment #1232,4939.89,Entertainment
TXN700873,water tax payment #4649,3219.09,Utilities
TXN712869,ksrtc bus payment #6517,143.25,Travel & Transport
TXN789817,parking charges payment #3299,2765.11,Others
TXN383393,apollo pharmacy payment #5111,884.5,Health & Fitness
TXN940361,lifestyle payment #1725,4365.97,Shopping
TXN729632,indianoil payment #9690,1801.18,Fuel
TXN591408,d mart payment #1287,2626.89,Shopping
TXN338401,ioc fuel station payment #1669,1595.29,Fuel
TXN399581,pizza hut payment #8719,3341.69,Food & Dining
TXN219200,notion subscription payment #6985,2328.37,Bills & Subscriptions
TXN873654,housejoy payment #7969,380.13,Others
TXN311253,ksrtc bus payment #3604,2637.27,Travel & Transport
TXN979859,bank service charge payment #3115,2633.81,Financial Services
TXN515688,nature's basket payment #9519,3944.2,Groceries
TXN266905,microsoft 365 payment #7885,574.8,Bills & Subscriptions
TXN550219,essar petrol payment #3757,3843.94,Fuel
TXN495044,reimbursement payment #9988,1834.94,Financial Services
TXN979381,blinkit payment #7881,870.44,Groceries
TXN203449,pvr cinemas payment #4437,4644.05,Entertainment
TXN522424,bookmyshow payment #7290,3513.98,Entertainment
TXN489577,decathlon payment #2416,1107.5,Shopping
TXN591508,chayos payment #2479,4620.45,Food & Dining
TXN500015,apple music payment #3403,1509.76,Bills & Subscriptions
TXN753113,hathway broadband payment #7788,2837.48,Utilities
TXN347009,youtube premium payment #3502,4671.14,Bills & Subscriptions
TXN785520,nykaa payment #4605,3638.42,Shopping
TXN707410,hotstar payment #9234,2279.03,Entertainment
TXN594431,phonepe upi payment #4735,4425.32,Financial Services
TXN842842,parking charges payment #1588,2887.38,Others
TXN758177,healthspring payment #9882,4128.41,Health & Fitness
TXN949262,nobroker services payment #5596,325.36,Others
TXN174030,prime video payment #5251,2925.58,Entertainment
TXN429211,parking charges payment #9133,2253.59,Others
TXN958304,jio fiber payment #2268,2987.07,Utilities
TXN585248,youtube premium payment #4442,4222.81,Bills & Subscriptions
TXN435969,google one payment #2061,1796.07,Bills & Subscriptions
TXN487547,netflix payment #5956,2811.24,Entertainment
TXN630084,notion subscription payment #4442,879.86,Bills & Subscriptions
TXN315338,goibibo payment #7734,2583.05,Travel & Transport
TXN818534,youtube premium payment #1276,4313.16,Bills & Subscriptions
TXN722516,zee5 subscription payment #4896,442.4,Entertainment
TXN762736,1mg payment #1456,943.01,Health & Fitness
TXN204614,bsnl bill payment #9959,2758.55,Utilities
TXN648399,decathlon payment #9847,3252.85,Shopping
TXN635553,nobroker services payment #2610,4244.31,Others
TXN107384,westside payment #9002,181.44,Shopping
TXN224174,fortis hospital payment #1600,3590.58,Health & Fitness
TXN604415,icici emi payment payment #4595,2951.38,Financial Services
TXN680155,decathlon payment #7350,2796.44,Shopping
TXN794947,more supermarket payment #9378,1158.32,Groceries
TXN148465,pharmeasy payment #8440,3056.99,Health & Fitness
TXN614672,essar petrol payment #7893,1615.1,Fuel
TXN643754,water tax payment #7779,2579.61,Utilities
TXN113914,hp petrol payment #8308,1724.68,Fuel
TXN903148,prime video payment #2663,1218.82,Entertainment
TXN205014,westside payment #4572,3308.09,Shopping
TXN814442,hathway broadband payment #1699,1734.3,Utilities
TXN474841,water tax payment #1536,3396.79,Utilities
TXN747880,lifestyle payment #8838,513.39,Shopping
TXN376202,more supermarket payment #5590,2607.06,Groceries
TXN663499,atm withdrawal payment #9341,1869.84,Financial Services
TXN166994,indianoil payment #6101,4860.7,Fuel
TXN889098,makemytrip payment #2677,4757.32,Travel & Transport
TXN992161,ajio payment #6287,4890.0,Shopping
TXN219360,paytm upi payment #8273,2032.95,Financial Services
TXN730970,tata play dth payment #9746,4104.72,Utilities
TXN572209,swiggy payment #8174,2934.76,Food & Dining
TXN343396,jiomart grocery payment #3328,2711.75,Groceries
TXN474509,housejoy payment #5374,4031.27,Others
TXN702412,pharmeasy payment #8750,1353.85,Health & Fitness
TXN959206,uber payment #4799,4579.15,Travel & Transport
TXN169618,fortis hospital payment #1354,4771.21,Health & Fitness
TXN603070,medplus payment #6231,4691.28,Health & Fitness
TXN224806,ioc fuel station payment #4412,2518.12,Fuel
TXN730634,water tax payment #3624,1861.95,Utilities
TXN209534,urban company payment #4826,3329.6,Others
TXN845191,notion subscription payment #4414,4810.57,Bills & Subscriptions
TXN447526,phonepe upi payment #2453,2846.43,Financial Services
TXN773744,canva pro payment #5985,4612.74,Bills & Subscriptions
TXN194864,ajio payment #5916,1171.86,Shopping
TXN757277,healthspring payment #6684,391.41,Health & Fitness
TXN935816,goibibo payment #8091,1274.82,Travel & Transport
TXN414458,apollo pharmacy payment #4396,4736.33,Health & Fitness
TXN507661,redbus payment #5171,4240.47,Travel & Transport
TXN671232,pantaloons payment #6844,655.54,Shopping
TXN380740,ksrtc bus payment #8979,457.54,Travel & Transport
TXN103080,dunzo payment #8240,2152.24,Groceries
TXN180659,airtel recharge payment #3712,4744.11,Utilities
TXN776887,google one payment #2176,2052.22,Bills & Subscriptions
TXN978472,ola payment #5912,1178.24,Travel & Transport
TXN839490,ksrtc bus payment #1959,2423.59,Travel & Transport
TXN827706,blinkit payment #4332,4095.63,Groceries
TXN720223,prime video payment #3104,1474.62,Entertainment
TXN311059,tanishq payment #4954,2055.09,Shopping
TXN885489,phonepe upi payment #6699,2152.52,Financial Services
TXN841427,reversal charge payment #7299,3643.74,Financial Services
TXN535805,flipkart payment #4090,2811.26,Shopping
TXN535670,talwalkars gym payment #7185,2325.41,Health & Fitness
TXN246328,fortis hospital payment #1024,4765.11,Health & Fitness
TXN282343,tata play dth payment #5552,4580.59,Utilities
TXN240131,phonepe upi payment #3097,3977.5,Financial Services
TXN743530,donation payment payment #5401,4895.3,Others
TXN860425,bigbasket payment #4420,408.23,Groceries
TXN611938,zee5 subscription payment #7897,2790.95,Entertainment
TXN744106,airtel recharge payment #8411,514.25,Utilities
TXN389488,behrouz biryani payment #5987,791.11,Food & Dining
TXN746742,1mg payment #1440,1408.02,Health & Fitness
TXN165711,ajio payment #6741,1264.3,Shopping
TXN555376,pvr cinemas payment #6906,4264.76,Entertainment
TXN953075,irctc payment #7175,4349.34,Travel & Transport
TXN613399,bank a/c transfer payment #5035,2770.45,Financial Services
TXN870770,croma payment #6844,1130.02,Shopping
TXN473308,nobroker services payment #6486,4473.46,Others
TXN818598,reliance fresh payment #8962,3214.83,Groceries
TXN951331,zee5 subscription payment #5304,4261.5,Entertainment
TXN326840,faasos payment #1431,3058.89,Food & Dining
TXN879040,canva pro payment #3931,62.28,Bills & Subscriptions
TXN972146,hathway broadband payment #4412,364.55,Utilities
TXN676010,indigo payment #5191,4630.53,Travel & Transport
TXN661977,talwalkars gym payment #9739,746.38,Health & Fitness
TXN891704,reliance petrol pump payment #8681,53.93,Fuel
TXN389399,hp petrol payment #6917,377.22,Fuel
TXN406614,1mg payment #8900,1900.27,Health & Fitness
TXN220016,more supermarket payment #2520,786.64,Groceries
TXN589220,vistara airlines payment #9471,2317.04,Travel & Transport
TXN821633,nature's basket payment #3195,1107.6,Groceries
TXN399279,atm withdrawal payment #6279,119.12,Financial Services
TXN545567,shell payment #8134,2502.96,Fuel
TXN943465,chayos payment #9656,1011.88,Food & Dining
TXN603760,airtel recharge payment #9780,345.88,Utilities
TXN440338,indianoil payment #2381,1594.5,Fuel
TXN604764,mcdonalds payment #8096,1288.34,Food & Dining
TXN939057,notion subscription payment #2702,895.61,Bills & Subscriptions
TXN675450,bajaj finance emi payment #2271,4002.24,Financial Services
TXN761506,hotstar payment #7641,274.42,Entertainment
TXN446731,canva pro payment #3111,2145.06,Bills & Subscriptions
TXN783354,netflix payment #9977,2062.4,Entertainment
TXN356262,phonepe upi payment #4242,4325.44,Financial Services
TXN841058,wow momo payment #3936,4713.23,Food & Dining
TXN293657,indianoil payment #1864,2051.01,Fuel
TXN552709,indianoil payment #9228,965.85,Fuel
TXN808082,hathway broadband payment #1309,4554.27,Utilities
TXN200493,tneb payment payment #2565,882.59,Utilities
TXN603735,irctc payment #7698,185.18,Travel & Transport
TXN435291,bank a/c transfer payment #5195,1609.43,Financial Services
TXN545031,reliance fresh payment #7583,144.51,Groceries
TXN247481,hp petrol payment #9508,4251.58,Fuel
TXN139172,myntra payment #5552,4271.76,Shopping
TXN293136,sbi atm payment #3137,1198.93,Financial Services
TXN246630,urban company payment #7189,283.6,Others
TXN991642,urbanclap payment #1759,523.25,Others
TXN660133,dominos payment #5194,3802.92,Food & Dining
TXN301791,airindia payment #2655,1156.95,Travel & Transport
TXN642138,essar petrol payment #3974,912.83,Fuel
TXN355073,1mg payment #3593,3993.21,Health & Fitness
TXN812271,blinkit payment #7745,1710.9,Groceries
TXN294689,rapido payment #5985,674.89,Travel & Transport
TXN739014,notion subscription payment #5881,1527.09,Bills & Subscriptions
TXN376518,zee5 subscription payment #3838,3975.6,Entertainment
TXN282313,spencer’s retail payment #5384,2175.52,Groceries
TXN558506,reversal charge payment #5055,4756.24,Financial Services
TXN390170,prime video payment #4973,3144.26,Entertainment
TXN285961,local technician payment #6906,2773.23,Others
TXN524427,jiomart grocery payment #6836,4160.37,Groceries
TXN523922,behrouz biryani payment #7285,3457.37,Food & Dining
TXN380505,hathway broadband payment #2086,2835.47,Utilities
TXN925789,zee5 subscription payment #7057,4804.18,Entertainment
TXN749685,ioc fuel station payment #1992,3215.93,Fuel
TXN595695,fortis hospital payment #5367,1535.72,Health & Fitness
TXN266989,jio fiber payment #7076,1283.61,Utilities
TXN901829,makemytrip payment #5436,3898.4,Travel & Transport
TXN454485,fortis hospital payment #4822,3612.41,Health & Fitness
TXN233464,reliance petrol pump payment #7680,2923.77,Fuel
TXN884269,parking charges payment #6555,2904.1,Others
TXN617843,hp petrol payment #7361,1483.7,Fuel
TXN597885,reliance fresh payment #6550,1524.16,Groceries
TXN306061,starbucks payment #7854,3222.72,Food & Dining
TXN384639,local technician payment #6308,4659.54,Others
TXN444481,essar petrol payment #9987,1468.77,Fuel
TXN533018,notion subscription payment #1428,1269.44,Bills & Subscriptions
TXN410415,ccd cafe payment #3410,3667.11,Food & Dining
TXN745829,jiomart grocery payment #4872,2971.68,Groceries
TXN335513,dunzo payment #6807,2105.64,Groceries
TXN919579,local technician payment #7449,462.35,Others
TXN130646,adobe creative cloud payment #2448,3488.46,Bills & Subscriptions
TXN597008,indianoil payment #4411,2510.66,Fuel
TXN912662,croma payment #3720,341.71,Shopping
TXN954084,bank a/c transfer payment #7940,1405.65,Financial Services
TXN505376,netflix payment #3292,2801.86,Entertainment
TXN228435,vistara airlines payment #3159,1079.63,Travel & Transport
TXN921032,redbus payment #5879,3929.58,Travel & Transport
TXN979051,zee5 subscription payment #5554,960.52,Entertainment
TXN507477,pantaloons payment #3694,2911.86,Shopping
TXN955580,rapido payment #4360,3765.73,Travel & Transport
TXN884388,reliance petrol pump payment #3272,588.98,Fuel
TXN960523,blinkit payment #7478,106.17,Groceries
TXN800207,blinkit payment #2309,2552.85,Groceries
TXN853512,starbucks payment #7279,3228.05,Food & Dining
TXN573429,vistara airlines payment #7717,2327.81,Travel & Transport
TXN329062,urbanclap payment #4673,2087.88,Others
TXN209973,jio fiber payment #1538,3020.41,Utilities
TXN219106,1mg payment #1451,890.55,Health & Fitness
TXN866909,medplus payment #5458,2860.05,Health & Fitness
TXN304144,bigbasket payment #2332,3819.02,Groceries
TXN325909,hp petrol payment #5454,1397.27,Fuel
TXN818957,zee5 subscription payment #4360,4174.49,Entertainment
TXN147805,goibibo payment #5611,3983.1,Travel & Transport
TXN174615,blinkit payment #2017,488.62,Groceries
TXN177503,talwalkars gym payment #1617,3022.45,Health & Fitness
TXN110928,goibibo payment #7561,501.15,Travel & Transport
TXN909143,vistara airlines payment #2360,3289.54,Travel & Transport
TXN140530,neft transfer payment #3646,4249.68,Financial Services
TXN994661,tanishq payment #7835,2831.02,Shopping
TXN134582,1mg payment #9917,2050.78,Health & Fitness
TXN227919,swiggy payment #3365,1269.92,Food & Dining
TXN417051,bharatpetrol payment #6392,2534.62,Fuel
TXN319707,microsoft 365 payment #1981,4446.37,Bills & Subscriptions
TXN829136,jio fiber payment #2005,419.7,Utilities
TXN315386,hotstar payment #2633,2454.03,Entertainment
TXN925443,notion subscription payment #6307,340.87,Bills & Subscriptions
TXN929125,hotstar payment #2415,4283.3,Entertainment
TXN920710,hotstar payment #3215,1056.23,Entertainment
TXN241933,faasos payment #1265,4634.8,Food & Dining
TXN269420,makemytrip payment #1070,3361.58,Travel & Transport
TXN238957,google one payment #2953,1482.17,Bills & Subscriptions
TXN432517,figma pro payment #5900,4262.87,Bills & Subscriptions
TXN910137,nykaa payment #2230,4672.74,Shopping
TXN990380,more supermarket payment #8805,4850.28,Groceries
TXN549527,canva pro payment #5826,2479.75,Bills & Subscriptions
TXN139331,reliance petrol pump payment #2305,405.15,Fuel
TXN789565,nobroker services payment #2821,1543.24,Others
TXN277544,1mg payment #5690,3923.16,Health & Fitness
TXN397752,essar petrol payment #6707,801.17,Fuel
TXN451813,rtgs transfer payment #2350,3564.43,Financial Services
TXN794041,bharatpetrol payment #8099,304.43,Fuel
TXN365573,croma payment #9976,378.83,Shopping
TXN284025,hathway broadband payment #6294,877.74,Utilities
TXN102114,nobroker services payment #2229,3710.99,Others
TXN855670,lifestyle payment #8971,1848.26,Shopping
TXN645884,pizza hut payment #5520,2939.56,Food & Dining
TXN631296,canva pro payment #5625,2158.3,Bills & Subscriptions
TXN487180,more supermarket payment #1501,4906.75,Groceries
TXN795633,behrouz biryani payment #6699,2191.8,Food & Dining
TXN410634,medplus payment #9271,1859.82,Health & Fitness
TXN577820,myntra payment #2415,2268.86,Shopping
TXN524771,croma payment #6924,2050.83,Shopping
TXN599553,airtel recharge payment #1130,1332.0,Utilities
TXN785673,sbi card payment payment #5817,262.03,Financial Services
TXN958166,ola payment #1083,4202.22,Travel & Transport
TXN142493,fortis hospital payment #5270,4312.67,Health & Fitness
TXN105398,figma pro payment #2681,3901.25,Bills & Subscriptions
TXN529054,reimbursement payment #7747,4903.3,Financial Services
TXN609462,youtube premium payment #2643,3377.96,Bills & Subscriptions
TXN527445,tanishq payment #8728,746.56,Shopping
TXN227627,ajio payment #2823,2532.44,Shopping
TXN679038,tneb payment payment #3340,743.03,Utilities
TXN397699,myntra payment #3539,916.2,Shopping
TXN263100,atm fee payment #6353,1424.7,Financial Services
TXN133501,adobe creative cloud payment #5868,1821.68,Bills & Subscriptions
TXN574345,amazonpay upi payment #5390,506.73,Financial Services
TXN838754,dunzo payment #2667,1179.46,Groceries
TXN966168,chai point payment #1486,1767.79,Food & Dining
TXN252692,jio fiber payment #8258,1627.49,Utilities
TXN965748,westside payment #3150,3233.49,Shopping
TXN613146,hdfc loan emi payment #6888,1481.88,Financial Services
TXN649653,youtube premium payment #8608,3014.04,Bills & Subscriptions
TXN118028,indianoil payment #9854,681.75,Fuel
TXN752276,zomato payment #2676,4480.03,Food & Dining
TXN743054,rapido payment #2264,1250.79,Travel & Transport
TXN897914,tneb payment payment #9364,3943.88,Utilities
TXN938721,barbeque nation payment #7717,1475.16,Food & Dining
TXN677348,pvr cinemas payment #3111,3677.18,Entertainment
TXN806881,googlepay upi payment #9354,470.76,Financial Services
TXN892732,adobe creative cloud payment #4637,161.74,Bills & Subscriptions
TXN806413,water tax payment #1408,4907.63,Utilities
TXN800065,shell payment #2890,2813.64,Fuel
TXN362753,flipkart payment #8284,1148.5,Shopping
TXN434429,ioc fuel station payment #1225,3616.46,Fuel
TXN922343,hathway broadband payment #9077,4791.22,Utilities
TXN671192,act fibernet payment #1341,3504.47,Utilities
TXN974633,irctc payment #1010,2900.77,Travel & Transport
TXN822962,fortis hospital payment #1800,2853.87,Health & Fitness
TXN737258,rapido payment #9516,4474.62,Travel & Transport
TXN863245,notion subscription payment #2092,123.12,Bills & Subscriptions
TXN352279,icici atm payment #8531,1691.22,Financial Services
TXN565622,shell payment #7082,3792.92,Fuel
TXN565734,rtgs transfer payment #3357,2025.41,Financial Services
TXN796130,1mg payment #7852,4635.9,Health & Fitness
TXN246814,google one payment #1959,1529.26,Bills & Subscriptions
TXN393971,jio fiber payment #9389,3193.34,Utilities
TXN771243,shell payment #3633,3628.29,Fuel
TXN582168,spencer’s retail payment #5936,1514.02,Groceries
TXN657322,spotify payment #1149,1649.39,Entertainment
TXN362702,ksrtc bus payment #3307,961.72,Travel & Transport
TXN904040,ajio payment #1078,1542.33,Shopping
TXN422766,amazonpay upi payment #3064,446.08,Financial Services
TXN729515,behrouz biryani payment #7526,1742.94,Food & Dining
TXN580809,behrouz biryani payment #6166,2696.16,Food & Dining
TXN282575,vistara airlines payment #7294,4644.42,Travel & Transport
TXN272535,zee5 subscription payment #5547,123.98,Entertainment
TXN332388,water tax payment #4488,354.1,Utilities
TXN808477,urban company payment #6536,3121.88,Others
TXN989531,blinkit payment #4641,1826.24,Groceries
TXN650880,behrouz biryani payment #3282,3218.18,Food & Dining
TXN968367,medplus payment #1331,278.15,Health & Fitness
TXN823683,decathlon payment #4011,2203.66,Shopping
TXN608950,dunzo payment #2625,2240.98,Groceries
TXN127727,irctc payment #3146,3021.18,Travel & Transport
TXN906458,ola payment #9873,2065.99,Travel & Transport
TXN719016,flipkart payment #4944,1827.95,Shopping
TXN597904,croma payment #4439,1943.13,Shopping
TXN959210,icici atm payment #3067,1145.39,Financial Services
TXN979756,airtel recharge payment #2984,4857.32,Utilities
TXN416743,reliance petrol pump payment #1739,826.61,Fuel
TXN147273,canva pro payment #3477,87.57,Bills & Subscriptions
TXN211403,1mg payment #1798,3373.55,Health & Fitness
TXN491823,more supermarket payment #4467,3232.79,Groceries
TXN188869,more supermarket payment #8982,2472.57,Groceries
TXN292735,bigbasket payment #1355,60.21,Groceries
TXN253327,nature's basket payment #7173,2179.92,Groceries
TXN834017,d mart payment #5600,1914.04,Shopping
TXN471088,hotstar payment #7036,2594.91,Entertainment
TXN707510,blinkit payment #8364,62.16,Groceries
TXN932487,reliance fresh payment #5680,1173.18,Groceries
TXN186868,jio fiber payment #4839,726.75,Utilities
TXN905704,talwalkars gym payment #9756,2354.09,Health & Fitness
TXN562518,faasos payment #5745,1690.91,Food & Dining
TXN744810,airindia payment #2937,2247.49,Travel & Transport
TXN184179,rapido payment #2710,1019.27,Travel & Transport
TXN541157,nobroker services payment #8010,4871.47,Others
TXN790836,healthspring payment #3896,339.15,Health & Fitness
TXN921825,zee5 subscription payment #1434,381.14,Entertainment
TXN599950,reliance fresh payment #6261,2791.18,Groceries
TXN935876,youtube premium payment #2215,2063.56,Bills & Subscriptions
TXN172611,bigbasket payment #5028,821.6,Groceries
TXN812772,urbanclap payment #9963,1984.42,Others
TXN763340,netflix payment #8828,1962.59,Entertainment
TXN258511,medplus payment #3219,1709.73,Health & Fitness
TXN473015,essar petrol payment #9833,2457.16,Fuel
TXN496939,reliance fresh payment #3261,404.48,Groceries
TXN485492,local technician payment #9398,3616.29,Others
TXN187164,medplus payment #2372,4562.49,Health & Fitness
TXN122621,irctc payment #4154,3051.06,Travel & Transport
TXN575587,imps transfer payment #5011,4697.85,Financial Services
TXN692025,jio fiber payment #9812,2870.5,Utilities
TXN317243,ajio payment #2198,3530.04,Shopping
TXN992817,meesho payment #9228,2214.9,Shopping
TXN602003,fortis hospital payment #3077,3082.4,Health & Fitness
TXN940378,microsoft 365 payment #4304,561.24,Bills & Subscriptions
TXN457383,nobroker services payment #2172,2093.04,Others
TXN203139,reliance petrol pump payment #2544,740.33,Fuel
TXN942875,ksrtc bus payment #7354,4360.45,Travel & Transport
TXN407061,tneb payment payment #7437,3516.63,Utilities
TXN486715,croma payment #4609,2253.33,Shopping
TXN431268,kfc payment #5581,2464.87,Food & Dining
TXN612763,jio fiber payment #5078,4813.07,Utilities
TXN743401,tata play dth payment #7322,1604.38,Utilities
TXN636146,zee5 subscription payment #8230,1337.88,Entertainment
TXN392219,vistara airlines payment #3698,2158.01,Travel & Transport
TXN122733,blinkit payment #2971,3555.38,Groceries
TXN106095,redbus payment #6159,3146.1,Travel & Transport
TXN442874,cult fit payment #7861,4854.94,Health & Fitness
TXN958179,healthspring payment #3342,4300.8,Health & Fitness
TXN887159,urbanclap payment #3070,4338.52,Others
TXN726290,zee5 subscription payment #3938,3569.26,Entertainment
TXN743709,essar petrol payment #1356,1631.9,Fuel
TXN245209,bookmyshow payment #5412,1324.13,Entertainment
TXN558318,kfc payment #5934,2898.86,Food & Dining
TXN254501,housejoy payment #4048,4510.12,Others
TXN676825,bharatpetrol payment #8560,4470.25,Fuel
TXN461642,donation payment payment #5700,3510.2,Others
TXN491727,prime video payment #3243,4296.95,Entertainment
TXN581249,chayos payment #1850,1491.97,Food & Dining
TXN240461,paytm upi payment #9678,1189.38,Financial Services
TXN911777,faasos payment #3359,2291.28,Food & Dining
TXN827098,hp petrol payment #3556,2251.3,Fuel
TXN432038,reversal charge payment #5419,3508.65,Financial Services
TXN112321,ccd cafe payment #8295,2466.78,Food & Dining
TXN803492,medplus payment #4599,2064.63,Health & Fitness
TXN547048,westside payment #9523,4898.68,Shopping
TXN932333,indianoil payment #3266,608.48,Fuel
TXN855018,amazon payment #1802,4117.44,Shopping
TXN232645,local technician payment #5397,1496.28,Others
TXN313427,pharmeasy payment #9898,3877.51,Health & Fitness
TXN808517,ioc fuel station payment #8395,1101.96,Fuel
TXN274467,spencer’s retail payment #9347,163.56,Groceries
TXN831184,notion subscription payment #2405,2518.89,Bills & Subscriptions
TXN771209,shell payment #6497,93.2,Fuel
TXN555989,housejoy payment #5686,3052.62,Others
TXN539674,reliance fresh payment #7069,168.93,Groceries
TXN219248,vistara airlines payment #1851,3590.2,Travel & Transport
TXN900690,hp petrol payment #7055,1344.68,Fuel
TXN181207,kritunga payment #1014,1902.29,Food & Dining
TXN598276,behrouz biryani payment #2797,1494.28,Food & Dining
TXN327265,airtel recharge payment #1799,2727.42,Utilities
TXN164226,youtube premium payment #2116,1464.91,Bills & Subscriptions
TXN465503,uber payment #2046,1396.1,Travel & Transport
TXN179532,fortis hospital payment #6569,4473.44,Health & Fitness
TXN647818,urban company payment #4128,4176.51,Others
TXN777093,donation payment payment #9438,559.99,Others
TXN469375,shell payment #6238,1585.96,Fuel
TXN208117,youtube premium payment #1196,1025.57,Bills & Subscriptions
TXN215332,healthspring payment #8329,1938.09,Health & Fitness
TXN195641,prime video payment #1591,2767.13,Entertainment
TXN928699,bigbasket payment #8579,816.1,Groceries
TXN827622,urbanclap payment #9636,2053.75,Others
TXN557107,adobe creative cloud payment #2684,2444.48,Bills & Subscriptions
TXN544903,dominos payment #7377,1860.78,Food & Dining
TXN966754,notion subscription payment #8700,608.47,Bills & Subscriptions
TXN311775,talwalkars gym payment #9541,1813.43,Health & Fitness
TXN599636,urban company payment #2075,841.17,Others
TXN662361,sbi atm payment #6453,4330.95,Financial Services
TXN774888,bharatpetrol payment #6841,988.48,Fuel
TXN443040,google one payment #7913,2960.91,Bills & Subscriptions
TXN482463,spotify payment #5045,2749.89,Entertainment
TXN271016,hp petrol payment #9342,2913.59,Fuel
TXN198843,irctc payment #3326,1970.09,Travel & Transport
TXN169767,prime video payment #1709,1709.0,Entertainment
TXN545982,housejoy payment #5385,2720.16,Others
TXN104509,talwalkars gym payment #4408,3043.52,Health & Fitness
TXN457535,indianoil payment #9444,800.54,Fuel
TXN287453,hp petrol payment #8569,4509.7,Fuel
TXN367435,zee5 subscription payment #4636,2178.49,Entertainment
TXN272602,bsnl bill payment #2003,3207.96,Utilities
TXN414388,tneb payment payment #7072,4380.2,Utilities
TXN942836,1mg payment #1072,4842.99,Health & Fitness
TXN661167,figma pro payment #1125,4100.01,Bills & Subscriptions
TXN769944,jiomart grocery payment #1130,669.06,Groceries
TXN607280,bookmyshow payment #3734,2800.07,Entertainment
TXN226741,prime video payment #2899,2306.61,Entertainment
TXN826971,microsoft 365 payment #3101,744.03,Bills & Subscriptions
TXN109038,zee5 subscription payment #2007,1032.18,Entertainment
TXN967466,hotstar payment #1787,774.81,Entertainment
TXN302859,pantaloons payment #3307,4294.87,Shopping
TXN810735,ksrtc bus payment #4548,1486.82,Travel & Transport
TXN989995,hdfc atm payment #8920,3707.35,Financial Services
TXN894182,nobroker services payment #2539,4928.01,Others
TXN213598,spencer’s retail payment #8778,4676.64,Groceries
TXN466862,healthspring payment #8118,3563.39,Health & Fitness
TXN410373,fortis hospital payment #7663,3859.84,Health & Fitness
TXN649469,salary credit payment #7187,3066.53,Financial Services
TXN116858,hp petrol payment #5358,1473.48,Fuel
TXN269320,salary credit payment #3495,3581.33,Financial Services
TXN815286,irctc payment #7223,4932.75,Travel & Transport
TXN828296,jio fiber payment #4281,3912.64,Utilities
TXN897168,myntra payment #2244,4197.05,Shopping
TXN580934,airindia payment #1217,4921.17,Travel & Transport
TXN804393,hdfc atm payment #8835,3481.73,Financial Services
TXN450827,shell payment #2868,297.84,Fuel
TXN138946,hotstar payment #6386,458.95,Entertainment
TXN539415,swiggy payment #3480,392.75,Food & Dining
TXN520820,imps transfer payment #3204,2544.4,Financial Services
TXN452598,jio fiber payment #8679,3363.65,Utilities
TXN331375,jiomart grocery payment #4330,4324.41,Groceries
TXN475554,act fibernet payment #4391,2562.62,Utilities
TXN397468,hotstar payment #2766,3020.61,Entertainment
TXN957947,spencer’s retail payment #2495,2386.37,Groceries
TXN533237,redbus payment #9279,1250.21,Travel & Transport
TXN951771,nobroker services payment #4933,4272.67,Others
TXN618893,amazon payment #2501,4389.15,Shopping
TXN253357,lifestyle payment #6977,2067.96,Shopping
TXN449251,apple music payment #9826,1586.37,Bills & Subscriptions
TXN802347,vistara airlines payment #9160,4513.13,Travel & Transport
TXN822684,meesho payment #1563,62.94,Shopping
TXN510122,donation payment payment #9947,749.19,Others
TXN928281,urbanclap payment #7176,477.49,Others
TXN686655,sbi atm payment #1394,475.78,Financial Services
TXN619577,act fibernet payment #3346,1081.93,Utilities
TXN865075,ccd cafe payment #4324,4774.07,Food & Dining
TXN345861,reimbursement payment #4246,3495.57,Financial Services
TXN499915,tata play dth payment #4556,4232.83,Utilities
TXN161040,more supermarket payment #2464,4068.53,Groceries
TXN960624,neft transfer payment #9623,2967.2,Financial Services
TXN646351,more supermarket payment #8264,376.53,Groceries
TXN995072,zomato payment #6074,4057.23,Food & Dining
TXN452240,youtube premium payment #4778,908.78,Bills & Subscriptions
TXN755352,ola payment #3944,1708.76,Travel & Transport
TXN151767,urbanclap payment #4770,3127.11,Others
TXN545327,airindia payment #7834,3185.12,Travel & Transport
TXN278670,chai point payment #7453,3863.06,Food & Dining
TXN247147,youtube premium payment #2349,2583.63,Bills & Subscriptions
TXN170023,lifestyle payment #9518,3194.19,Shopping
TXN906463,act fibernet payment #5201,3910.06,Utilities
TXN177227,netflix payment #4609,4365.48,Entertainment
TXN322393,swiggy payment #9986,4898.42,Food & Dining
TXN742643,parking charges payment #1137,3721.33,Others
TXN748789,talwalkars gym payment #8337,4652.85,Health & Fitness
TXN684790,microsoft 365 payment #2550,4894.72,Bills & Subscriptions
TXN799679,dunzo payment #3292,3747.63,Groceries
TXN869074,medplus payment #7687,2398.14,Health & Fitness
TXN525235,airtel recharge payment #2701,3799.47,Utilities
TXN633816,zee5 subscription payment #2610,2420.73,Entertainment
TXN790174,prime video payment #3052,2020.74,Entertainment
TXN553448,adobe creative cloud payment #4869,2075.38,Bills & Subscriptions
TXN913628,canva pro payment #7496,171.65,Bills & Subscriptions
TXN280247,urban company payment #7578,2326.46,Others
TXN556110,reliance fresh payment #8082,961.17,Groceries
TXN569286,netflix payment #4190,2870.89,Entertainment
TXN956710,nobroker services payment #7474,473.85,Others
TXN738788,tneb payment payment #9810,976.94,Utilities
TXN947693,icici emi payment payment #4962,1492.6,Financial Services
TXN752724,bsnl bill payment #6593,721.12,Utilities
TXN438392,prime video payment #8107,2351.02,Entertainment
TXN675715,jiomart grocery payment #1408,1931.9,Groceries
TXN125833,reliance petrol pump payment #9719,1878.32,Fuel
TXN230860,airtel recharge payment #5766,4625.17,Utilities
TXN445675,hotstar payment #7349,4465.11,Entertainment
TXN718902,bookmyshow payment #3278,2879.7,Entertainment
TXN660341,tata play dth payment #2520,1787.05,Utilities
TXN982390,figma pro payment #2870,447.38,Bills & Subscriptions
TXN783134,goibibo payment #1918,2171.23,Travel & Transport
TXN374611,airtel recharge payment #4008,71.6,Utilities
TXN648251,vistara airlines payment #3964,3534.83,Travel & Transport
TXN152208,prime video payment #8586,1780.42,Entertainment
TXN718293,urban company payment #3314,3230.67,Others
TXN456406,indianoil payment #3456,661.28,Fuel
TXN510438,urbanclap payment #9309,365.85,Others
TXN699387,urbanclap payment #3800,2492.37,Others
TXN256484,icici atm payment #6646,3324.76,Financial Services
TXN527896,myntra payment #4097,1173.96,Shopping
TXN503116,more supermarket payment #1256,4113.16,Groceries
TXN769975,amazon payment #9167,117.52,Shopping
TXN923652,indianoil payment #5287,4705.08,Fuel
TXN245639,croma payment #7938,3273.48,Shopping
TXN592383,vistara airlines payment #4919,2283.6,Travel & Transport
TXN618854,housejoy payment #6351,4971.0,Others
TXN527826,barbeque nation payment #7020,1560.12,Food & Dining
TXN152113,parking charges payment #5189,4546.17,Others
TXN777318,talwalkars gym payment #6929,3955.48,Health & Fitness
TXN366742,indigo payment #4585,4701.73,Travel & Transport
TXN675639,bsnl bill payment #8030,1439.4,Utilities
TXN308275,notion subscription payment #9423,1801.98,Bills & Subscriptions
TXN307931,donation payment payment #9301,4369.28,Others
TXN793476,goibibo payment #4746,3719.98,Travel & Transport
TXN972546,tata play dth payment #7823,3168.41,Utilities
TXN970182,bookmyshow payment #7416,2199.17,Entertainment
TXN130721,goibibo payment #3527,1600.29,Travel & Transport
TXN650004,parking charges payment #6978,2330.58,Others
TXN355541,netflix payment #5763,4625.34,Entertainment
TXN908927,westside payment #7693,4424.92,Shopping
TXN415376,more supermarket payment #5125,3301.59,Groceries
TXN726065,ioc fuel station payment #8055,4878.21,Fuel
TXN434629,airtel recharge payment #6006,1812.35,Utilities
TXN724826,hdfc atm payment #1522,4972.9,Financial Services
TXN273208,tanishq payment #8593,1382.24,Shopping
TXN280580,neft transfer payment #5593,2316.53,Financial Services
TXN568542,more supermarket payment #8658,2857.37,Groceries
TXN985560,essar petrol payment #3324,2475.61,Fuel
TXN799352,nature's basket payment #6658,1384.72,Groceries
TXN166517,donation payment payment #1468,73.7,Others
TXN215279,cult fit payment #6753,1708.66,Health & Fitness
TXN414465,airtel recharge payment #1079,3399.09,Utilities
TXN426790,airtel recharge payment #2543,3306.77,Utilities
TXN246034,bharatpetrol payment #2060,1173.53,Fuel
TXN964408,pvr cinemas payment #4809,3870.3,Entertainment
TXN297227,ioc fuel station payment #6416,2482.78,Fuel
TXN788726,dominos payment #4915,602.79,Food & Dining
TXN520589,airtel recharge payment #3733,1410.12,Utilities
TXN256224,tneb payment payment #5328,4430.35,Utilities
TXN292076,notion subscription payment #7230,4210.44,Bills & Subscriptions
TXN649005,housejoy payment #1837,599.5,Others
TXN680918,water tax payment #4152,1156.05,Utilities
TXN184145,housejoy payment #6606,1775.38,Others
TXN936959,ksrtc bus payment #1671,3795.16,Travel & Transport
TXN198321,dunzo payment #6311,2943.77,Groceries
TXN460731,subway payment #5987,3344.53,Food & Dining
TXN822089,hathway broadband payment #4603,3791.2,Utilities
TXN242304,netflix payment #7846,4622.84,Entertainment
TXN535927,spotify payment #2763,2741.89,Entertainment
TXN503986,bookmyshow payment #5098,1274.88,Entertainment
TXN970795,kfc payment #6201,4236.99,Food & Dining
TXN898019,inox movies payment #3732,4818.45,Entertainment
TXN889847,pharmeasy payment #3847,4420.7,Health & Fitness
TXN224285,apollo pharmacy payment #9613,2592.79,Health & Fitness
TXN717774,figma pro payment #1231,1991.66,Bills & Subscriptions
TXN187908,bigbasket payment #4834,2148.29,Groceries
TXN748509,spencer’s retail payment #4848,1240.47,Groceries
TXN880907,nature's basket payment #8140,4751.61,Groceries
TXN846876,netflix payment #1532,1588.29,Entertainment
TXN810074,tneb payment payment #3048,4592.54,Utilities
TXN281658,talwalkars gym payment #2637,1176.44,Health & Fitness
TXN683064,bharatpetrol payment #9700,3919.14,Fuel
TXN991508,youtube premium payment #6638,1577.45,Bills & Subscriptions
TXN252305,faasos payment #1936,3268.55,Food & Dining
TXN148442,jio fiber payment #7000,2033.65,Utilities
TXN212267,urban company payment #4891,2787.24,Others
TXN904371,bharatpetrol payment #6927,705.95,Fuel
TXN735833,water tax payment #4027,1924.05,Utilities
TXN407027,dunzo payment #6426,595.49,Groceries
TXN303510,bigbasket payment #5239,3755.01,Groceries
TXN778320,chayos payment #4327,4261.66,Food & Dining
TXN335954,airindia payment #7103,2207.6,Travel & Transport
TXN796749,swiggy payment #3568,3444.1,Food & Dining
TXN436271,jiomart grocery payment #2756,2444.04,Groceries
TXN805845,hdfc loan emi payment #2879,778.03,Financial Services
TXN948190,spotify payment #6566,1979.64,Entertainment
TXN633970,pizza hut payment #3649,1107.47,Food & Dining
TXN879762,burger king payment #2366,749.21,Food & Dining
TXN264344,bank service charge payment #3549,2471.4,Financial Services
TXN925068,paradise biryani payment #2237,1268.62,Food & Dining
TXN556287,water tax payment #8544,1128.26,Utilities
TXN243559,hotstar payment #6881,3875.74,Entertainment
TXN774726,jiomart grocery payment #8242,2462.25,Groceries
TXN491286,rapido payment #2326,4259.69,Travel & Transport
TXN153601,indianoil payment #6206,1308.76,Fuel
TXN878464,googlepay upi payment #7181,79.1,Financial Services
TXN323395,adobe creative cloud payment #1560,2824.28,Bills & Subscriptions
TXN278363,ksrtc bus payment #1905,1763.79,Travel & Transport
TXN898210,nature's basket payment #8415,2539.84,Groceries
TXN385423,apollo pharmacy payment #1778,1226.81,Health & Fitness
TXN386410,salary credit payment #4370,3915.31,Financial Services
TXN755814,talwalkars gym payment #5875,3413.13,Health & Fitness
TXN351756,paradise biryani payment #3395,3569.37,Food & Dining
TXN970427,1mg payment #4990,271.03,Health & Fitness
TXN150822,apple music payment #2174,2259.72,Bills & Subscriptions
TXN493527,bsnl bill payment #5600,1256.24,Utilities
TXN256130,bank a/c transfer payment #3616,2750.19,Financial Services
TXN277271,bank a/c transfer payment #9960,1213.36,Financial Services
TXN818422,jio fiber payment #4227,910.37,Utilities
TXN333060,ccd cafe payment #7735,2638.71,Food & Dining
TXN780014,apollo pharmacy payment #2408,1225.92,Health & Fitness
TXN588486,bookmyshow payment #1206,3704.48,Entertainment
TXN605563,microsoft 365 payment #8019,3257.68,Bills & Subscriptions
TXN235687,amazon payment #6793,261.57,Shopping
TXN918459,barbeque nation payment #2633,3508.81,Food & Dining
TXN219684,bajaj finance emi payment #8483,4570.96,Financial Services
TXN932859,medplus payment #6983,1381.52,Health & Fitness
TXN209261,reimbursement payment #6253,3372.89,Financial Services
TXN489351,ajio payment #9668,2320.95,Shopping
TXN752440,dominos payment #2318,4416.65,Food & Dining
TXN481019,ksrtc bus payment #5252,1554.46,Travel & Transport
TXN460832,talwalkars gym payment #7478,751.75,Health & Fitness
TXN575549,tata play dth payment #4048,4122.38,Utilities
TXN567819,talwalkars gym payment #8195,437.32,Health & Fitness
TXN624787,parking charges payment #9208,625.83,Others
TXN713054,cult fit payment #4940,4239.96,Health & Fitness
TXN902068,tata play dth payment #7581,577.43,Utilities
TXN490337,talwalkars gym payment #1413,2742.32,Health & Fitness
TXN305098,water tax payment #2612,1076.99,Utilities
TXN273930,figma pro payment #1762,3749.83,Bills & Subscriptions
TXN799627,ajio payment #5729,3452.58,Shopping
TXN499783,1mg payment #7405,1544.53,Health & Fitness
TXN100889,nykaa payment #4578,2150.1,Shopping
TXN536308,ksrtc bus payment #8488,596.73,Travel & Transport
TXN492789,faasos payment #2675,911.87,Food & Dining
TXN730157,meesho payment #2846,2581.23,Shopping
TXN374655,fortis hospital payment #7810,1075.68,Health & Fitness
TXN428407,netflix payment #7361,4216.51,Entertainment
TXN122908,fortis hospital payment #8914,2986.12,Health & Fitness
TXN103135,shell payment #4790,2778.47,Fuel
TXN816084,amazonpay upi payment #8969,2729.35,Financial Services
TXN823617,more supermarket payment #4719,2037.74,Groceries
TXN883097,wow momo payment #3967,2904.43,Food & Dining
TXN793444,westside payment #2861,4776.99,Shopping
TXN501921,urban company payment #1944,2438.64,Others
TXN377057,jio fiber payment #1715,1436.79,Utilities
TXN707135,icici atm payment #3378,3726.99,Financial Services
TXN234513,mcdonalds payment #3790,2738.92,Food & Dining
TXN643785,apple music payment #3032,1439.79,Bills & Subscriptions
TXN568031,indianoil payment #2871,483.15,Fuel
TXN450922,spencer’s retail payment #8871,3277.42,Groceries
TXN788042,nobroker services payment #9530,2652.81,Others
TXN709888,vistara airlines payment #5667,2411.47,Travel & Transport
TXN431060,jiomart grocery payment #1931,3140.2,Groceries
TXN215740,myntra payment #3035,576.96,Shopping
TXN537789,goibibo payment #6500,4275.65,Travel & Transport
TXN795111,bsnl bill payment #9757,2786.82,Utilities
TXN321521,zomato payment #9069,2191.71,Food & Dining
TXN526122,parking charges payment #6134,3439.32,Others
TXN969364,indianoil payment #4278,4966.11,Fuel
TXN973257,starbucks payment #7005,3002.07,Food & Dining
TXN208376,water tax payment #7789,4098.98,Utilities
TXN611708,pharmeasy payment #4570,3063.57,Health & Fitness
TXN651085,google one payment #4461,488.97,Bills & Subscriptions
TXN831590,bigbasket payment #3731,1990.22,Groceries
TXN623859,bank a/c transfer payment #1212,3829.87,Financial Services
TXN297682,burger king payment #6702,4955.99,Food & Dining
TXN332577,donation payment payment #7373,900.12,Others
TXN180616,shell payment #4966,4608.57,Fuel
TXN890954,inox movies payment #1600,1375.42,Entertainment
TXN354460,atm withdrawal payment #1922,3461.77,Financial Services
TXN489620,spotify payment #5847,3026.81,Entertainment
TXN828597,canva pro payment #6599,2542.43,Bills & Subscriptions
TXN895349,medplus payment #9981,3416.41,Health & Fitness
TXN868100,kfc payment #5562,2435.05,Food & Dining
TXN437805,reliance petrol pump payment #3383,3178.98,Fuel
TXN173127,bsnl bill payment #5461,2217.83,Utilities
TXN759921,reliance fresh payment #2093,1647.22,Groceries
TXN211457,makemytrip payment #3940,4344.85,Travel & Transport
TXN227416,pantaloons payment #1611,979.95,Shopping
TXN475398,notion subscription payment #5278,1204.69,Bills & Subscriptions
TXN433802,ola payment #5123,4132.83,Travel & Transport
TXN913674,indianoil payment #4565,1604.06,Fuel
TXN726855,salary credit payment #8705,1249.69,Financial Services
TXN782216,healthspring payment #1755,3887.09,Health & Fitness
TXN479964,spencer’s retail payment #6011,3494.03,Groceries
TXN864810,jiomart grocery payment #5547,721.28,Groceries
TXN836748,atm fee payment #3880,4927.09,Financial Services
TXN444585,pizza hut payment #4083,2443.1,Food & Dining
TXN519912,parking charges payment #7857,4632.36,Others
TXN326274,google one payment #4378,379.39,Bills & Subscriptions
TXN574817,jiomart grocery payment #8025,1000.94,Groceries
TXN602081,bajaj finance emi payment #2982,3477.43,Financial Services
TXN840658,urban company payment #1183,3547.73,Others
TXN777735,meesho payment #3812,706.39,Shopping
TXN198626,pantaloons payment #5429,4262.37,Shopping
TXN531798,more supermarket payment #2004,4063.25,Groceries
TXN554955,urban company payment #4845,964.9,Others
TXN670716,act fibernet payment #2542,4513.85,Utilities
TXN410935,faasos payment #3755,1486.44,Food & Dining
TXN264984,microsoft 365 payment #1504,818.74,Bills & Subscriptions
TXN107678,airindia payment #7026,4052.12,Travel & Transport
TXN835630,blinkit payment #6751,2224.13,Groceries
TXN546480,dominos payment #9433,3358.12,Food & Dining
TXN387272,urbanclap payment #7824,4900.38,Others
TXN208055,salary credit payment #5669,4023.4,Financial Services
TXN750160,makemytrip payment #9833,1790.19,Travel & Transport
TXN426155,kritunga payment #6241,2363.92,Food & Dining
TXN197872,urban company payment #6321,1535.41,Others
TXN964710,donation payment payment #9332,3136.77,Others
TXN128480,croma payment #2156,4307.39,Shopping
TXN746450,urban company payment #6235,1625.61,Others
TXN136944,irctc payment #3874,3759.28,Travel & Transport
TXN845668,urban company payment #7262,1247.22,Others
TXN729091,fortis hospital payment #7937,2936.28,Health & Fitness
TXN345081,westside payment #6684,881.01,Shopping
TXN197376,reliance petrol pump payment #5096,1949.43,Fuel
TXN738404,paradise biryani payment #4143,3923.06,Food & Dining
TXN921498,urbanclap payment #4776,4187.08,Others
TXN408340,irctc payment #3437,1438.19,Travel & Transport
TXN637277,icici atm payment #3911,2151.97,Financial Services
TXN945103,bharatpetrol payment #4302,2080.05,Fuel
TXN349697,ksrtc bus payment #4769,2611.09,Travel & Transport
TXN873406,airindia payment #2679,2389.57,Travel & Transport
TXN867195,notion subscription payment #5168,2209.09,Bills & Subscriptions
TXN951375,bank service charge payment #6930,2201.56,Financial Services
TXN502358,irctc payment #3893,1457.18,Travel & Transport
TXN121835,reliance fresh payment #6628,2794.7,Groceries
TXN705676,pvr cinemas payment #1355,1060.8,Entertainment
TXN946159,tneb payment payment #9569,4871.7,Utilities
TXN984503,nature's basket payment #8857,3063.45,Groceries
TXN945853,parking charges payment #7994,90.87,Others
TXN438392,spencer’s retail payment #4432,1452.73,Groceries
TXN524523,dunzo payment #8705,4205.56,Groceries
TXN941553,airtel recharge payment #3041,1330.14,Utilities
TXN387277,adobe creative cloud payment #6574,72.42,Bills & Subscriptions
TXN322577,tanishq payment #8460,2567.86,Shopping
TXN799360,indigo payment #7585,3710.88,Travel & Transport
TXN740984,fortis hospital payment #9829,2177.01,Health & Fitness
TXN834838,blinkit payment #7694,2312.08,Groceries
TXN996653,pizza hut payment #1364,3516.39,Food & Dining
TXN751402,apollo pharmacy payment #5273,470.77,Health & Fitness
TXN937204,hotstar payment #4520,449.93,Entertainment
TXN207614,microsoft 365 payment #8340,3990.78,Bills & Subscriptions
TXN539176,tata play dth payment #6873,2428.15,Utilities
TXN180293,healthspring payment #6549,50.26,Health & Fitness
TXN503030,notion subscription payment #2571,4721.23,Bills & Subscriptions
TXN314339,pvr cinemas payment #3960,1340.76,Entertainment
TXN740361,airindia payment #7028,4849.8,Travel & Transport
TXN119552,nobroker services payment #6368,2898.64,Others
TXN777079,rapido payment #1272,3809.37,Travel & Transport
TXN608006,tata play dth payment #4757,2072.22,Utilities
TXN286591,act fibernet payment #5330,275.53,Utilities
TXN716381,notion subscription payment #9799,406.9,Bills & Subscriptions
TXN415267,d mart payment #3037,4017.61,Shopping
TXN665095,phonepe upi payment #4943,1685.67,Financial Services
TXN892272,water tax payment #3825,2167.77,Utilities
TXN759748,pharmeasy payment #2168,2595.1,Health & Fitness
TXN700802,medplus payment #5710,2610.64,Health & Fitness
TXN803776,ioc fuel station payment #1848,3755.84,Fuel
TXN331457,medplus payment #6747,1649.23,Health & Fitness
TXN991450,rtgs transfer payment #2301,157.59,Financial Services
TXN730280,nykaa payment #7182,2768.89,Shopping
TXN101608,bsnl bill payment #4414,4835.85,Utilities
TXN254591,ksrtc bus payment #7043,4607.27,Travel & Transport
TXN895855,prime video payment #7161,1783.88,Entertainment
TXN443458,netflix payment #7345,4463.09,Entertainment
TXN883661,cult fit payment #4183,305.45,Health & Fitness
TXN321548,medplus payment #5608,1305.96,Health & Fitness
TXN918815,local technician payment #9334,1327.92,Others
TXN343929,spencer’s retail payment #5007,3748.68,Groceries
TXN305705,paradise biryani payment #3466,406.1,Food & Dining
TXN193089,bharatpetrol payment #7908,2226.73,Fuel
TXN978914,netflix payment #4601,2270.04,Entertainment
TXN583376,pizza hut payment #6854,1542.19,Food & Dining
TXN242506,zee5 subscription payment #7774,906.64,Entertainment
TXN664325,medplus payment #8282,4718.84,Health & Fitness
TXN953244,airtel recharge payment #9001,2571.73,Utilities
TXN743066,pvr cinemas payment #7133,3928.61,Entertainment
TXN399116,ksrtc bus payment #4922,1469.93,Travel & Transport
TXN989655,canva pro payment #6802,734.77,Bills & Subscriptions
TXN965942,shell payment #5157,3762.03,Fuel
TXN540288,bhim upi payment #8630,2407.18,Financial Services
TXN257598,figma pro payment #5344,1442.89,Bills & Subscriptions
TXN184428,bajaj finance emi payment #6811,2135.19,Financial Services
TXN412525,vistara airlines payment #4272,2253.5,Travel & Transport
TXN903765,mcdonalds payment #8719,1619.6,Food & Dining
TXN752204,essar petrol payment #1973,3895.93,Fuel
TXN698711,bigbasket payment #1762,3954.39,Groceries
TXN517782,uber payment #7104,3991.73,Travel & Transport
TXN857440,tneb payment payment #5759,1248.73,Utilities
TXN786496,rapido payment #6464,1258.62,Travel & Transport
TXN289051,nobroker services payment #6602,1859.01,Others
TXN550717,ioc fuel station payment #7743,3400.33,Fuel
TXN138607,reimbursement payment #1220,3433.51,Financial Services
TXN173546,makemytrip payment #2289,193.07,Travel & Transport
TXN964521,bhim upi payment #6925,4083.92,Financial Services
TXN695273,1mg payment #9222,439.39,Health & Fitness
TXN190978,spencer’s retail payment #2316,4176.06,Groceries
TXN626786,google one payment #6214,3430.09,Bills & Subscriptions
TXN521310,essar petrol payment #5533,4810.22,Fuel
TXN593233,1mg payment #6020,1594.2,Health & Fitness
TXN774062,zee5 subscription payment #9367,4620.42,Entertainment
TXN394297,nobroker services payment #1000,2580.05,Others
TXN674158,zee5 subscription payment #7281,2029.48,Entertainment
TXN846601,pantaloons payment #7109,3089.84,Shopping
TXN117590,d mart payment #7142,2050.37,Shopping
TXN835454,google one payment #3688,1417.32,Bills & Subscriptions
TXN702146,essar petrol payment #3956,1196.21,Fuel
TXN996915,nykaa payment #5682,2142.92,Shopping
TXN813460,sbi atm payment #8883,1427.29,Financial Services
TXN263122,reliance petrol pump payment #3862,2698.4,Fuel
TXN326787,barbeque nation payment #2101,321.24,Food & Dining
TXN423304,paradise biryani payment #1528,1973.32,Food & Dining
TXN323571,pvr cinemas payment #4991,2282.78,Entertainment
TXN456079,google one payment #9197,1303.99,Bills & Subscriptions
TXN967815,meesho payment #5955,2303.28,Shopping
TXN395725,amazon payment #5300,980.49,Shopping
TXN857079,zomato payment #3727,4653.61,Food & Dining
TXN979024,ioc fuel station payment #4697,2547.51,Fuel
TXN533711,bsnl bill payment #7656,2709.49,Utilities
TXN313686,makemytrip payment #2564,2421.38,Travel & Transport
TXN630036,kritunga payment #2250,4597.43,Food & Dining
TXN639090,urban company payment #6821,92.88,Others
TXN909968,jio fiber payment #7855,1374.3,Utilities
TXN913506,bsnl bill payment #9638,1778.85,Utilities
TXN612711,canva pro payment #2948,3206.59,Bills & Subscriptions
TXN948136,canva pro payment #1948,1751.45,Bills & Subscriptions
TXN279106,blinkit payment #2244,3544.12,Groceries
TXN980282,notion subscription payment #9500,1684.95,Bills & Subscriptions
TXN325582,ccd cafe payment #3913,2330.54,Food & Dining
TXN716139,adobe creative cloud payment #2590,4715.2,Bills & Subscriptions
TXN674338,bharatpetrol payment #2502,2685.84,Fuel
TXN168189,neft transfer payment #9730,4964.13,Financial Services
TXN837754,redbus payment #3082,985.94,Travel & Transport
TXN207789,reliance fresh payment #3572,1593.2,Groceries
TXN900198,nature's basket payment #4967,2892.45,Groceries
TXN281811,reversal charge payment #2664,3690.75,Financial Services
TXN302576,chayos payment #8736,1606.25,Food & Dining
TXN858884,ola payment #5845,4951.22,Travel & Transport
TXN448483,1mg payment #2373,1023.38,Health & Fitness
TXN165821,housejoy payment #1884,1844.09,Others
TXN947739,jio fiber payment #1964,243.01,Utilities
TXN658706,indigo payment #8224,100.8,Travel & Transport
TXN478077,dominos payment #7672,4473.83,Food & Dining
TXN435299,blinkit payment #6125,3335.04,Groceries
TXN348911,zee5 subscription payment #8080,3720.04,Entertainment
TXN225492,rapido payment #5973,4940.37,Travel & Transport
TXN248225,apple music payment #2610,3008.3,Bills & Subscriptions
TXN537231,pharmeasy payment #1902,1739.15,Health & Fitness
TXN124020,ksrtc bus payment #2687,456.07,Travel & Transport
TXN771839,1mg payment #7265,4592.7,Health & Fitness
TXN767364,1mg payment #9625,135.48,Health & Fitness
TXN938925,myntra payment #3195,3337.56,Shopping
TXN964264,ccd cafe payment #7838,2700.96,Food & Dining
TXN763559,apple music payment #2371,802.13,Bills & Subscriptions
TXN278781,inox movies payment #7588,4642.96,Entertainment
TXN253103,parking charges payment #7249,1936.09,Others
TXN620690,bank service charge payment #5439,1008.09,Financial Services
TXN462034,dunzo payment #1182,3741.49,Groceries
TXN616189,more supermarket payment #6762,738.8,Groceries
TXN151544,westside payment #8468,706.71,Shopping
TXN776738,hp petrol payment #1763,771.55,Fuel
TXN686003,nobroker services payment #5379,4568.7,Others
TXN944168,water tax payment #5162,3688.33,Utilities
TXN251779,reliance petrol pump payment #3000,2342.25,Fuel
TXN295314,nature's basket payment #6483,487.44,Groceries
TXN941840,sbi atm payment #9384,3400.61,Financial Services
TXN762440,urbanclap payment #3415,3547.16,Others
TXN146051,notion subscription payment #7227,128.88,Bills & Subscriptions
TXN374881,goibibo payment #3980,191.97,Travel & Transport
TXN600281,hdfc loan emi payment #5922,3926.72,Financial Services
TXN826233,makemytrip payment #7539,4775.37,Travel & Transport
TXN369668,nature's basket payment #1381,256.21,Groceries
TXN446535,chayos payment #9274,4861.66,Food & Dining
TXN314158,fortis hospital payment #5253,4816.54,Health & Fitness
TXN757462,bank a/c transfer payment #6394,4507.87,Financial Services
TXN639831,tata play dth payment #4613,4036.03,Utilities
TXN564306,figma pro payment #9363,2677.67,Bills & Subscriptions
TXN177666,healthspring payment #4893,2156.56,Health & Fitness
TXN536931,shell payment #1859,3312.06,Fuel
TXN984312,urban company payment #3261,4430.99,Others
TXN938194,bigbasket payment #2600,4429.37,Groceries
TXN605407,reliance petrol pump payment #5578,1941.84,Fuel
TXN183510,blinkit payment #8327,3343.78,Groceries
TXN317385,bigbasket payment #1273,1110.88,Groceries
TXN998459,bsnl bill payment #5200,3811.64,Utilities
TXN853148,canva pro payment #3760,3662.77,Bills & Subscriptions
TXN372226,blinkit payment #2999,1574.8,Groceries
TXN422568,netflix payment #4823,4787.31,Entertainment
TXN197492,spotify payment #6872,2825.93,Entertainment
TXN959909,talwalkars gym payment #1922,1114.51,Health & Fitness
TXN789447,nature's basket payment #3065,3657.13,Groceries
TXN635332,talwalkars gym payment #5191,88.74,Health & Fitness
TXN884559,notion subscription payment #9662,4082.73,Bills & Subscriptions
TXN721806,healthspring payment #3445,1930.99,Health & Fitness
TXN795782,d mart payment #9762,3882.78,Shopping
TXN851728,myntra payment #3699,2651.41,Shopping
TXN652539,youtube premium payment #2815,3812.68,Bills & Subscriptions
TXN143761,hp petrol payment #4435,1265.07,Fuel
TXN814613,healthspring payment #5882,2164.11,Health & Fitness
TXN626785,talwalkars gym payment #9113,4537.91,Health & Fitness
TXN439683,salary credit payment #5563,4748.0,Financial Services
TXN869724,adobe creative cloud payment #5404,2424.17,Bills & Subscriptions
TXN450982,vistara airlines payment #8781,1661.0,Travel & Transport
TXN185103,flipkart payment #4287,1193.7,Shopping
TXN728831,inox movies payment #6402,4491.25,Entertainment
TXN387873,urban company payment #9004,4622.64,Others
TXN819146,figma pro payment #2425,4828.57,Bills & Subscriptions
TXN817125,faasos payment #7320,4855.13,Food & Dining
TXN979787,croma payment #2971,2246.63,Shopping
TXN545016,urbanclap payment #9077,3960.05,Others
TXN472865,rapido payment #7656,1158.9,Travel & Transport
TXN425772,bsnl bill payment #8140,3849.14,Utilities
TXN349123,ccd cafe payment #7992,2230.97,Food & Dining
TXN468010,neft transfer payment #4384,2850.34,Financial Services
TXN515238,apple music payment #2806,352.08,Bills & Subscriptions
TXN703567,ioc fuel station payment #6362,236.31,Fuel
TXN251606,spotify payment #5600,904.13,Entertainment
TXN930346,tanishq payment #9871,1439.78,Shopping
TXN602894,bharatpetrol payment #3742,3872.85,Fuel
TXN903515,fortis hospital payment #9518,2788.82,Health & Fitness
TXN186835,redbus payment #1807,3291.79,Travel & Transport
TXN387932,parking charges payment #1550,2555.45,Others
TXN680437,paytm upi payment #5915,1022.85,Financial Services
TXN329820,rtgs transfer payment #6466,4200.6,Financial Services
TXN518520,bookmyshow payment #9634,1904.9,Entertainment
TXN442146,talwalkars gym payment #6667,566.42,Health & Fitness
TXN461811,indigo payment #1258,2113.3,Travel & Transport
TXN142889,reliance petrol pump payment #7438,813.49,Fuel
TXN884060,spencer’s retail payment #5379,2448.55,Groceries
TXN759686,cult fit payment #1787,2504.07,Health & Fitness
TXN754364,jio fiber payment #5897,2005.68,Utilities
TXN845115,dunzo payment #3509,580.07,Groceries
TXN942027,canva pro payment #3515,2073.4,Bills & Subscriptions
TXN189644,canva pro payment #3796,3702.42,Bills & Subscriptions
TXN684143,hathway broadband payment #4563,3627.14,Utilities
TXN576041,ioc fuel station payment #9144,147.07,Fuel
TXN266424,hathway broadband payment #2463,2767.66,Utilities
TXN736842,cult fit payment #4564,2113.09,Health & Fitness
TXN379964,tata play dth payment #9388,2414.58,Utilities
TXN971565,redbus payment #1366,62.51,Travel & Transport
TXN736642,inox movies payment #2639,456.82,Entertainment
TXN488314,google one payment #7138,2307.62,Bills & Subscriptions
TXN413456,kfc payment #5543,2884.3,Food & Dining
TXN455523,faasos payment #3706,3039.88,Food & Dining
TXN750025,essar petrol payment #5515,546.54,Fuel
TXN642480,apple music payment #5006,2624.07,Bills & Subscriptions
TXN385331,housejoy payment #8796,3331.67,Others
TXN918027,prime video payment #7213,2200.15,Entertainment
TXN441986,airtel recharge payment #6925,2432.97,Utilities
TXN769669,vistara airlines payment #4444,1353.45,Travel & Transport
TXN663130,airindia payment #8076,4920.75,Travel & Transport
TXN939598,prime video payment #7726,554.15,Entertainment
TXN970389,reliance fresh payment #1043,4756.21,Groceries
TXN610527,blinkit payment #1880,3850.02,Groceries
TXN462570,medplus payment #2844,1527.37,Health & Fitness
TXN231060,bharatpetrol payment #8645,2989.02,Fuel
TXN449202,sbi card payment payment #3016,286.31,Financial Services
TXN903733,housejoy payment #4747,2338.6,Others
TXN795428,vistara airlines payment #4938,4806.66,Travel & Transport
TXN239976,barbeque nation payment #8925,3486.46,Food & Dining
TXN624792,d mart payment #8672,4715.79,Shopping
TXN459251,tata play dth payment #4657,1310.08,Utilities
TXN424031,ksrtc bus payment #8992,4833.7,Travel & Transport
TXN590306,ccd cafe payment #7129,2693.14,Food & Dining
TXN349338,reliance petrol pump payment #3484,3342.7,Fuel
TXN466496,tanishq payment #7109,1865.26,Shopping
TXN609591,youtube premium payment #6636,4178.25,Bills & Subscriptions
TXN625950,blinkit payment #6933,4172.68,Groceries
TXN925664,burger king payment #3545,2042.14,Food & Dining
TXN914423,microsoft 365 payment #2926,3158.95,Bills & Subscriptions
TXN877690,shell payment #4496,879.84,Fuel
TXN565609,parking charges payment #5947,4813.53,Others
TXN363845,atm withdrawal payment #2667,140.3,Financial Services
TXN366847,talwalkars gym payment #2573,3186.31,Health & Fitness
TXN404974,prime video payment #5023,3615.8,Entertainment
TXN699686,paradise biryani payment #6232,1779.03,Food & Dining
TXN623568,airtel recharge payment #4551,2615.1,Utilities
TXN138880,rapido payment #7593,3583.73,Travel & Transport
TXN205668,pizza hut payment #7361,175.72,Food & Dining
TXN791067,rtgs transfer payment #1511,2327.58,Financial Services
TXN501832,bank a/c transfer payment #1577,2219.73,Financial Services
TXN669372,pvr cinemas payment #9009,2894.39,Entertainment
TXN429059,cult fit payment #6121,4723.59,Health & Fitness
TXN215177,urbanclap payment #3557,2019.45,Others
TXN566794,jio fiber payment #7950,3339.68,Utilities
TXN928990,medplus payment #4243,1797.06,Health & Fitness
TXN806537,talwalkars gym payment #7029,4999.29,Health & Fitness
TXN576530,tata play dth payment #1946,275.1,Utilities
TXN383210,myntra payment #4512,2693.19,Shopping
TXN960118,kritunga payment #6659,1190.9,Food & Dining
TXN385322,kritunga payment #2219,3079.85,Food & Dining
TXN272982,indianoil payment #6077,3037.83,Fuel
TXN553208,pvr cinemas payment #4714,4879.12,Entertainment
TXN563082,medplus payment #7783,1602.56,Health & Fitness
TXN305538,barbeque nation payment #1366,2624.79,Food & Dining
TXN806262,urbanclap payment #8475,3337.76,Others
TXN984453,ioc fuel station payment #8159,1852.82,Fuel
TXN638618,tneb payment payment #1412,1979.67,Utilities
TXN348810,d mart payment #7800,948.3,Shopping
TXN248363,pvr cinemas payment #2119,3552.33,Entertainment
TXN192757,notion subscription payment #2698,2174.36,Bills & Subscriptions
TXN935467,lifestyle payment #4213,685.69,Shopping
TXN437925,flipkart payment #3726,1356.08,Shopping
TXN714026,westside payment #2772,1919.17,Shopping
TXN513468,spotify payment #6015,4222.36,Entertainment
TXN495881,water tax payment #5470,4820.62,Utilities
TXN393773,jio fiber payment #6194,945.27,Utilities
TXN936021,ola payment #2598,591.41,Travel & Transport
TXN572011,canva pro payment #7259,472.37,Bills & Subscriptions
TXN251398,reliance petrol pump payment #6539,4833.54,Fuel
TXN205137,paytm upi payment #9845,2785.45,Financial Services
TXN637910,more supermarket payment #8026,2250.57,Groceries
TXN620780,ola payment #5578,2708.44,Travel & Transport
TXN273867,barbeque nation payment #3204,1940.91,Food & Dining
TXN355674,rtgs transfer payment #9556,1342.13,Financial Services
TXN202179,hp petrol payment #1977,1652.03,Fuel
TXN317116,starbucks payment #9875,2242.43,Food & Dining
TXN605081,apollo pharmacy payment #9325,1018.2,Health & Fitness
TXN148454,pharmeasy payment #8911,2370.13,Health & Fitness
TXN556644,bigbasket payment #8916,4957.35,Groceries
TXN495540,paradise biryani payment #8619,1224.33,Food & Dining
TXN606653,pantaloons payment #1042,3038.32,Shopping
TXN767427,talwalkars gym payment #2076,3460.76,Health & Fitness
TXN254436,cult fit payment #9175,4794.38,Health & Fitness
TXN513927,atm withdrawal payment #9456,2750.72,Financial Services
TXN625340,youtube premium payment #2687,3301.01,Bills & Subscriptions
TXN505927,medplus payment #3651,271.34,Health & Fitness
TXN369172,ksrtc bus payment #7563,1676.11,Travel & Transport
TXN717424,spencer’s retail payment #2788,2362.98,Groceries
TXN852797,dunzo payment #6290,2036.33,Groceries
TXN505697,parking charges payment #1334,1191.92,Others
TXN776512,vistara airlines payment #8971,214.29,Travel & Transport
TXN953908,bhim upi payment #6509,1526.92,Financial Services
TXN815838,urbanclap payment #8383,3540.58,Others
TXN685790,bank a/c transfer payment #7123,2783.94,Financial Services
TXN249109,dunzo payment #9926,979.75,Groceries
TXN584831,spencer’s retail payment #1176,2349.51,Groceries
TXN358581,irctc payment #6441,633.44,Travel & Transport
TXN864019,chai point payment #7520,3206.2,Food & Dining
TXN521033,westside payment #3815,4379.41,Shopping
TXN699142,phonepe upi payment #7937,912.45,Financial Services
TXN484657,atm fee payment #8462,3553.8,Financial Services
TXN308652,goibibo payment #4799,101.8,Travel & Transport
TXN301456,jio fiber payment #5883,3792.23,Utilities
TXN104468,parking charges payment #2354,3126.71,Others
TXN992634,healthspring payment #6345,2270.74,Health & Fitness
TXN495713,subway payment #5156,1591.92,Food & Dining
TXN228049,more supermarket payment #6655,3868.87,Groceries
TXN149372,googlepay upi payment #5984,3685.3,Financial Services
TXN298598,kfc payment #5006,4558.87,Food & Dining
TXN693768,behrouz biryani payment #8900,1869.83,Food & Dining
TXN947276,bigbasket payment #6552,4662.07,Groceries
TXN185402,jiomart grocery payment #9076,544.83,Groceries
TXN530760,netflix payment #6659,1001.62,Entertainment
TXN177294,figma pro payment #5971,4542.4,Bills & Subscriptions
TXN105046,meesho payment #7258,4554.88,Shopping
TXN667143,bsnl bill payment #5151,4817.72,Utilities
TXN318978,ioc fuel station payment #6255,3191.23,Fuel
TXN220904,shell payment #5241,1956.67,Fuel
TXN579728,figma pro payment #7614,3831.62,Bills & Subscriptions
TXN506610,zee5 subscription payment #1153,4295.66,Entertainment
TXN809175,airindia payment #8455,1585.31,Travel & Transport
TXN770095,donation payment payment #2311,4218.07,Others
TXN285647,bookmyshow payment #4699,270.81,Entertainment
TXN449522,vistara airlines payment #8392,3966.66,Travel & Transport
TXN221960,pvr cinemas payment #6575,4973.0,Entertainment
TXN145287,atm withdrawal payment #9738,2737.08,Financial Services
TXN860596,blinkit payment #8189,3519.5,Groceries
TXN461169,ioc fuel station payment #2519,629.48,Fuel
TXN270076,apollo pharmacy payment #5743,4289.41,Health & Fitness
TXN957345,netflix payment #6896,2302.32,Entertainment
TXN972368,blinkit payment #7775,4023.59,Groceries
TXN704116,dominos payment #8931,582.14,Food & Dining
TXN479644,zee5 subscription payment #8365,1568.03,Entertainment
TXN458005,ksrtc bus payment #7853,3728.74,Travel & Transport
TXN259069,spotify payment #8469,2583.09,Entertainment
TXN410423,croma payment #4442,3431.46,Shopping
TXN895042,canva pro payment #1405,1378.4,Bills & Subscriptions
TXN370345,reliance petrol pump payment #9314,101.56,Fuel
TXN877669,nobroker services payment #6715,2665.7,Others
TXN858712,apollo pharmacy payment #7208,4222.11,Health & Fitness
TXN170966,reliance fresh payment #7680,4614.74,Groceries
TXN919763,reliance petrol pump payment #7713,704.47,Fuel
TXN562115,figma pro payment #8255,217.16,Bills & Subscriptions
TXN142866,prime video payment #8674,3000.91,Entertainment
TXN251325,urban company payment #7656,2869.04,Others
TXN881639,medplus payment #4010,2510.16,Health & Fitness
TXN157854,hotstar payment #2399,3366.9,Entertainment
TXN236332,bookmyshow payment #3018,4942.36,Entertainment
TXN526630,notion subscription payment #1532,903.34,Bills & Subscriptions
TXN343089,apple music payment #3686,1472.73,Bills & Subscriptions
TXN154406,essar petrol payment #4962,4711.12,Fuel
TXN364483,ajio payment #4764,3103.07,Shopping
TXN953955,redbus payment #7572,161.66,Travel & Transport
TXN842096,icici atm payment #5236,2851.69,Financial Services
TXN741699,essar petrol payment #7534,4589.79,Fuel
TXN663804,tneb payment payment #8170,994.11,Utilities
TXN194732,healthspring payment #6005,3903.71,Health & Fitness
TXN850153,tanishq payment #8903,1750.99,Shopping
TXN366137,neft transfer payment #5340,3938.08,Financial Services
TXN917755,canva pro payment #8845,1471.98,Bills & Subscriptions
TXN921352,jio fiber payment #9524,577.84,Utilities
TXN426126,amazonpay upi payment #6735,875.26,Financial Services
TXN359607,tanishq payment #6308,4020.7,Shopping
TXN238424,zee5 subscription payment #5959,3812.66,Entertainment
TXN684194,hathway broadband payment #8858,4013.54,Utilities
TXN811705,talwalkars gym payment #1449,2744.56,Health & Fitness
TXN276982,amazon payment #3130,1181.99,Shopping
TXN135843,chai point payment #8873,4444.18,Food & Dining
TXN318992,behrouz biryani payment #7794,2822.9,Food & Dining
TXN693347,reliance fresh payment #8732,2722.73,Groceries
TXN621208,figma pro payment #9509,839.42,Bills & Subscriptions
TXN363819,ioc fuel station payment #2249,3998.03,Fuel
TXN935928,westside payment #6935,1583.09,Shopping
TXN596909,cult fit payment #2853,2902.57,Health & Fitness
TXN220434,local technician payment #5922,1991.89,Others
TXN668225,apollo pharmacy payment #3994,1210.55,Health & Fitness
TXN439928,youtube premium payment #1317,2381.49,Bills & Subscriptions
TXN427385,swiggy payment #8989,935.05,Food & Dining
TXN254287,bsnl bill payment #1347,792.81,Utilities
TXN186265,urban company payment #1059,3666.58,Others
TXN170069,inox movies payment #5449,1522.91,Entertainment
TXN790538,pharmeasy payment #3252,2672.65,Health & Fitness
TXN525502,swiggy payment #5408,4348.8,Food & Dining
TXN781819,cult fit payment #6235,4378.51,Health & Fitness
TXN814023,bank a/c transfer payment #7647,1809.78,Financial Services
TXN279107,local technician payment #5518,2264.22,Others
TXN158093,bhim upi payment #7524,4345.22,Financial Services
TXN944113,inox movies payment #9894,1497.16,Entertainment
TXN632350,hp petrol payment #7102,116.31,Fuel
TXN517224,spotify payment #4541,4515.33,Entertainment
TXN372226,youtube premium payment #2440,2159.91,Bills & Subscriptions
TXN340249,water tax payment #3515,4890.23,Utilities
TXN877547,croma payment #5389,2452.86,Shopping
TXN751124,local technician payment #2633,1744.09,Others
TXN146435,nobroker services payment #6979,84.49,Others
TXN801821,burger king payment #8919,2506.94,Food & Dining
TXN177189,amazon payment #6740,3106.25,Shopping
TXN676411,reliance fresh payment #3535,278.79,Groceries
TXN692552,tneb payment payment #3447,1229.46,Utilities
TXN890574,netflix payment #4239,4165.14,Entertainment
TXN460365,inox movies payment #2689,2552.33,Entertainment
TXN181081,canva pro payment #3046,4576.7,Bills & Subscriptions
TXN187327,medplus payment #8268,4020.26,Health & Fitness
TXN925814,vistara airlines payment #1317,866.12,Travel & Transport
TXN417408,inox movies payment #8528,4160.93,Entertainment
TXN688553,faasos payment #5899,4577.96,Food & Dining
TXN504203,bookmyshow payment #3596,2934.98,Entertainment
TXN671907,d mart payment #9472,3026.39,Shopping
TXN784861,essar petrol payment #5921,396.94,Fuel
TXN896629,jiomart grocery payment #4860,3651.71,Groceries
TXN603333,nobroker services payment #8554,3555.99,Others
TXN766219,westside payment #4133,1326.52,Shopping
TXN419082,airindia payment #6613,3166.84,Travel & Transport
TXN732921,jiomart grocery payment #3699,2618.52,Groceries
TXN525827,healthspring payment #6530,2408.94,Health & Fitness
TXN975474,airindia payment #1704,4476.92,Travel & Transport
TXN899957,decathlon payment #1768,4583.16,Shopping
TXN771830,bharatpetrol payment #1307,4644.07,Fuel
TXN153020,irctc payment #7860,1500.41,Travel & Transport
TXN109944,urbanclap payment #5703,3618.93,Others
TXN606387,dunzo payment #6805,2123.8,Groceries
TXN275943,shell payment #5718,2105.24,Fuel
TXN232006,fortis hospital payment #3267,3487.89,Health & Fitness
TXN331550,act fibernet payment #1541,2989.8,Utilities
TXN852701,medplus payment #2384,312.6,Health & Fitness
TXN811741,ksrtc bus payment #2642,4873.98,Travel & Transport
TXN845269,tneb payment payment #2781,2360.47,Utilities
TXN515238,pizza hut payment #3986,962.52,Food & Dining
TXN541559,ola payment #6378,1330.19,Travel & Transport
TXN647045,bigbasket payment #2077,4400.07,Groceries
TXN327989,irctc payment #4649,4596.11,Travel & Transport
TXN271530,act fibernet payment #6016,2269.46,Utilities
TXN974579,decathlon payment #4970,2716.58,Shopping
TXN817636,parking charges payment #7836,1649.06,Others
TXN470054,talwalkars gym payment #2350,3948.21,Health & Fitness
TXN274235,ioc fuel station payment #3765,2995.89,Fuel
TXN863986,cult fit payment #8618,3721.68,Health & Fitness
TXN854663,shell payment #1699,1656.01,Fuel
TXN702563,hp petrol payment #1260,3045.31,Fuel
TXN983348,reimbursement payment #5925,325.23,Financial Services
TXN415732,zee5 subscription payment #6107,384.39,Entertainment
TXN982937,nykaa payment #5086,2541.03,Shopping
TXN849101,hathway broadband payment #1860,1336.05,Utilities
TXN520009,irctc payment #3047,3224.42,Travel & Transport
TXN870396,jiomart grocery payment #2002,3013.52,Groceries
TXN698636,talwalkars gym payment #5385,4754.3,Health & Fitness
TXN817131,reliance petrol pump payment #4787,1022.44,Fuel
TXN434983,spencer’s retail payment #5541,2958.04,Groceries
TXN929617,essar petrol payment #4001,3900.47,Fuel
TXN450616,tneb payment payment #4644,2591.25,Utilities
TXN203397,bookmyshow payment #9371,1278.19,Entertainment
TXN343734,hp petrol payment #8887,147.48,Fuel
TXN152925,rapido payment #4411,1280.33,Travel & Transport
TXN986187,ajio payment #2662,2144.35,Shopping
TXN365812,myntra payment #8793,1500.95,Shopping
TXN300149,reimbursement payment #7132,2871.78,Financial Services
TXN463688,spotify payment #4770,322.08,Entertainment
TXN150539,sbi atm payment #7549,4583.48,Financial Services
TXN200492,ajio payment #6351,4116.42,Shopping
TXN473811,bajaj finance emi payment #6990,3558.07,Financial Services
TXN764849,water tax payment #5370,317.99,Utilities
TXN457447,amazonpay upi payment #5901,801.83,Financial Services
TXN489373,pharmeasy payment #3560,402.47,Health & Fitness
TXN635499,bsnl bill payment #4810,701.4,Utilities
TXN714866,bajaj finance emi payment #2234,3864.94,Financial Services
TXN122357,chai point payment #6656,4120.36,Food & Dining
TXN740931,jio fiber payment #6080,3659.67,Utilities
TXN215422,ola payment #8707,3101.53,Travel & Transport
TXN475329,water tax payment #6145,4298.69,Utilities
TXN553239,hotstar payment #7427,4475.98,Entertainment
TXN391155,hp petrol payment #3153,4796.02,Fuel
TXN226169,medplus payment #8054,136.37,Health & Fitness
TXN803962,cult fit payment #2219,4234.61,Health & Fitness
TXN850905,parking charges payment #6974,2705.41,Others
TXN916949,medplus payment #1151,1613.92,Health & Fitness
TXN427848,icici emi payment payment #2198,2207.3,Financial Services
TXN736604,atm withdrawal payment #6151,811.52,Financial Services
TXN800076,notion subscription payment #6873,2529.83,Bills & Subscriptions
TXN181103,nobroker services payment #8546,2998.45,Others
TXN125143,airindia payment #7921,3444.9,Travel & Transport
TXN214613,youtube premium payment #1621,3738.56,Bills & Subscriptions
TXN868327,rtgs transfer payment #7841,4586.48,Financial Services
TXN609180,swiggy payment #3437,3676.76,Food & Dining
TXN140123,google one payment #4393,2712.84,Bills & Subscriptions
TXN354880,redbus payment #7322,3299.4,Travel & Transport
TXN596115,google one payment #9327,2067.78,Bills & Subscriptions
TXN540888,canva pro payment #6787,488.55,Bills & Subscriptions
TXN792939,bigbasket payment #1576,4965.41,Groceries
TXN895602,spencer’s retail payment #7557,1703.65,Groceries
TXN649459,apple music payment #3885,1931.96,Bills & Subscriptions
TXN849244,imps transfer payment #3557,2421.88,Financial Services
TXN805932,spotify payment #2839,4129.4,Entertainment
TXN762986,parking charges payment #3528,1487.4,Others
TXN396451,shell payment #7880,1093.35,Fuel
TXN659380,icici emi payment payment #1471,2603.04,Financial Services
TXN645709,indianoil payment #8265,3854.8,Fuel
TXN463519,nature's basket payment #5182,561.04,Groceries
TXN583866,vistara airlines payment #7744,2765.69,Travel & Transport
TXN691710,barbeque nation payment #5316,1968.26,Food & Dining
TXN858348,hdfc loan emi payment #9439,1925.64,Financial Services
TXN899918,talwalkars gym payment #6531,1894.24,Health & Fitness
TXN471535,hotstar payment #5986,465.81,Entertainment
TXN960909,apollo pharmacy payment #6987,1787.92,Health & Fitness
TXN886950,medplus payment #5078,4984.72,Health & Fitness
TXN319686,chayos payment #8190,291.63,Food & Dining
TXN241246,reliance fresh payment #1530,130.47,Groceries
TXN351895,hathway broadband payment #4504,2171.19,Utilities
TXN119323,prime video payment #4964,2436.45,Entertainment
TXN820909,urban company payment #9112,542.14,Others
TXN980436,figma pro payment #3635,585.91,Bills & Subscriptions
TXN603826,1mg payment #9970,1887.32,Health & Fitness
TXN250551,urban company payment #2695,112.45,Others
TXN957802,ksrtc bus payment #7143,335.01,Travel & Transport
TXN458719,rapido payment #1947,1640.19,Travel & Transport
TXN880534,vistara airlines payment #9311,4963.13,Travel & Transport
TXN695621,sbi card payment payment #4420,2839.75,Financial Services
TXN645708,zee5 subscription payment #4881,3173.93,Entertainment
TXN202127,figma pro payment #7185,718.77,Bills & Subscriptions
TXN360812,medplus payment #5621,115.29,Health & Fitness
TXN128832,adobe creative cloud payment #1973,3873.61,Bills & Subscriptions
TXN428069,reversal charge payment #4660,443.37,Financial Services
TXN118622,decathlon payment #4703,1570.71,Shopping
TXN429349,pvr cinemas payment #7762,576.47,Entertainment
TXN636854,redbus payment #3500,3785.24,Travel & Transport
TXN204622,jiomart grocery payment #6885,3481.28,Groceries
TXN262742,notion subscription payment #6518,825.97,Bills & Subscriptions
TXN104380,inox movies payment #1912,3177.59,Entertainment
TXN335357,myntra payment #3124,1286.57,Shopping
TXN573545,uber payment #8669,1892.79,Travel & Transport
TXN643851,starbucks payment #7045,1829.16,Food & Dining
TXN641676,bigbasket payment #2675,4139.03,Groceries
TXN112553,urban company payment #9304,3872.4,Others
TXN145554,bsnl bill payment #8067,2093.45,Utilities
TXN707245,google one payment #4563,4256.51,Bills & Subscriptions
TXN908791,nykaa payment #5815,2659.66,Shopping
TXN712057,makemytrip payment #1551,3192.68,Travel & Transport
TXN186924,notion subscription payment #7820,4008.3,Bills & Subscriptions
TXN969403,tneb payment payment #6291,2394.49,Utilities
TXN115532,microsoft 365 payment #3544,1548.59,Bills & Subscriptions
TXN827795,myntra payment #5252,4006.26,Shopping
TXN977020,apple music payment #9916,1292.76,Bills & Subscriptions
TXN583906,medplus payment #5002,3634.73,Health & Fitness
TXN143570,shell payment #7012,430.21,Fuel
TXN658905,indianoil payment #2800,4196.11,Fuel
TXN761964,phonepe upi payment #7236,1932.28,Financial Services
TXN733636,dunzo payment #2991,4604.43,Groceries
TXN501850,essar petrol payment #1104,2890.08,Fuel
TXN625714,zomato payment #2515,1355.29,Food & Dining
TXN869274,dunzo payment #3051,4162.56,Groceries
TXN418529,tata play dth payment #3343,4784.24,Utilities
TXN403527,zee5 subscription payment #4463,2822.98,Entertainment
TXN394548,swiggy payment #2286,1141.2,Food & Dining
TXN208679,kritunga payment #9448,3790.31,Food & Dining
TXN110179,paradise biryani payment #6112,3185.77,Food & Dining
TXN264178,bsnl bill payment #4792,3502.17,Utilities
TXN424762,bsnl bill payment #1036,2252.42,Utilities
TXN534184,makemytrip payment #6917,240.83,Travel & Transport
TXN945857,reversal charge payment #1782,3736.96,Financial Services
TXN581056,talwalkars gym payment #9246,545.43,Health & Fitness
TXN209645,adobe creative cloud payment #4242,392.58,Bills & Subscriptions
TXN384967,rapido payment #7385,3826.49,Travel & Transport
TXN579959,water tax payment #3498,669.46,Utilities
TXN577095,water tax payment #1895,3018.24,Utilities
TXN378422,uber payment #8368,1151.3,Travel & Transport
TXN571625,vistara airlines payment #9605,3155.57,Travel & Transport
TXN738015,salary credit payment #5045,4715.71,Financial Services
TXN193282,chai point payment #5733,1996.26,Food & Dining
TXN174247,lifestyle payment #5922,2052.38,Shopping
TXN547351,icici atm payment #3749,133.76,Financial Services
TXN836963,inox movies payment #2070,1207.03,Entertainment
TXN515841,local technician payment #9010,275.09,Others
TXN185159,indianoil payment #1593,3442.95,Fuel
TXN409668,atm fee payment #6444,3032.68,Financial Services
TXN515408,1mg payment #4700,870.43,Health & Fitness
TXN164417,icici atm payment #1349,4658.55,Financial Services
TXN519436,makemytrip payment #9536,1488.44,Travel & Transport
TXN912538,pvr cinemas payment #7202,4390.23,Entertainment
TXN719647,donation payment payment #9500,2940.2,Others
TXN589996,goibibo payment #2136,1299.01,Travel & Transport
TXN126584,reimbursement payment #2745,1269.96,Financial Services
TXN890095,icici emi payment payment #1064,3999.77,Financial Services
TXN785603,pizza hut payment #4635,2457.12,Food & Dining
TXN724446,inox movies payment #6078,2891.9,Entertainment
TXN565726,ioc fuel station payment #1605,1049.85,Fuel
TXN563837,google one payment #2210,597.71,Bills & Subscriptions
TXN391537,burger king payment #1598,4169.13,Food & Dining
TXN381070,bigbasket payment #2520,892.59,Groceries
TXN450421,indigo payment #6843,476.35,Travel & Transport
TXN343649,spencer’s retail payment #4726,2266.31,Groceries
TXN795826,essar petrol payment #5964,3326.8,Fuel
TXN492194,spencer’s retail payment #6610,4925.39,Groceries
TXN603363,ajio payment #2784,2859.36,Shopping
TXN477689,urbanclap payment #4836,4101.79,Others
TXN426229,indianoil payment #1907,4388.35,Fuel
TXN464887,reliance fresh payment #7622,1954.4,Groceries
TXN875630,essar petrol payment #2829,1960.29,Fuel
TXN346790,jiomart grocery payment #8477,3255.59,Groceries
TXN900429,pizza hut payment #5971,1121.46,Food & Dining
TXN852517,cult fit payment #9115,1401.58,Health & Fitness
TXN986882,ajio payment #6717,3974.26,Shopping
TXN976183,notion subscription payment #4991,4296.22,Bills & Subscriptions
TXN680290,reliance fresh payment #7357,4335.5,Groceries
TXN353153,hotstar payment #2281,1340.83,Entertainment
TXN902271,vistara airlines payment #3037,1043.75,Travel & Transport
TXN551329,zee5 subscription payment #1546,2229.58,Entertainment
TXN600895,hdfc atm payment #2659,1851.0,Financial Services
TXN224195,ioc fuel station payment #3052,1631.18,Fuel
TXN512301,ccd cafe payment #1401,724.43,Food & Dining
TXN886552,more supermarket payment #7078,4675.59,Groceries
TXN959423,redbus payment #4418,1546.19,Travel & Transport
TXN794809,jiomart grocery payment #5849,127.1,Groceries
TXN105140,donation payment payment #8962,1671.91,Others
TXN793540,reliance petrol pump payment #5104,3600.87,Fuel
TXN859482,nykaa payment #2622,3493.27,Shopping
TXN479706,notion subscription payment #3472,2017.79,Bills & Subscriptions
TXN445261,tneb payment payment #1897,3041.47,Utilities
TXN156199,salary credit payment #7380,4623.39,Financial Services
TXN799633,neft transfer payment #2820,3350.71,Financial Services
TXN177384,rtgs transfer payment #7948,4098.98,Financial Services
TXN301878,1mg payment #8531,4238.14,Health & Fitness
TXN185879,microsoft 365 payment #9425,3949.52,Bills & Subscriptions
TXN149155,flipkart payment #1019,4284.31,Shopping
TXN786973,donation payment payment #3292,2802.4,Others
TXN972633,reliance petrol pump payment #7151,4275.79,Fuel
TXN601294,bigbasket payment #7633,3832.6,Groceries
TXN177150,ajio payment #4572,3385.58,Shopping
TXN230934,amazonpay upi payment #9670,3343.29,Financial Services
TXN758641,prime video payment #5014,4746.0,Entertainment
TXN173617,healthspring payment #7864,4848.66,Health & Fitness
TXN909605,reliance fresh payment #2176,675.9,Groceries
TXN530608,apple music payment #1343,4399.99,Bills & Subscriptions
TXN961874,ioc fuel station payment #7514,453.98,Fuel
TXN769070,ola payment #2034,2429.43,Travel & Transport
TXN968713,donation payment payment #4659,4875.0,Others
TXN901717,phonepe upi payment #5289,988.44,Financial Services
TXN631358,burger king payment #7939,3057.38,Food & Dining
TXN533929,bharatpetrol payment #2083,4569.65,Fuel
TXN254499,zee5 subscription payment #4994,1405.88,Entertainment
TXN847652,ioc fuel station payment #2109,2908.16,Fuel
TXN246708,more supermarket payment #6624,3310.02,Groceries
TXN944149,apple music payment #7591,4433.28,Bills & Subscriptions
TXN583493,hotstar payment #4938,915.28,Entertainment
TXN986738,blinkit payment #6257,3044.82,Groceries
TXN898606,myntra payment #7790,1599.46,Shopping
TXN391945,indigo payment #9523,1541.36,Travel & Transport
TXN903989,ioc fuel station payment #8032,4612.88,Fuel
TXN177998,notion subscription payment #2902,2561.11,Bills & Subscriptions
TXN370012,airindia payment #7980,1142.89,Travel & Transport
TXN436041,salary credit payment #1401,3552.29,Financial Services
TXN432675,figma pro payment #6471,2420.57,Bills & Subscriptions
TXN832535,airtel recharge payment #7367,3866.07,Utilities
TXN739369,westside payment #8846,2433.33,Shopping
TXN821520,googlepay upi payment #2605,4615.36,Financial Services
TXN509126,amazon payment #5365,3580.53,Shopping
TXN287252,shell payment #7757,883.08,Fuel
TXN252834,fortis hospital payment #4544,3637.99,Health & Fitness
TXN661184,bharatpetrol payment #2187,2568.16,Fuel
TXN789851,googlepay upi payment #6647,3131.32,Financial Services
TXN856530,jiomart grocery payment #4725,2368.62,Groceries
TXN612611,bookmyshow payment #6881,3028.14,Entertainment
TXN691737,nature's basket payment #2105,3830.02,Groceries
TXN382520,parking charges payment #8396,772.94,Others
TXN808221,urbanclap payment #8855,413.78,Others
TXN112425,shell payment #8471,4817.72,Fuel
TXN472397,essar petrol payment #3431,2662.14,Fuel
TXN208433,talwalkars gym payment #2705,4321.08,Health & Fitness
TXN865757,d mart payment #5778,4742.97,Shopping
TXN669419,ajio payment #1236,1079.57,Shopping
TXN133631,hdfc atm payment #5083,2019.72,Financial Services
TXN758797,apple music payment #3721,2911.28,Bills & Subscriptions
TXN588990,ksrtc bus payment #9376,2815.17,Travel & Transport
TXN141225,ioc fuel station payment #2812,4329.25,Fuel
TXN340677,bookmyshow payment #8231,461.96,Entertainment
TXN671231,healthspring payment #5761,3824.36,Health & Fitness
TXN240230,tneb payment payment #8732,960.27,Utilities
TXN677150,rtgs transfer payment #1368,3105.05,Financial Services
TXN969903,irctc payment #5151,2746.61,Travel & Transport
TXN613861,urbanclap payment #3624,2212.42,Others
TXN759796,spencer’s retail payment #4429,3822.06,Groceries
TXN470653,healthspring payment #6361,377.8,Health & Fitness
TXN119210,bsnl bill payment #1319,3437.93,Utilities
TXN748484,bsnl bill payment #2881,210.19,Utilities
TXN235078,goibibo payment #3111,3854.49,Travel & Transport
TXN113489,cult fit payment #1780,1079.56,Health & Fitness
TXN241180,shell payment #8402,103.14,Fuel
TXN882051,ajio payment #3515,1645.08,Shopping
TXN802195,local technician payment #4119,1193.02,Others
TXN307084,ksrtc bus payment #5499,754.61,Travel & Transport
TXN555856,inox movies payment #2879,4044.05,Entertainment
TXN735588,reliance fresh payment #1493,4254.63,Groceries
TXN229989,burger king payment #4622,3561.85,Food & Dining
TXN862192,fortis hospital payment #8720,3080.47,Health & Fitness
TXN999812,housejoy payment #4380,95.79,Others
TXN167399,amazonpay upi payment #5140,1900.39,Financial Services
TXN376722,icici atm payment #7405,542.97,Financial Services
TXN401354,jiomart grocery payment #9955,71.21,Groceries
TXN445188,rapido payment #2635,2783.98,Travel & Transport
TXN249633,urbanclap payment #5904,2474.52,Others
TXN640776,spencer’s retail payment #3784,4159.17,Groceries
TXN224796,reversal charge payment #2571,691.49,Financial Services
TXN785975,airtel recharge payment #1297,1623.36,Utilities
TXN203510,spencer’s retail payment #7810,3095.61,Groceries
TXN842757,indianoil payment #3661,1682.99,Fuel
TXN830138,hathway broadband payment #5006,841.0,Utilities
TXN440134,myntra payment #1786,3320.26,Shopping
TXN766853,adobe creative cloud payment #8291,4921.33,Bills & Subscriptions
TXN876124,airindia payment #5440,1781.72,Travel & Transport
TXN282826,atm withdrawal payment #7628,2509.87,Financial Services
TXN909068,jio fiber payment #1765,2999.28,Utilities
TXN914002,mcdonalds payment #6400,623.27,Food & Dining
TXN975376,d mart payment #8133,1630.74,Shopping
TXN678985,nykaa payment #9901,2254.34,Shopping
TXN186461,apple music payment #4621,2039.24,Bills & Subscriptions
TXN349518,pvr cinemas payment #1306,2681.04,Entertainment
TXN941316,amazonpay upi payment #6877,4546.96,Financial Services
TXN223451,youtube premium payment #8715,3548.16,Bills & Subscriptions
TXN966980,notion subscription payment #6070,383.66,Bills & Subscriptions
TXN485850,myntra payment #4607,3065.3,Shopping
TXN725221,act fibernet payment #6971,3320.72,Utilities
TXN690904,amazon payment #6777,1663.63,Shopping
TXN728709,talwalkars gym payment #9125,1639.82,Health & Fitness
TXN923399,dunzo payment #4086,579.53,Groceries
TXN895445,bookmyshow payment #6004,140.69,Entertainment
TXN563629,water tax payment #3339,2087.8,Utilities
TXN192026,rapido payment #2705,3846.92,Travel & Transport
TXN656381,apollo pharmacy payment #6843,2769.99,Health & Fitness
TXN936755,jiomart grocery payment #1638,4562.24,Groceries
TXN290352,wow momo payment #3750,3313.52,Food & Dining
TXN724020,kritunga payment #9547,1047.02,Food & Dining
TXN305266,apollo pharmacy payment #9421,88.42,Health & Fitness
TXN236214,makemytrip payment #2152,2191.48,Travel & Transport
TXN715211,local technician payment #9457,3196.32,Others
TXN394401,more supermarket payment #9123,84.81,Groceries
TXN866008,1mg payment #5037,3715.34,Health & Fitness
TXN589205,jiomart grocery payment #3074,2907.71,Groceries
TXN921187,behrouz biryani payment #1796,3494.86,Food & Dining
TXN884511,hp petrol payment #8958,2628.31,Fuel
TXN638301,canva pro payment #3384,4418.45,Bills & Subscriptions
TXN672625,tata play dth payment #2718,2587.02,Utilities
TXN515158,airindia payment #8658,4847.31,Travel & Transport
TXN776383,indianoil payment #1140,3573.23,Fuel
TXN745373,bajaj finance emi payment #5662,1224.2,Financial Services
TXN585023,blinkit payment #6122,3920.08,Groceries
TXN390564,donation payment payment #6074,3314.27,Others
TXN879949,swiggy payment #3791,2286.9,Food & Dining
TXN398644,cult fit payment #6625,1958.73,Health & Fitness
TXN970679,urban company payment #8404,1523.71,Others
TXN939209,bsnl bill payment #1507,3462.38,Utilities
TXN319464,airindia payment #9444,1737.37,Travel & Transport
TXN584506,nature's basket payment #1887,4776.28,Groceries
TXN572320,spencer’s retail payment #6148,1851.18,Groceries
TXN445889,adobe creative cloud payment #9140,4613.57,Bills & Subscriptions
TXN424460,1mg payment #9622,1923.16,Health & Fitness
TXN981861,bharatpetrol payment #9008,3402.09,Fuel
TXN945540,indianoil payment #2603,4980.59,Fuel
TXN198481,parking charges payment #7355,2356.56,Others
TXN789531,donation payment payment #6182,4306.41,Others
TXN632530,reimbursement payment #9059,3150.77,Financial Services
TXN255831,adobe creative cloud payment #3567,1970.13,Bills & Subscriptions
TXN437166,hp petrol payment #9209,3591.71,Fuel
TXN528658,uber payment #4098,1219.67,Travel & Transport
TXN815252,nature's basket payment #6456,692.98,Groceries
TXN961259,googlepay upi payment #3264,1159.83,Financial Services
TXN266327,parking charges payment #4204,1993.31,Others
TXN948153,bookmyshow payment #6423,1602.13,Entertainment
TXN375232,faasos payment #3553,3134.19,Food & Dining
TXN357600,bigbasket payment #3096,982.45,Groceries
TXN544471,makemytrip payment #5784,2462.13,Travel & Transport
TXN844867,nature's basket payment #4981,4436.84,Groceries
TXN143937,hathway broadband payment #8397,1872.32,Utilities
TXN593107,amazon payment #2860,252.72,Shopping
TXN378364,ola payment #6065,1013.08,Travel & Transport
TXN216556,act fibernet payment #7416,4006.64,Utilities
TXN794861,flipkart payment #5084,2777.51,Shopping
TXN600809,dunzo payment #3416,4784.93,Groceries
TXN983675,donation payment payment #1233,3791.33,Others
TXN208389,healthspring payment #7639,196.84,Health & Fitness
TXN780638,myntra payment #9864,4353.05,Shopping
TXN482392,essar petrol payment #1432,3564.92,Fuel
TXN360395,pharmeasy payment #6778,1452.25,Health & Fitness
TXN487676,urbanclap payment #7078,4687.21,Others
TXN232193,hathway broadband payment #1836,2924.13,Utilities
TXN106938,medplus payment #8023,3543.18,Health & Fitness
TXN735138,prime video payment #9829,2462.08,Entertainment
TXN343360,housejoy payment #4545,4618.51,Others
TXN704565,urban company payment #4140,2466.39,Others
TXN137083,bigbasket payment #7734,1351.12,Groceries
TXN519752,bank service charge payment #5000,930.82,Financial Services
TXN544689,spencer’s retail payment #3328,3618.32,Groceries
TXN256936,bigbasket payment #4010,959.52,Groceries
TXN809397,reversal charge payment #6524,2248.41,Financial Services
TXN552634,icici atm payment #1608,565.71,Financial Services
TXN457313,nobroker services payment #2099,167.6,Others
TXN317271,urbanclap payment #1914,904.59,Others
TXN579299,more supermarket payment #1543,1301.61,Groceries
TXN500967,talwalkars gym payment #2876,4475.53,Health & Fitness
TXN819183,pantaloons payment #4172,415.73,Shopping
TXN716736,ioc fuel station payment #4788,3446.98,Fuel
TXN706067,parking charges payment #3581,4203.44,Others
TXN335228,cult fit payment #6524,606.75,Health & Fitness
TXN538203,bajaj finance emi payment #3839,470.95,Financial Services
TXN252376,neft transfer payment #3063,4493.69,Financial Services
TXN884961,adobe creative cloud payment #8282,3279.22,Bills & Subscriptions
TXN430885,irctc payment #1887,2297.45,Travel & Transport
TXN871057,vistara airlines payment #9044,2820.32,Travel & Transport
TXN252351,figma pro payment #9970,3956.97,Bills & Subscriptions
TXN826631,icici atm payment #3601,1007.9,Financial Services
TXN182995,local technician payment #1422,4161.44,Others
TXN405278,croma payment #1868,4881.4,Shopping
TXN627716,redbus payment #6991,3533.26,Travel & Transport
TXN614923,nature's basket payment #5435,729.9,Groceries
TXN958231,apollo pharmacy payment #7831,4230.98,Health & Fitness
TXN561332,reimbursement payment #5346,2161.61,Financial Services
TXN285476,pantaloons payment #6613,3156.75,Shopping
TXN828631,water tax payment #8631,1126.72,Utilities
TXN373543,makemytrip payment #9787,2499.35,Travel & Transport
TXN536809,icici emi payment payment #5466,67.84,Financial Services
TXN555057,water tax payment #1866,2367.11,Utilities
TXN624417,kfc payment #9420,4529.17,Food & Dining
TXN672266,jiomart grocery payment #3509,4769.8,Groceries
TXN934210,irctc payment #2004,2024.48,Travel & Transport
TXN520535,reliance fresh payment #3402,2587.62,Groceries
TXN369649,donation payment payment #7187,402.44,Others
TXN305389,pizza hut payment #6596,182.89,Food & Dining
TXN134891,hotstar payment #7950,3245.1,Entertainment
TXN669113,tata play dth payment #7517,3656.75,Utilities
TXN823489,youtube premium payment #2216,3984.75,Bills & Subscriptions
TXN705267,nobroker services payment #8732,1921.09,Others
TXN300181,bsnl bill payment #9580,764.51,Utilities
TXN240022,starbucks payment #5300,3816.8,Food & Dining
TXN804906,canva pro payment #7112,1229.2,Bills & Subscriptions
TXN930265,housejoy payment #7535,461.87,Others
TXN746766,rtgs transfer payment #2402,2905.16,Financial Services
TXN561365,microsoft 365 payment #9557,2803.01,Bills & Subscriptions
TXN917306,bank a/c transfer payment #9428,2382.84,Financial Services
TXN484847,nobroker services payment #2683,2455.2,Others
TXN859725,amazon payment #2695,2423.72,Shopping
TXN398824,bajaj finance emi payment #1953,4143.7,Financial Services
TXN707105,hp petrol payment #9977,2152.01,Fuel
TXN833361,water tax payment #8422,3005.66,Utilities
TXN187280,lifestyle payment #7754,4564.46,Shopping
TXN196039,urbanclap payment #2103,1671.24,Others
TXN809136,reversal charge payment #1839,4629.51,Financial Services
TXN682240,netflix payment #9132,4085.45,Entertainment
TXN490305,airtel recharge payment #1193,3646.24,Utilities
TXN692808,phonepe upi payment #5735,1772.68,Financial Services
TXN837494,spotify payment #4762,3446.08,Entertainment
TXN112535,local technician payment #2341,919.34,Others
TXN482179,urban company payment #8711,3119.52,Others
TXN807200,jiomart grocery payment #8548,1381.7,Groceries
TXN771092,donation payment payment #6468,4307.47,Others
TXN723905,ioc fuel station payment #6264,3015.77,Fuel
TXN463382,pvr cinemas payment #3736,1309.3,Entertainment
TXN801443,croma payment #5225,3332.38,Shopping
TXN524110,urban company payment #2366,327.97,Others
TXN562221,ola payment #4460,1778.65,Travel & Transport
TXN197429,uber payment #7002,4708.73,Travel & Transport
TXN565713,hp petrol payment #4764,2320.0,Fuel
TXN497746,fortis hospital payment #8328,3720.72,Health & Fitness
TXN904386,google one payment #7172,3730.53,Bills & Subscriptions
TXN904070,bank service charge payment #9133,1635.14,Financial Services
TXN938796,pizza hut payment #1760,1540.83,Food & Dining
TXN641286,act fibernet payment #7405,3096.12,Utilities
TXN640549,google one payment #1571,1411.41,Bills & Subscriptions
TXN627764,paytm upi payment #6528,4782.21,Financial Services
TXN806572,cult fit payment #1739,1452.05,Health & Fitness
TXN128111,water tax payment #6418,1314.68,Utilities
TXN492047,spencer’s retail payment #5234,1085.04,Groceries
TXN872420,bharatpetrol payment #8231,769.52,Fuel
TXN194926,dunzo payment #2909,531.0,Groceries
TXN660182,bank service charge payment #2160,1891.13,Financial Services
TXN739304,redbus payment #9383,3403.27,Travel & Transport
TXN180084,canva pro payment #3718,3002.45,Bills & Subscriptions
TXN223505,bharatpetrol payment #7751,4142.43,Fuel
TXN858343,adobe creative cloud payment #8437,308.96,Bills & Subscriptions
TXN108717,essar petrol payment #9714,1411.24,Fuel
TXN377555,phonepe upi payment #7858,781.59,Financial Services
TXN794888,d mart payment #9115,3100.19,Shopping
TXN410909,amazon payment #6437,1707.99,Shopping
TXN607793,apple music payment #9471,4122.05,Bills & Subscriptions
TXN167358,google one payment #3308,3605.4,Bills & Subscriptions
TXN738425,makemytrip payment #5184,4860.13,Travel & Transport
TXN105158,microsoft 365 payment #7333,2261.94,Bills & Subscriptions
TXN208730,irctc payment #8465,2940.18,Travel & Transport
TXN184519,pvr cinemas payment #3953,3426.85,Entertainment
TXN623277,redbus payment #4000,438.69,Travel & Transport
TXN939500,airtel recharge payment #6638,4052.93,Utilities
TXN544410,decathlon payment #3964,4169.29,Shopping
TXN643655,zee5 subscription payment #9248,3117.38,Entertainment
TXN650226,local technician payment #9876,2302.23,Others
TXN445389,prime video payment #5567,1686.68,Entertainment
TXN172636,microsoft 365 payment #5831,4423.21,Bills & Subscriptions
TXN857117,bharatpetrol payment #3231,71.14,Fuel
TXN824834,more supermarket payment #1053,2108.95,Groceries
TXN449040,tata play dth payment #8433,950.88,Utilities
TXN363368,urbanclap payment #4420,4939.96,Others
TXN216266,medplus payment #1445,2603.87,Health & Fitness
TXN400252,meesho payment #9650,4215.37,Shopping
TXN853681,makemytrip payment #7912,3040.01,Travel & Transport
TXN477635,housejoy payment #2145,2065.26,Others
TXN835293,fortis hospital payment #3167,723.71,Health & Fitness
TXN129593,ioc fuel station payment #8624,4486.48,Fuel
TXN643644,nobroker services payment #5134,1709.67,Others
TXN497166,sbi atm payment #2673,4840.61,Financial Services
TXN766543,phonepe upi payment #8364,3547.44,Financial Services
TXN977654,airindia payment #4492,1277.98,Travel & Transport
TXN170680,spotify payment #9061,4051.71,Entertainment
TXN398077,notion subscription payment #3653,3196.91,Bills & Subscriptions
TXN538692,makemytrip payment #6769,4367.41,Travel & Transport
TXN236376,ioc fuel station payment #2722,360.0,Fuel
TXN615419,urbanclap payment #1234,1088.05,Others
TXN665797,apple music payment #8999,2810.12,Bills & Subscriptions
TXN830809,icici atm payment #6225,2110.17,Financial Services
TXN447423,rapido payment #9366,3131.79,Travel & Transport
TXN554042,notion subscription payment #6794,1914.71,Bills & Subscriptions
TXN273274,act fibernet payment #1470,445.53,Utilities
TXN284570,parking charges payment #9556,2777.33,Others
TXN794967,tneb payment payment #3807,426.33,Utilities
TXN431453,notion subscription payment #1679,2192.32,Bills & Subscriptions
TXN898154,blinkit payment #9617,1981.06,Groceries
TXN826326,irctc payment #3561,2707.44,Travel & Transport
TXN444287,microsoft 365 payment #1589,2272.59,Bills & Subscriptions
TXN980526,amazon payment #4608,1250.57,Shopping
TXN682471,urban company payment #9853,4081.73,Others
TXN319790,hotstar payment #3745,3973.71,Entertainment
TXN500173,amazon payment #8087,1079.53,Shopping
TXN925908,notion subscription payment #3077,4901.81,Bills & Subscriptions
TXN548240,prime video payment #3231,2748.44,Entertainment
TXN654889,canva pro payment #3359,971.46,Bills & Subscriptions
TXN256807,zee5 subscription payment #4984,4908.71,Entertainment
TXN570638,bank service charge payment #8915,4970.01,Financial Services
TXN183879,adobe creative cloud payment #8170,4164.25,Bills & Subscriptions
TXN338609,hdfc loan emi payment #9797,950.88,Financial Services
TXN952771,bharatpetrol payment #6684,3206.75,Fuel
TXN458742,donation payment payment #4976,1873.0,Others
TXN943285,cult fit payment #3114,1004.75,Health & Fitness
TXN158651,prime video payment #1598,3239.37,Entertainment
TXN473767,rapido payment #9695,1104.18,Travel & Transport
TXN913641,jiomart grocery payment #3061,1130.7,Groceries
TXN278483,bookmyshow payment #3073,3740.05,Entertainment
TXN123745,canva pro payment #8342,4088.28,Bills & Subscriptions
TXN900380,irctc payment #1684,3953.86,Travel & Transport
TXN530487,d mart payment #5757,1743.81,Shopping
TXN580408,adobe creative cloud payment #8370,4906.46,Bills & Subscriptions
TXN535755,urbanclap payment #2703,1501.2,Others
TXN768605,hotstar payment #7903,1830.44,Entertainment
TXN344157,redbus payment #8540,4353.75,Travel & Transport
TXN498578,notion subscription payment #6624,4214.97,Bills & Subscriptions
TXN639911,bigbasket payment #5563,1520.25,Groceries
TXN623722,housejoy payment #8065,3743.33,Others
TXN753891,hp petrol payment #3921,977.69,Fuel
TXN469360,starbucks payment #6411,1452.95,Food & Dining
TXN130416,figma pro payment #8171,4594.2,Bills & Subscriptions
TXN350768,sbi card payment payment #3648,4252.62,Financial Services
TXN710988,local technician payment #6124,1345.76,Others
TXN387925,blinkit payment #7909,4796.49,Groceries
TXN316351,bajaj finance emi payment #6292,2092.27,Financial Services
TXN336337,rtgs transfer payment #1773,687.43,Financial Services
TXN353046,reliance petrol pump payment #2922,2582.68,Fuel
TXN250765,figma pro payment #7159,501.03,Bills & Subscriptions
TXN676427,adobe creative cloud payment #7951,1276.37,Bills & Subscriptions
TXN912710,bigbasket payment #9980,1636.32,Groceries
TXN222649,swiggy payment #1277,2727.15,Food & Dining
TXN978397,jio fiber payment #5590,1073.19,Utilities
TXN235581,bharatpetrol payment #1346,2048.32,Fuel
TXN636340,donation payment payment #3714,2276.77,Others
TXN483584,hotstar payment #7241,4990.02,Entertainment
TXN585155,spencer’s retail payment #7030,3317.25,Groceries
TXN457172,blinkit payment #9104,1799.59,Groceries
TXN485712,nature's basket payment #7076,3077.45,Groceries
TXN821765,sbi atm payment #4932,1654.84,Financial Services
TXN564634,nobroker services payment #2359,713.32,Others
TXN177916,faasos payment #5689,2594.03,Food & Dining
TXN823180,adobe creative cloud payment #3628,3140.11,Bills & Subscriptions
TXN250378,tneb payment payment #7012,3708.39,Utilities
TXN776580,icici emi payment payment #9676,4476.39,Financial Services
TXN513513,apple music payment #2217,3885.47,Bills & Subscriptions
TXN739902,housejoy payment #2099,526.59,Others
TXN972657,donation payment payment #5904,965.62,Others
TXN435197,water tax payment #5847,1512.21,Utilities
TXN927842,amazon payment #1661,4028.96,Shopping
TXN902196,urban company payment #7319,2394.24,Others
TXN637805,blinkit payment #1421,2342.99,Groceries
TXN297711,apple music payment #1928,1535.92,Bills & Subscriptions
TXN923943,jio fiber payment #2500,902.9,Utilities
TXN110073,pantaloons payment #5681,4960.48,Shopping
TXN344896,decathlon payment #8151,1041.36,Shopping
TXN703848,ksrtc bus payment #1361,4185.71,Travel & Transport
TXN962706,ola payment #2450,921.34,Travel & Transport
TXN470757,youtube premium payment #3699,1840.4,Bills & Subscriptions
TXN841764,inox movies payment #2001,2935.82,Entertainment
TXN737305,atm withdrawal payment #8838,4629.11,Financial Services
TXN261337,ola payment #4877,724.66,Travel & Transport
TXN680584,act fibernet payment #2414,2062.85,Utilities
TXN313853,dunzo payment #2865,4776.32,Groceries
TXN844543,airindia payment #9230,1346.83,Travel & Transport
TXN730012,water tax payment #4511,389.85,Utilities
TXN584107,local technician payment #3881,2190.41,Others
TXN350836,fortis hospital payment #9086,481.56,Health & Fitness
TXN258059,irctc payment #2908,624.07,Travel & Transport
TXN626910,googlepay upi payment #4339,3115.27,Financial Services
TXN720823,chai point payment #5751,245.2,Food & Dining
TXN731601,goibibo payment #9612,220.13,Travel & Transport
TXN845961,atm fee payment #9655,2747.93,Financial Services
TXN948895,ccd cafe payment #5948,3403.26,Food & Dining
TXN808942,tneb payment payment #2764,981.87,Utilities
TXN803281,bigbasket payment #2148,2590.03,Groceries
TXN198671,hp petrol payment #4389,1638.62,Fuel
TXN756445,spotify payment #8062,1205.85,Entertainment
TXN846087,talwalkars gym payment #5921,316.48,Health & Fitness
TXN824337,subway payment #4566,471.13,Food & Dining
TXN931713,google one payment #9293,3110.98,Bills & Subscriptions
TXN217455,pvr cinemas payment #1494,227.04,Entertainment
TXN124039,essar petrol payment #3603,1069.42,Fuel
TXN721211,bharatpetrol payment #5317,4765.79,Fuel
TXN180334,tata play dth payment #9078,187.69,Utilities
TXN461698,goibibo payment #7403,2400.01,Travel & Transport
TXN475501,bajaj finance emi payment #3514,2296.22,Financial Services
TXN965609,nobroker services payment #2232,802.52,Others
TXN975821,medplus payment #1427,632.48,Health & Fitness
TXN863456,essar petrol payment #9254,2512.44,Fuel
TXN430780,mcdonalds payment #1898,3279.0,Food & Dining
TXN908961,netflix payment #7211,4772.83,Entertainment
TXN123813,indianoil payment #8563,2151.4,Fuel
TXN522150,hdfc atm payment #5602,2989.35,Financial Services
TXN850479,spencer’s retail payment #5023,2016.2,Groceries
TXN162144,westside payment #8556,1276.7,Shopping
TXN648316,bajaj finance emi payment #6214,585.07,Financial Services
TXN387675,imps transfer payment #2076,2920.99,Financial Services
TXN361774,urbanclap payment #4242,2819.19,Others
TXN937897,ajio payment #1501,1526.31,Shopping
TXN407392,healthspring payment #9043,4453.28,Health & Fitness
TXN753316,goibibo payment #4157,3482.77,Travel & Transport
TXN728913,urban company payment #6489,1254.86,Others
TXN650081,reversal charge payment #3328,2489.79,Financial Services
TXN878771,tneb payment payment #6532,3445.19,Utilities
TXN321850,rapido payment #2844,1616.01,Travel & Transport
TXN919695,dunzo payment #7894,4476.12,Groceries
TXN273112,paytm upi payment #9509,4600.72,Financial Services
TXN674414,shell payment #4378,2503.26,Fuel
TXN252431,bookmyshow payment #4154,2012.08,Entertainment
TXN828610,reliance petrol pump payment #5228,134.12,Fuel
TXN644087,shell payment #6965,1313.91,Fuel
TXN642387,redbus payment #5480,2134.4,Travel & Transport
TXN203038,talwalkars gym payment #5354,4721.46,Health & Fitness
TXN236597,medplus payment #2447,2480.91,Health & Fitness
TXN449088,icici atm payment #8493,1178.53,Financial Services
TXN519048,tneb payment payment #8877,2896.68,Utilities
TXN416575,bank a/c transfer payment #9411,1337.73,Financial Services
TXN365354,bank service charge payment #5413,562.02,Financial Services
TXN218216,wow momo payment #9913,2225.09,Food & Dining
TXN176222,airindia payment #2121,3530.09,Travel & Transport
TXN505495,fortis hospital payment #6028,635.4,Health & Fitness
TXN193665,paytm upi payment #2247,4393.38,Financial Services
TXN920714,apple music payment #1362,2028.36,Bills & Subscriptions
TXN497498,hathway broadband payment #5417,1731.94,Utilities
TXN625101,act fibernet payment #7524,918.48,Utilities
TXN990548,shell payment #5185,2557.46,Fuel
TXN946153,shell payment #5373,2287.78,Fuel
TXN762577,paytm upi payment #5467,1485.84,Financial Services
TXN988772,housejoy payment #6537,1440.01,Others
TXN130054,nature's basket payment #7946,3389.11,Groceries
TXN197219,bhim upi payment #2412,4962.76,Financial Services
TXN259580,spencer’s retail payment #3255,3235.47,Groceries
TXN494691,spotify payment #9563,4784.48,Entertainment
TXN824005,jiomart grocery payment #3059,4540.13,Groceries
TXN509551,pizza hut payment #4402,3731.54,Food & Dining
TXN709149,adobe creative cloud payment #1906,2698.64,Bills & Subscriptions
TXN371201,water tax payment #4173,156.31,Utilities
TXN816144,salary credit payment #7658,2889.25,Financial Services
TXN298155,airtel recharge payment #2140,2740.8,Utilities
TXN352232,pharmeasy payment #1315,4287.86,Health & Fitness
TXN297991,goibibo payment #5456,3160.41,Travel & Transport
TXN281110,prime video payment #7880,217.93,Entertainment
TXN844304,inox movies payment #6494,3577.01,Entertainment
TXN367473,faasos payment #6822,4065.94,Food & Dining
TXN704061,vistara airlines payment #8008,3756.79,Travel & Transport
TXN877916,act fibernet payment #2385,734.03,Utilities
TXN597707,inox movies payment #3136,4231.47,Entertainment
TXN217698,tneb payment payment #1196,2527.42,Utilities
TXN314636,1mg payment #8320,3259.39,Health & Fitness
TXN830980,indigo payment #5662,2331.74,Travel & Transport
TXN955758,tneb payment payment #2925,1209.46,Utilities
TXN543089,medplus payment #3659,2776.47,Health & Fitness
TXN820216,goibibo payment #2492,3049.9,Travel & Transport
TXN566570,parking charges payment #2482,278.61,Others
TXN231543,icici emi payment payment #2694,2803.12,Financial Services
TXN570256,donation payment payment #6535,3133.66,Others
TXN142943,1mg payment #4922,3701.45,Health & Fitness
TXN194227,vistara airlines payment #5617,1543.59,Travel & Transport
TXN428601,irctc payment #5017,3146.29,Travel & Transport
TXN311805,tneb payment payment #9877,3946.52,Utilities
TXN949008,urban company payment #9763,2442.8,Others
TXN701650,inox movies payment #9059,4304.25,Entertainment
TXN245249,google one payment #1790,3314.75,Bills & Subscriptions
TXN845511,healthspring payment #8476,1922.87,Health & Fitness
TXN642798,hotstar payment #6597,4148.3,Entertainment
TXN976391,apple music payment #2060,4423.48,Bills & Subscriptions
TXN928790,figma pro payment #9548,4800.94,Bills & Subscriptions
TXN611328,blinkit payment #1033,411.27,Groceries
TXN225053,dunzo payment #7824,624.17,Groceries
TXN366945,faasos payment #5223,4668.47,Food & Dining
TXN352829,1mg payment #9271,4840.79,Health & Fitness
TXN280839,reversal charge payment #5971,2314.51,Financial Services
TXN673172,makemytrip payment #9457,1103.78,Travel & Transport
TXN352890,parking charges payment #4026,1715.59,Others
TXN580762,prime video payment #9119,4853.92,Entertainment
TXN763248,neft transfer payment #2982,2370.34,Financial Services
TXN199412,d mart payment #6477,1249.14,Shopping
TXN677347,flipkart payment #1504,3767.27,Shopping
TXN699524,westside payment #8914,871.69,Shopping
TXN531944,bigbasket payment #7649,3091.8,Groceries
TXN853846,phonepe upi payment #6907,2728.66,Financial Services
TXN581688,reliance petrol pump payment #6914,4964.12,Fuel
TXN240086,burger king payment #9677,1571.82,Food & Dining
TXN816036,zomato payment #4095,4154.09,Food & Dining
TXN568732,netflix payment #1346,4168.23,Entertainment
TXN653364,bhim upi payment #1995,2462.72,Financial Services
TXN848257,local technician payment #7830,3771.48,Others
TXN939435,medplus payment #9170,862.9,Health & Fitness
TXN345973,reversal charge payment #9435,4821.32,Financial Services
TXN805048,goibibo payment #3532,1393.03,Travel & Transport
TXN561644,talwalkars gym payment #9860,3626.55,Health & Fitness
TXN162144,cult fit payment #6695,3097.67,Health & Fitness
TXN951521,pvr cinemas payment #5407,3382.33,Entertainment
TXN547815,tata play dth payment #3182,1617.48,Utilities
TXN194174,zee5 subscription payment #5524,1834.23,Entertainment
TXN714443,reliance fresh payment #8319,2535.62,Groceries
TXN103662,makemytrip payment #6734,2409.31,Travel & Transport
TXN891461,paytm upi payment #3168,1571.29,Financial Services
TXN516496,amazon payment #3941,970.22,Shopping
TXN986210,more supermarket payment #3048,338.82,Groceries
TXN564835,pharmeasy payment #7082,1759.3,Health & Fitness
TXN583861,hp petrol payment #1540,100.04,Fuel
TXN451284,uber payment #4720,3675.58,Travel & Transport
TXN778739,burger king payment #3402,2598.96,Food & Dining
TXN485976,meesho payment #8841,2351.67,Shopping
TXN605610,kfc payment #4278,1745.86,Food & Dining
TXN164853,local technician payment #1405,2988.1,Others
TXN729648,jio fiber payment #7687,2027.23,Utilities
TXN341747,hp petrol payment #8118,723.21,Fuel
TXN472194,bharatpetrol payment #9729,691.12,Fuel
TXN342092,cult fit payment #9513,3877.99,Health & Fitness
TXN621448,spotify payment #4589,4481.29,Entertainment
TXN206962,urban company payment #4406,971.88,Others
TXN964605,bhim upi payment #8725,4059.07,Financial Services
TXN249500,imps transfer payment #6114,2738.93,Financial Services
TXN314343,urban company payment #1557,1292.37,Others
TXN344550,netflix payment #4130,1372.13,Entertainment
TXN950078,essar petrol payment #9804,662.76,Fuel
TXN517987,adobe creative cloud payment #7015,2690.21,Bills & Subscriptions
TXN477537,parking charges payment #3095,4842.92,Others
TXN382467,nobroker services payment #1207,4459.72,Others
TXN939853,bookmyshow payment #9581,2227.45,Entertainment
TXN600714,donation payment payment #2862,1889.84,Others
TXN410160,fortis hospital payment #7326,2724.75,Health & Fitness
TXN200515,hathway broadband payment #3360,1570.46,Utilities
TXN930000,water tax payment #9837,3345.15,Utilities
TXN556210,shell payment #3577,3122.58,Fuel
TXN759804,uber payment #3383,1649.88,Travel & Transport
TXN647770,bookmyshow payment #8023,3256.08,Entertainment
TXN861085,canva pro payment #5310,3102.86,Bills & Subscriptions
TXN766537,tanishq payment #4496,4960.62,Shopping
TXN743415,bigbasket payment #8484,1143.69,Groceries
TXN328267,jiomart grocery payment #9484,4572.84,Groceries
TXN123967,urban company payment #7099,447.5,Others
TXN492304,hp petrol payment #9352,518.29,Fuel
TXN917236,spencer’s retail payment #6944,4821.56,Groceries
TXN515364,zomato payment #1191,682.45,Food & Dining
TXN524449,fortis hospital payment #9585,4390.91,Health & Fitness
TXN777623,donation payment payment #7607,3848.7,Others
TXN537834,bookmyshow payment #9097,4952.81,Entertainment
TXN549379,hotstar payment #9714,4360.62,Entertainment
TXN859335,hp petrol payment #6871,2819.59,Fuel
TXN342337,dunzo payment #1015,4458.36,Groceries
TXN998122,canva pro payment #3402,966.73,Bills & Subscriptions
TXN441053,zee5 subscription payment #2690,886.04,Entertainment
TXN409284,tata play dth payment #8237,1247.97,Utilities
TXN338920,reliance petrol pump payment #7793,3399.49,Fuel
TXN107573,blinkit payment #5735,3094.68,Groceries
TXN926147,reliance petrol pump payment #6249,2836.27,Fuel
TXN308023,redbus payment #7029,1843.35,Travel & Transport
TXN327751,subway payment #9037,338.13,Food & Dining
TXN116462,neft transfer payment #2491,790.6,Financial Services
TXN313934,urban company payment #8663,3694.69,Others
TXN467970,fortis hospital payment #3748,1146.16,Health & Fitness
TXN278270,talwalkars gym payment #4045,1064.19,Health & Fitness
TXN380915,bharatpetrol payment #8405,4594.71,Fuel
TXN546782,more supermarket payment #2070,3012.03,Groceries
TXN708447,nobroker services payment #2573,75.19,Others
TXN675369,swiggy payment #5953,3035.88,Food & Dining
TXN884114,notion subscription payment #1375,2011.84,Bills & Subscriptions
TXN533429,bookmyshow payment #3527,4882.01,Entertainment
TXN911125,indigo payment #8328,4623.68,Travel & Transport
TXN474765,adobe creative cloud payment #9422,3339.14,Bills & Subscriptions
TXN195803,nature's basket payment #5577,3169.0,Groceries
TXN728589,zee5 subscription payment #1380,3985.05,Entertainment
TXN406850,shell payment #7796,528.8,Fuel
TXN115182,donation payment payment #2760,1860.45,Others
TXN850541,rapido payment #5045,3768.57,Travel & Transport
TXN367325,redbus payment #5917,2204.88,Travel & Transport
TXN665771,bookmyshow payment #4830,3458.9,Entertainment
TXN237120,netflix payment #6334,3733.79,Entertainment
TXN557958,youtube premium payment #7373,3312.95,Bills & Subscriptions
TXN668664,bsnl bill payment #8249,2787.97,Utilities
TXN890260,makemytrip payment #9661,2240.59,Travel & Transport
TXN357437,adobe creative cloud payment #5480,4884.49,Bills & Subscriptions
TXN632793,rapido payment #7607,264.81,Travel & Transport
TXN265405,jio fiber payment #7472,2541.65,Utilities
TXN636350,airtel recharge payment #1738,791.5,Utilities
TXN378100,spencer’s retail payment #3709,1438.07,Groceries
TXN475733,bharatpetrol payment #4804,3883.92,Fuel
TXN285392,goibibo payment #6406,2058.22,Travel & Transport
TXN507765,starbucks payment #6827,4110.23,Food & Dining
TXN105357,bhim upi payment #2040,2546.8,Financial Services
TXN539990,youtube premium payment #6084,1087.41,Bills & Subscriptions
TXN414210,blinkit payment #1011,1939.72,Groceries
TXN372165,bigbasket payment #7592,1099.09,Groceries
TXN788991,pvr cinemas payment #3007,2324.8,Entertainment
TXN221417,burger king payment #3906,451.27,Food & Dining
TXN862340,airtel recharge payment #4895,4925.81,Utilities
TXN678026,spencer’s retail payment #6753,3508.82,Groceries
TXN144465,1mg payment #1727,3210.44,Health & Fitness
TXN325294,ola payment #4630,1603.59,Travel & Transport
TXN536190,bharatpetrol payment #9909,698.56,Fuel
TXN640671,nobroker services payment #4660,56.28,Others
TXN275479,hathway broadband payment #1424,3758.58,Utilities
TXN302399,nature's basket payment #8895,3937.75,Groceries
TXN171911,youtube premium payment #1510,574.34,Bills & Subscriptions
TXN199275,meesho payment #8629,4062.7,Shopping
TXN503457,google one payment #1897,4560.54,Bills & Subscriptions
TXN737099,parking charges payment #5836,498.55,Others
TXN755855,dunzo payment #7572,988.98,Groceries
TXN226682,airtel recharge payment #6505,4391.58,Utilities
TXN973793,dunzo payment #4647,3375.62,Groceries
TXN626035,spencer’s retail payment #2335,2684.66,Groceries
TXN662317,talwalkars gym payment #1127,430.17,Health & Fitness
TXN726467,reimbursement payment #3418,1590.38,Financial Services
TXN118111,essar petrol payment #6990,856.53,Fuel
TXN261164,hotstar payment #2371,3020.8,Entertainment
TXN177831,more supermarket payment #3301,1077.3,Groceries
TXN241315,bharatpetrol payment #3673,2903.61,Fuel
TXN143357,reversal charge payment #5344,4364.09,Financial Services
TXN601219,urbanclap payment #4493,4721.16,Others
TXN620121,urbanclap payment #8719,4681.39,Others
TXN367267,hathway broadband payment #8355,1957.52,Utilities
TXN171610,youtube premium payment #2740,1973.87,Bills & Subscriptions
TXN855829,croma payment #3151,3955.52,Shopping
TXN507193,reimbursement payment #1975,1186.29,Financial Services
TXN433448,nature's basket payment #8034,4718.8,Groceries
TXN681296,hotstar payment #2931,881.69,Entertainment
TXN668372,apollo pharmacy payment #2039,4165.74,Health & Fitness
TXN800631,dominos payment #3158,3352.77,Food & Dining
TXN305171,parking charges payment #4631,1188.61,Others
TXN906340,googlepay upi payment #9322,1656.5,Financial Services
TXN331904,spotify payment #3468,344.86,Entertainment
TXN729180,faasos payment #6584,4089.17,Food & Dining
TXN764027,1mg payment #7339,4236.8,Health & Fitness
TXN402207,ccd cafe payment #1793,4307.88,Food & Dining
TXN168264,airtel recharge payment #2459,1751.71,Utilities
TXN931108,westside payment #4557,292.32,Shopping
TXN924205,apollo pharmacy payment #7634,2618.39,Health & Fitness
TXN365470,ola payment #1218,4710.05,Travel & Transport
TXN835543,redbus payment #9865,4207.18,Travel & Transport
TXN139993,subway payment #5205,4539.83,Food & Dining
TXN376417,adobe creative cloud payment #6335,1402.22,Bills & Subscriptions
TXN960070,vistara airlines payment #1488,4382.64,Travel & Transport
TXN968886,apollo pharmacy payment #6446,2973.58,Health & Fitness
TXN825940,youtube premium payment #3157,2099.16,Bills & Subscriptions
TXN722981,pvr cinemas payment #8081,1735.38,Entertainment
TXN973558,adobe creative cloud payment #9951,3437.07,Bills & Subscriptions
TXN737941,airtel recharge payment #3320,2461.2,Utilities
TXN404460,ola payment #1263,1559.99,Travel & Transport
TXN552018,nature's basket payment #8259,2298.79,Groceries
TXN401627,d mart payment #9743,4247.46,Shopping
TXN729743,zee5 subscription payment #2402,3776.11,Entertainment
TXN998294,jio fiber payment #7401,272.24,Utilities
TXN229460,makemytrip payment #7567,737.97,Travel & Transport
TXN643951,pvr cinemas payment #7149,3377.87,Entertainment
TXN235766,airtel recharge payment #7347,717.02,Utilities
TXN226835,jiomart grocery payment #2389,4788.71,Groceries
TXN518400,fortis hospital payment #9849,728.67,Health & Fitness
TXN725752,apollo pharmacy payment #6053,3851.57,Health & Fitness
TXN675030,apple music payment #7553,1386.84,Bills & Subscriptions
TXN231004,spencer’s retail payment #1753,2441.43,Groceries
TXN882249,healthspring payment #9153,1923.47,Health & Fitness
TXN481600,pvr cinemas payment #2030,271.79,Entertainment
TXN437944,spotify payment #3416,1071.09,Entertainment
TXN456728,meesho payment #4327,937.59,Shopping
TXN971515,d mart payment #7394,4147.63,Shopping
TXN978377,imps transfer payment #9560,2628.94,Financial Services
TXN574602,blinkit payment #2024,3021.01,Groceries
TXN455969,flipkart payment #1926,1841.73,Shopping
TXN446510,amazon payment #4730,3148.39,Shopping
TXN640053,ioc fuel station payment #2950,483.9,Fuel
TXN445387,rapido payment #1272,4596.78,Travel & Transport
TXN353965,more supermarket payment #3447,1476.37,Groceries
TXN106950,myntra payment #3024,3641.73,Shopping
TXN370682,dunzo payment #5437,4421.8,Groceries
TXN832272,essar petrol payment #5541,589.56,Fuel
TXN946668,parking charges payment #1507,421.77,Others
TXN828410,figma pro payment #5345,2584.37,Bills & Subscriptions
TXN975008,essar petrol payment #8628,4222.01,Fuel
TXN147324,spotify payment #5976,3461.41,Entertainment
TXN656692,flipkart payment #7997,4643.45,Shopping
TXN752957,ajio payment #9062,509.01,Shopping
TXN144705,dunzo payment #1253,2536.13,Groceries
TXN270524,local technician payment #6091,1945.19,Others
TXN909874,healthspring payment #9508,4967.23,Health & Fitness
TXN479188,spencer’s retail payment #6447,4063.3,Groceries
TXN914011,figma pro payment #5624,2285.71,Bills & Subscriptions
TXN626666,tneb payment payment #5923,2114.21,Utilities
TXN963989,apple music payment #9093,1017.34,Bills & Subscriptions
TXN884179,urban company payment #5840,1607.11,Others
TXN442816,myntra payment #4319,3215.0,Shopping
TXN812573,mcdonalds payment #9624,4500.23,Food & Dining
TXN148299,apple music payment #6425,2790.02,Bills & Subscriptions
TXN680930,bharatpetrol payment #4774,1715.23,Fuel
TXN266553,apple music payment #8728,2578.38,Bills & Subscriptions
TXN556285,amazonpay upi payment #8746,2234.83,Financial Services
TXN234746,fortis hospital payment #9720,3557.53,Health & Fitness
TXN568447,figma pro payment #9201,1531.18,Bills & Subscriptions
TXN428629,kfc payment #8743,325.3,Food & Dining
TXN851601,indianoil payment #4524,3435.87,Fuel
TXN489459,healthspring payment #2683,3040.68,Health & Fitness
TXN604118,croma payment #1564,685.55,Shopping
TXN330548,ola payment #5314,1321.78,Travel & Transport
TXN944386,reimbursement payment #1249,4104.24,Financial Services
TXN472739,1mg payment #5688,1422.95,Health & Fitness
TXN420750,decathlon payment #7257,3952.85,Shopping
TXN323906,water tax payment #4354,1593.85,Utilities
TXN816728,subway payment #3006,528.59,Food & Dining
TXN390064,jio fiber payment #4981,1174.05,Utilities
TXN982901,jiomart grocery payment #8080,864.91,Groceries
TXN886437,jiomart grocery payment #1412,191.03,Groceries
TXN337278,paytm upi payment #5956,3969.53,Financial Services
TXN481992,indigo payment #9131,3018.79,Travel & Transport
TXN757351,canva pro payment #7772,4077.93,Bills & Subscriptions
TXN978569,chayos payment #2512,2641.29,Food & Dining
TXN221219,zee5 subscription payment #3143,315.75,Entertainment
TXN327908,tneb payment payment #5180,2520.75,Utilities
TXN639984,zee5 subscription payment #4597,4889.27,Entertainment
TXN320888,nykaa payment #1737,4519.96,Shopping
TXN340241,indianoil payment #4050,842.88,Fuel
TXN560295,nature's basket payment #1671,1356.99,Groceries
TXN427362,atm withdrawal payment #2927,2279.82,Financial Services
TXN424695,adobe creative cloud payment #8591,3997.9,Bills & Subscriptions
TXN368265,prime video payment #9132,3629.13,Entertainment
TXN503697,icici emi payment payment #7597,139.09,Financial Services
TXN804863,healthspring payment #1061,2040.97,Health & Fitness
TXN269926,zee5 subscription payment #3281,4813.66,Entertainment
TXN925694,apple music payment #3965,644.72,Bills & Subscriptions
TXN709252,donation payment payment #2981,2716.89,Others
TXN663279,ioc fuel station payment #7804,4289.17,Fuel
TXN899599,nykaa payment #5285,2800.21,Shopping
TXN727779,spotify payment #4530,2161.98,Entertainment
TXN856990,hp petrol payment #5904,4259.91,Fuel
TXN521838,tata play dth payment #1601,2871.11,Utilities
TXN669461,fortis hospital payment #5475,210.68,Health & Fitness
TXN364633,jio fiber payment #4315,517.78,Utilities
TXN646361,housejoy payment #6571,1067.64,Others
TXN217928,vistara airlines payment #2500,4397.49,Travel & Transport
TXN468557,microsoft 365 payment #8094,4908.16,Bills & Subscriptions
TXN224100,kfc payment #3970,4836.01,Food & Dining
TXN684403,icici atm payment #8662,3759.34,Financial Services
TXN421839,urbanclap payment #1310,2395.51,Others
TXN756323,adobe creative cloud payment #5135,3956.96,Bills & Subscriptions
TXN861907,google one payment #7730,461.66,Bills & Subscriptions
TXN700536,hathway broadband payment #7099,4632.3,Utilities
TXN623911,irctc payment #5042,412.59,Travel & Transport
TXN900128,more supermarket payment #4417,4610.91,Groceries
TXN452797,medplus payment #7453,4552.47,Health & Fitness
TXN583620,jiomart grocery payment #7549,927.47,Groceries
TXN695545,talwalkars gym payment #6998,2407.39,Health & Fitness
TXN175395,bharatpetrol payment #7965,3952.15,Fuel
TXN609111,ioc fuel station payment #2463,3889.01,Fuel
TXN330748,vistara airlines payment #6669,411.22,Travel & Transport
TXN938281,youtube premium payment #9919,4801.67,Bills & Subscriptions
TXN996496,irctc payment #9050,2190.15,Travel & Transport
TXN812587,ajio payment #1212,1042.4,Shopping
TXN134768,zee5 subscription payment #1451,619.16,Entertainment
TXN450551,mcdonalds payment #2741,455.89,Food & Dining
TXN396808,goibibo payment #6043,4836.74,Travel & Transport
TXN623649,pantaloons payment #5114,1034.11,Shopping
TXN713444,reliance fresh payment #5285,3802.8,Groceries
TXN512908,bigbasket payment #9594,480.8,Groceries
TXN965618,ccd cafe payment #5097,3897.82,Food & Dining
TXN459270,netflix payment #2467,1593.74,Entertainment
TXN499948,bookmyshow payment #1438,2675.06,Entertainment
TXN505908,zee5 subscription payment #4787,2335.86,Entertainment
TXN223911,spotify payment #7461,4890.15,Entertainment
TXN290006,googlepay upi payment #8505,3820.29,Financial Services
TXN159910,pharmeasy payment #3841,1157.42,Health & Fitness
TXN265917,tata play dth payment #8189,2859.69,Utilities
TXN208588,rapido payment #8683,3121.23,Travel & Transport
TXN479492,parking charges payment #6964,3776.96,Others
TXN905537,nobroker services payment #3571,3109.41,Others
TXN814384,prime video payment #2894,85.21,Entertainment
TXN974026,act fibernet payment #2570,3405.25,Utilities
TXN865625,prime video payment #3996,1067.73,Entertainment
TXN632651,apollo pharmacy payment #7946,4094.92,Health & Fitness
TXN771980,tata play dth payment #9782,2566.51,Utilities
TXN136630,local technician payment #2029,2129.5,Others
TXN310204,canva pro payment #8770,3384.07,Bills & Subscriptions
TXN970269,tata play dth payment #8845,4932.23,Utilities
TXN996945,blinkit payment #4187,4154.92,Groceries
TXN153540,pharmeasy payment #9129,1394.13,Health & Fitness
TXN514830,croma payment #9028,1043.78,Shopping
TXN723407,zee5 subscription payment #6745,4430.85,Entertainment
TXN566039,pharmeasy payment #9490,3689.99,Health & Fitness
TXN959061,donation payment payment #5248,1966.87,Others
TXN465817,blinkit payment #2282,4863.61,Groceries
TXN365018,jio fiber payment #8263,1411.63,Utilities
TXN365486,airtel recharge payment #3125,3598.66,Utilities
TXN277894,hdfc atm payment #9112,1244.62,Financial Services
TXN812220,bigbasket payment #5471,2817.83,Groceries
TXN772853,notion subscription payment #4719,1608.36,Bills & Subscriptions
TXN348537,blinkit payment #1442,1697.19,Groceries
TXN910394,inox movies payment #1533,1434.31,Entertainment
TXN326400,netflix payment #9717,1904.26,Entertainment
TXN708536,essar petrol payment #7601,2691.71,Fuel
TXN359705,hp petrol payment #2980,3622.0,Fuel
TXN144983,fortis hospital payment #9599,1549.57,Health & Fitness
TXN319185,uber payment #8513,2399.86,Travel & Transport
TXN856768,amazonpay upi payment #1021,482.44,Financial Services
TXN979158,medplus payment #5219,924.56,Health & Fitness
TXN527411,sbi atm payment #3312,561.63,Financial Services
TXN762322,jio fiber payment #8404,4353.28,Utilities
TXN513734,spencer’s retail payment #5773,1069.58,Groceries
TXN825254,pvr cinemas payment #5365,3256.21,Entertainment
TXN329020,fortis hospital payment #5057,3740.56,Health & Fitness
TXN377302,nykaa payment #8774,1023.0,Shopping
TXN843138,behrouz biryani payment #1879,2993.44,Food & Dining
TXN155964,blinkit payment #2143,4099.9,Groceries
TXN557400,zomato payment #9015,936.24,Food & Dining
TXN815193,bajaj finance emi payment #2805,4030.76,Financial Services
TXN642898,nature's basket payment #5899,619.17,Groceries
TXN693264,vistara airlines payment #8795,4411.7,Travel & Transport
TXN347525,nobroker services payment #4216,1050.81,Others
TXN325404,hdfc loan emi payment #5122,481.62,Financial Services
TXN382687,water tax payment #7081,4317.94,Utilities
TXN947838,bookmyshow payment #1375,4282.31,Entertainment
TXN897469,tneb payment payment #4042,2078.98,Utilities
TXN593219,netflix payment #9648,3644.69,Entertainment
TXN604244,tata play dth payment #1990,3793.28,Utilities
TXN267688,paradise biryani payment #2961,3416.99,Food & Dining
TXN199460,reliance fresh payment #7539,1233.82,Groceries
TXN615882,reliance petrol pump payment #4073,593.45,Fuel
TXN412051,pvr cinemas payment #9534,1851.38,Entertainment
TXN360529,urbanclap payment #4393,3514.42,Others
TXN109417,zee5 subscription payment #8305,4679.11,Entertainment
TXN895339,airtel recharge payment #2083,2471.93,Utilities
TXN986070,reimbursement payment #7626,4023.09,Financial Services
TXN958437,housejoy payment #1490,639.57,Others
TXN577174,pharmeasy payment #1586,252.1,Health & Fitness
TXN562807,adobe creative cloud payment #5937,3818.69,Bills & Subscriptions
TXN944660,microsoft 365 payment #4215,2585.84,Bills & Subscriptions
TXN584903,bhim upi payment #6755,1308.81,Financial Services
TXN791991,shell payment #6383,4652.0,Fuel
TXN375062,ksrtc bus payment #5768,85.83,Travel & Transport
TXN160561,reliance fresh payment #9422,2422.08,Groceries
TXN680996,bigbasket payment #8400,986.25,Groceries
TXN942623,adobe creative cloud payment #7389,3969.71,Bills & Subscriptions
TXN548814,airindia payment #2355,3709.82,Travel & Transport
TXN968881,inox movies payment #9234,3743.26,Entertainment
TXN677582,indigo payment #1682,4969.54,Travel & Transport
TXN125118,canva pro payment #4532,4982.75,Bills & Subscriptions
TXN583569,hp petrol payment #1551,4860.0,Fuel
TXN262020,housejoy payment #6607,2206.78,Others
TXN266674,apollo pharmacy payment #6924,664.78,Health & Fitness
TXN236659,ioc fuel station payment #1618,4564.8,Fuel
TXN122366,spencer’s retail payment #4587,1936.43,Groceries
TXN990960,reliance fresh payment #6869,4555.76,Groceries
TXN356717,healthspring payment #1052,1360.45,Health & Fitness
TXN942264,icici emi payment payment #2922,3006.35,Financial Services
TXN943380,act fibernet payment #1985,4035.22,Utilities
TXN127007,lifestyle payment #3676,2341.41,Shopping
TXN325445,kfc payment #6853,4338.59,Food & Dining
TXN104591,paradise biryani payment #6347,4883.14,Food & Dining
TXN796570,atm withdrawal payment #2284,683.71,Financial Services
TXN642301,apple music payment #7299,3513.93,Bills & Subscriptions
TXN654010,westside payment #5930,4547.4,Shopping
TXN463426,swiggy payment #1916,2854.75,Food & Dining
TXN328080,goibibo payment #8344,1475.03,Travel & Transport
TXN729148,canva pro payment #8953,2245.15,Bills & Subscriptions
TXN884826,bookmyshow payment #9608,2955.22,Entertainment
TXN769080,meesho payment #6398,4163.59,Shopping
TXN492951,housejoy payment #2719,1221.68,Others
TXN811449,paradise biryani payment #3381,826.23,Food & Dining
TXN557798,ioc fuel station payment #3262,2600.34,Fuel
TXN628947,irctc payment #2613,2955.06,Travel & Transport
TXN777926,tneb payment payment #6982,4360.57,Utilities
TXN793510,zee5 subscription payment #9617,3881.33,Entertainment
TXN355515,behrouz biryani payment #1672,4531.06,Food & Dining
TXN863290,bank service charge payment #7934,663.47,Financial Services
TXN877772,nature's basket payment #5289,4232.58,Groceries
TXN115616,figma pro payment #6547,1969.02,Bills & Subscriptions
TXN847631,goibibo payment #2886,2794.31,Travel & Transport
TXN786195,airtel recharge payment #3231,2576.58,Utilities
TXN143066,indigo payment #5759,2065.75,Travel & Transport
TXN724594,bharatpetrol payment #7766,182.47,Fuel
TXN486156,hathway broadband payment #4446,3930.08,Utilities
TXN893386,bsnl bill payment #9319,4301.07,Utilities
TXN913657,lifestyle payment #8186,805.09,Shopping
TXN758071,act fibernet payment #8405,2262.79,Utilities
TXN487907,prime video payment #3947,1393.97,Entertainment
TXN569109,ola payment #9426,674.65,Travel & Transport
TXN605966,meesho payment #5068,3696.47,Shopping
TXN617430,jiomart grocery payment #1278,3097.69,Groceries
TXN728983,atm withdrawal payment #6966,4377.12,Financial Services
TXN584279,goibibo payment #7816,4169.03,Travel & Transport
TXN307070,ola payment #3172,2210.07,Travel & Transport
TXN791002,local technician payment #7910,1737.55,Others
TXN714594,hotstar payment #6964,812.49,Entertainment
TXN914243,bharatpetrol payment #3764,4513.11,Fuel
TXN493849,zee5 subscription payment #1341,2261.42,Entertainment
TXN614661,ola payment #3507,3922.08,Travel & Transport
TXN306930,lifestyle payment #6905,2439.24,Shopping
TXN827114,faasos payment #2854,4094.33,Food & Dining
TXN767910,urban company payment #9133,1417.71,Others
TXN452730,neft transfer payment #6972,1727.97,Financial Services
TXN472922,adobe creative cloud payment #6786,3962.01,Bills & Subscriptions
TXN556278,nature's basket payment #6956,4444.26,Groceries
TXN313424,flipkart payment #4517,2148.62,Shopping
TXN534908,water tax payment #7793,3511.81,Utilities
TXN895478,youtube premium payment #6834,2824.43,Bills & Subscriptions
TXN131425,atm withdrawal payment #2501,4943.14,Financial Services
TXN407970,notion subscription payment #1832,3807.71,Bills & Subscriptions
TXN445641,indianoil payment #7071,2394.56,Fuel
TXN198031,nobroker services payment #3599,2817.82,Others
TXN333903,donation payment payment #4793,2916.47,Others
TXN171897,fortis hospital payment #4974,4441.48,Health & Fitness
TXN703721,donation payment payment #9577,2130.16,Others
TXN192269,canva pro payment #1400,3248.84,Bills & Subscriptions
TXN726227,hdfc atm payment #4226,1890.44,Financial Services
TXN281625,mcdonalds payment #4352,584.73,Food & Dining
TXN134580,googlepay upi payment #1794,2059.19,Financial Services
TXN841987,more supermarket payment #4888,3445.56,Groceries
TXN715970,reliance petrol pump payment #9188,2195.47,Fuel
TXN669736,googlepay upi payment #4869,4552.75,Financial Services
TXN686780,figma pro payment #2028,2617.86,Bills & Subscriptions
TXN571643,adobe creative cloud payment #5642,2664.66,Bills & Subscriptions
TXN910470,google one payment #7753,3775.82,Bills & Subscriptions
TXN984288,zee5 subscription payment #5472,2050.69,Entertainment
TXN413500,pantaloons payment #4810,89.12,Shopping
TXN878942,google one payment #4053,968.69,Bills & Subscriptions
TXN256132,fortis hospital payment #5556,1495.9,Health & Fitness
TXN370173,pharmeasy payment #1491,1410.33,Health & Fitness
TXN898622,bookmyshow payment #3727,3844.15,Entertainment
TXN722731,zee5 subscription payment #8247,2062.0,Entertainment
TXN565176,housejoy payment #8772,2615.5,Others
TXN426212,indigo payment #3765,3066.45,Travel & Transport
TXN369739,talwalkars gym payment #6012,3335.57,Health & Fitness
TXN361432,medplus payment #6487,4914.65,Health & Fitness
TXN522969,behrouz biryani payment #8162,1684.89,Food & Dining
TXN110734,ksrtc bus payment #5573,763.66,Travel & Transport
TXN988029,lifestyle payment #1182,1925.33,Shopping
TXN509440,notion subscription payment #7366,1377.93,Bills & Subscriptions
TXN793410,1mg payment #2994,4795.75,Health & Fitness
TXN354796,apple music payment #3390,4206.92,Bills & Subscriptions
TXN379224,parking charges payment #3234,3267.14,Others
TXN337561,talwalkars gym payment #1859,729.99,Health & Fitness
TXN155819,bookmyshow payment #5421,1190.5,Entertainment
TXN615836,1mg payment #7777,1058.58,Health & Fitness
TXN625801,goibibo payment #9122,4820.12,Travel & Transport
TXN443784,indianoil payment #6401,4644.8,Fuel
TXN808606,spencer’s retail payment #6333,3448.11,Groceries
TXN965782,zee5 subscription payment #7092,3276.04,Entertainment
TXN156740,zee5 subscription payment #1034,2830.03,Entertainment
TXN514815,hathway broadband payment #3158,382.16,Utilities
TXN373823,donation payment payment #7952,2420.94,Others
TXN325271,housejoy payment #5324,4706.16,Others
TXN485503,medplus payment #1596,869.76,Health & Fitness
TXN472382,1mg payment #8117,1314.03,Health & Fitness
TXN144366,bharatpetrol payment #3909,4008.2,Fuel
TXN552244,atm withdrawal payment #9357,797.08,Financial Services
TXN486566,pvr cinemas payment #2634,2306.77,Entertainment
TXN762251,amazon payment #2356,1285.32,Shopping
TXN464486,dunzo payment #9645,2879.66,Groceries
TXN528708,donation payment payment #6575,157.43,Others
TXN993614,bsnl bill payment #6187,1215.39,Utilities
TXN756312,canva pro payment #2435,295.83,Bills & Subscriptions
TXN844040,airindia payment #4044,4566.58,Travel & Transport
TXN844717,jiomart grocery payment #7729,4500.26,Groceries
TXN917276,hp petrol payment #1780,4278.33,Fuel
TXN200441,irctc payment #9977,1075.68,Travel & Transport
TXN745506,icici atm payment #9280,250.76,Financial Services
TXN258441,subway payment #6957,263.93,Food & Dining
TXN466552,decathlon payment #5378,453.53,Shopping
TXN479426,pvr cinemas payment #7658,2922.88,Entertainment
TXN596061,bigbasket payment #3174,1702.07,Groceries
TXN200330,googlepay upi payment #8032,1789.17,Financial Services
TXN961542,faasos payment #9254,1117.07,Food & Dining
TXN757993,indianoil payment #1102,1594.95,Fuel
TXN229501,prime video payment #7001,3671.29,Entertainment
TXN724257,indianoil payment #1177,2169.13,Fuel
TXN401466,myntra payment #8467,588.24,Shopping
TXN396239,jio fiber payment #2806,4124.38,Utilities
TXN145851,bookmyshow payment #3539,4833.81,Entertainment
TXN565011,airindia payment #3068,459.29,Travel & Transport
TXN533866,airindia payment #3942,4009.26,Travel & Transport
TXN284060,fortis hospital payment #1708,1789.38,Health & Fitness
TXN473086,hp petrol payment #7780,2038.45,Fuel
TXN362717,airtel recharge payment #3384,2121.67,Utilities
TXN541436,inox movies payment #3454,1692.2,Entertainment
TXN524864,spotify payment #4964,4476.52,Entertainment
TXN576781,nobroker services payment #3358,3749.58,Others
TXN884677,bsnl bill payment #6836,88.2,Utilities
TXN546972,nobroker services payment #1682,2771.8,Others
TXN910131,bigbasket payment #2245,1630.07,Groceries
TXN195745,starbucks payment #9561,461.98,Food & Dining
TXN949548,talwalkars gym payment #4319,4354.03,Health & Fitness
TXN702249,ajio payment #4074,1856.63,Shopping
TXN117509,ioc fuel station payment #4790,3496.5,Fuel
TXN395568,parking charges payment #9679,1884.35,Others
TXN446918,nature's basket payment #7858,4843.17,Groceries
TXN297494,netflix payment #5862,4487.1,Entertainment
TXN133624,flipkart payment #4722,3546.01,Shopping
TXN532291,meesho payment #5342,924.36,Shopping
TXN875123,canva pro payment #6421,3159.0,Bills & Subscriptions
TXN419382,zomato payment #1565,756.29,Food & Dining
TXN670816,mcdonalds payment #5993,1648.82,Food & Dining
TXN152327,youtube premium payment #2614,3906.34,Bills & Subscriptions
TXN912320,more supermarket payment #7411,992.29,Groceries
TXN312947,jio fiber payment #7826,1160.14,Utilities
TXN833901,indianoil payment #7034,1612.76,Fuel
TXN103038,airindia payment #1867,2354.04,Travel & Transport
TXN344619,blinkit payment #5317,641.61,Groceries
TXN200550,prime video payment #3403,213.37,Entertainment
TXN562250,netflix payment #5416,4150.85,Entertainment
TXN837949,bank a/c transfer payment #6587,4103.63,Financial Services
TXN322475,reliance fresh payment #4669,2781.41,Groceries
TXN197029,parking charges payment #8711,2848.72,Others
TXN576067,inox movies payment #2776,1934.38,Entertainment
TXN733661,talwalkars gym payment #6809,1906.13,Health & Fitness
TXN822911,subway payment #4878,4761.61,Food & Dining
TXN159984,more supermarket payment #2133,201.11,Groceries
TXN912071,housejoy payment #2375,3619.49,Others
TXN611837,medplus payment #2206,1274.38,Health & Fitness
TXN401489,more supermarket payment #7156,4975.38,Groceries
TXN857787,nobroker services payment #5222,188.25,Others
TXN472184,uber payment #5849,1959.25,Travel & Transport
TXN981786,pantaloons payment #4319,1703.54,Shopping
TXN993902,water tax payment #9150,156.2,Utilities
TXN510997,healthspring payment #5275,83.2,Health & Fitness
TXN546041,amazon payment #6248,2371.42,Shopping
TXN572034,lifestyle payment #3986,4711.87,Shopping
TXN970522,starbucks payment #3108,2082.82,Food & Dining
TXN227172,donation payment payment #2062,1945.97,Others
TXN875425,notion subscription payment #1327,2587.04,Bills & Subscriptions
TXN557184,zomato payment #4609,4949.8,Food & Dining
TXN985330,reversal charge payment #5560,3264.3,Financial Services
TXN785433,bigbasket payment #2101,4082.18,Groceries
TXN242537,netflix payment #4216,292.5,Entertainment
TXN125295,zee5 subscription payment #9640,3350.52,Entertainment
TXN992482,water tax payment #9043,2351.45,Utilities
TXN240647,netflix payment #8604,468.9,Entertainment
TXN210290,cult fit payment #2647,4410.66,Health & Fitness
TXN420768,nature's basket payment #7573,2162.67,Groceries
TXN312106,apollo pharmacy payment #8366,4822.5,Health & Fitness
TXN509304,housejoy payment #6931,4810.69,Others
TXN256548,dunzo payment #3740,4952.92,Groceries
TXN314593,hdfc atm payment #2968,4333.34,Financial Services
TXN935799,tata play dth payment #8529,1238.78,Utilities
TXN468790,goibibo payment #3862,3923.06,Travel & Transport
TXN545032,neft transfer payment #2734,2505.15,Financial Services
TXN536276,pvr cinemas payment #9600,4402.44,Entertainment
TXN226508,nobroker services payment #9869,986.23,Others
TXN862250,apple music payment #9029,3667.57,Bills & Subscriptions
TXN623371,pvr cinemas payment #5622,2572.48,Entertainment
TXN786403,bookmyshow payment #6457,1900.39,Entertainment
TXN490954,microsoft 365 payment #4853,1119.99,Bills & Subscriptions
TXN467701,talwalkars gym payment #3907,3771.04,Health & Fitness
TXN741344,westside payment #2314,228.68,Shopping
TXN546468,indianoil payment #5164,3500.29,Fuel
TXN949195,local technician payment #7250,659.29,Others
TXN713698,hotstar payment #7885,2907.79,Entertainment
TXN811190,more supermarket payment #4915,1093.55,Groceries
TXN901799,paytm upi payment #5019,3154.21,Financial Services
TXN436526,figma pro payment #1648,2806.22,Bills & Subscriptions
TXN936598,nobroker services payment #9447,2675.33,Others
TXN984057,inox movies payment #6397,1199.11,Entertainment
TXN155850,tneb payment payment #3812,2146.45,Utilities
TXN614808,decathlon payment #9992,3393.91,Shopping
TXN295346,makemytrip payment #2863,2545.7,Travel & Transport
TXN404488,apple music payment #4227,2045.99,Bills & Subscriptions
TXN939535,bsnl bill payment #3706,2287.69,Utilities
TXN561893,myntra payment #2355,2916.1,Shopping
TXN108467,nobroker services payment #6499,2577.88,Others
TXN491665,reliance petrol pump payment #8198,3272.56,Fuel
TXN605786,donation payment payment #6335,324.63,Others
TXN580960,nobroker services payment #2292,3637.61,Others
TXN801830,airindia payment #3056,417.11,Travel & Transport
TXN316421,airindia payment #6230,1543.96,Travel & Transport
TXN172047,jio fiber payment #2253,2539.38,Utilities
TXN581744,water tax payment #3305,1791.01,Utilities
TXN136322,amazon payment #9447,3113.56,Shopping
TXN572600,shell payment #7113,2978.04,Fuel
TXN741530,housejoy payment #4054,4959.47,Others
TXN526704,airindia payment #2645,1037.36,Travel & Transport
TXN104995,notion subscription payment #8546,4455.07,Bills & Subscriptions
TXN700446,canva pro payment #7549,1656.34,Bills & Subscriptions
TXN378944,airindia payment #5466,3881.35,Travel & Transport
TXN116401,swiggy payment #2105,3939.95,Food & Dining
TXN373093,irctc payment #8765,4297.63,Travel & Transport
TXN220305,more supermarket payment #3461,1776.6,Groceries
TXN629457,bank a/c transfer payment #2163,4261.46,Financial Services
TXN324529,notion subscription payment #2861,3075.91,Bills & Subscriptions
TXN487670,westside payment #5020,4245.24,Shopping
TXN935269,inox movies payment #6024,1090.18,Entertainment
TXN851451,google one payment #6323,548.69,Bills & Subscriptions
TXN580306,netflix payment #5908,4282.7,Entertainment
TXN977779,tata play dth payment #2515,313.39,Utilities
TXN503018,pharmeasy payment #3643,4215.74,Health & Fitness
TXN439040,meesho payment #6477,4169.24,Shopping
TXN286508,redbus payment #1053,4946.26,Travel & Transport
TXN931569,chai point payment #5106,1741.33,Food & Dining
TXN697285,cult fit payment #5095,763.23,Health & Fitness
TXN887217,uber payment #2365,2476.45,Travel & Transport
TXN389611,bookmyshow payment #4753,3348.72,Entertainment
TXN973673,fortis hospital payment #6579,4569.69,Health & Fitness
TXN537382,makemytrip payment #1829,3441.64,Travel & Transport
TXN994679,bhim upi payment #9609,4635.37,Financial Services
TXN213619,swiggy payment #6856,2235.41,Food & Dining
TXN372376,medplus payment #2221,1719.62,Health & Fitness
TXN100477,parking charges payment #3905,3703.79,Others
TXN611290,myntra payment #2748,1490.77,Shopping
TXN143626,tata play dth payment #9431,383.51,Utilities
TXN654467,nature's basket payment #2407,2208.81,Groceries
TXN806857,act fibernet payment #4577,653.14,Utilities
TXN247302,shell payment #1202,1990.73,Fuel
TXN444708,canva pro payment #2103,4903.59,Bills & Subscriptions
TXN778215,healthspring payment #8196,2782.03,Health & Fitness
TXN675462,dunzo payment #8756,3351.56,Groceries
TXN286310,decathlon payment #6393,344.75,Shopping
TXN954002,vistara airlines payment #2403,932.49,Travel & Transport
TXN782004,dunzo payment #2681,3233.47,Groceries
TXN628248,irctc payment #5429,2873.62,Travel & Transport
TXN887564,faasos payment #1112,595.28,Food & Dining
TXN827048,kritunga payment #6928,4087.06,Food & Dining
TXN996239,medplus payment #5661,2923.41,Health & Fitness
TXN226569,croma payment #1093,1641.16,Shopping
TXN416639,pantaloons payment #8376,201.12,Shopping
TXN778011,phonepe upi payment #9291,305.62,Financial Services
TXN638433,indigo payment #9244,2207.41,Travel & Transport
TXN670172,notion subscription payment #5870,2046.07,Bills & Subscriptions
TXN938116,paradise biryani payment #4057,777.03,Food & Dining
TXN579264,dunzo payment #7317,1274.1,Groceries
TXN536566,housejoy payment #2667,4749.65,Others
TXN428576,indigo payment #3027,3484.55,Travel & Transport
TXN686936,ioc fuel station payment #2862,790.19,Fuel
TXN299950,urbanclap payment #2611,4467.53,Others
TXN328304,bank service charge payment #3251,1607.49,Financial Services
TXN904784,wow momo payment #9742,2043.08,Food & Dining
TXN362883,ajio payment #9898,1484.61,Shopping
TXN513701,phonepe upi payment #5125,780.38,Financial Services
TXN760321,croma payment #2338,2409.24,Shopping
TXN428345,ioc fuel station payment #3284,832.59,Fuel
TXN266645,ioc fuel station payment #5147,4839.25,Fuel
TXN953061,reliance petrol pump payment #1644,2148.36,Fuel
TXN910295,prime video payment #6094,1955.08,Entertainment
TXN783475,decathlon payment #4242,4597.64,Shopping
TXN617465,donation payment payment #9769,3320.35,Others
TXN842736,donation payment payment #7989,4554.15,Others
TXN834842,talwalkars gym payment #9832,1546.8,Health & Fitness
TXN141646,prime video payment #2229,4323.13,Entertainment
TXN983779,inox movies payment #5785,933.47,Entertainment
TXN832910,imps transfer payment #4582,1243.45,Financial Services
TXN821339,hdfc atm payment #1305,4279.64,Financial Services
TXN251666,parking charges payment #9078,4029.29,Others
TXN461407,makemytrip payment #3253,4031.42,Travel & Transport
TXN167875,irctc payment #5740,2189.69,Travel & Transport
TXN985001,medplus payment #8952,2987.96,Health & Fitness
TXN833286,medplus payment #6227,2925.6,Health & Fitness
TXN944038,ajio payment #2694,2799.98,Shopping
TXN704565,apple music payment #9376,3985.43,Bills & Subscriptions
TXN914813,shell payment #3726,3258.12,Fuel
TXN873423,zee5 subscription payment #8833,2604.07,Entertainment
TXN469394,amazonpay upi payment #4805,944.2,Financial Services
TXN706929,bookmyshow payment #7016,441.41,Entertainment
TXN814806,indianoil payment #7985,4112.06,Fuel
TXN434232,reliance fresh payment #4132,3388.59,Groceries
TXN462997,bharatpetrol payment #1934,3550.19,Fuel
TXN619693,bajaj finance emi payment #1054,4917.86,Financial Services
TXN693853,inox movies payment #5874,80.34,Entertainment
TXN307429,ksrtc bus payment #7545,2910.45,Travel & Transport
TXN838563,water tax payment #7818,1920.53,Utilities
TXN673397,cult fit payment #4894,3855.05,Health & Fitness
TXN176503,sbi atm payment #6872,4564.17,Financial Services
TXN391403,blinkit payment #6881,2784.6,Groceries
TXN452999,myntra payment #6452,4506.11,Shopping
TXN842372,kritunga payment #4095,4094.8,Food & Dining
TXN408433,sbi atm payment #6751,3081.05,Financial Services
TXN215064,burger king payment #6806,1080.44,Food & Dining
TXN423614,zomato payment #9157,3003.42,Food & Dining
TXN340520,bsnl bill payment #8026,3379.0,Utilities
TXN994961,healthspring payment #1160,3683.97,Health & Fitness
TXN348880,airtel recharge payment #9048,1296.45,Utilities
TXN240832,spotify payment #5273,746.3,Entertainment
TXN141458,talwalkars gym payment #8636,4224.23,Health & Fitness
TXN764064,ioc fuel station payment #4546,3408.23,Fuel
TXN562787,google one payment #2313,742.64,Bills & Subscriptions
TXN470466,chayos payment #4769,4089.24,Food & Dining
TXN245781,ksrtc bus payment #6245,2243.45,Travel & Transport
TXN885597,mcdonalds payment #8229,4520.63,Food & Dining
TXN956416,tata play dth payment #9159,1258.63,Utilities
TXN350196,indianoil payment #4372,484.01,Fuel
TXN522313,zomato payment #9255,4981.74,Food & Dining
TXN867561,ajio payment #8077,316.5,Shopping
TXN128050,act fibernet payment #1431,3382.99,Utilities
TXN634177,ioc fuel station payment #2565,4642.51,Fuel
TXN673719,bhim upi payment #5879,3539.67,Financial Services
TXN235254,bsnl bill payment #1729,3403.68,Utilities
TXN840737,chayos payment #2241,807.68,Food & Dining
TXN147753,uber payment #8335,2742.67,Travel & Transport
TXN165725,tanishq payment #7924,1345.86,Shopping
TXN292640,talwalkars gym payment #4138,2688.15,Health & Fitness
TXN995521,faasos payment #8835,2860.97,Food & Dining
TXN393710,paytm upi payment #1337,3340.46,Financial Services
TXN368239,essar petrol payment #9119,1591.37,Fuel
TXN236010,essar petrol payment #6004,1064.41,Fuel
TXN147169,swiggy payment #2086,2086.22,Food & Dining
TXN168824,atm withdrawal payment #1031,4225.1,Financial Services
TXN227882,reimbursement payment #4264,1496.86,Financial Services
TXN698972,bharatpetrol payment #8458,1863.62,Fuel
TXN896749,irctc payment #8739,284.26,Travel & Transport
TXN725785,lifestyle payment #4801,3420.75,Shopping
TXN236814,tata play dth payment #8606,3787.35,Utilities
TXN845299,urbanclap payment #2257,2471.15,Others
TXN614962,figma pro payment #8437,3590.81,Bills & Subscriptions
TXN166655,talwalkars gym payment #7079,3690.97,Health & Fitness
TXN235048,reliance petrol pump payment #2252,2427.9,Fuel
TXN701631,reliance petrol pump payment #9733,2708.37,Fuel
TXN143746,reliance petrol pump payment #3633,2309.53,Fuel
TXN388264,goibibo payment #1636,2408.93,Travel & Transport
TXN458175,bsnl bill payment #6227,2955.3,Utilities
TXN776541,notion subscription payment #2384,4650.49,Bills & Subscriptions
TXN682505,bookmyshow payment #9823,1438.72,Entertainment
TXN916693,urbanclap payment #7598,2518.22,Others
TXN464732,ksrtc bus payment #2752,248.25,Travel & Transport
TXN696354,inox movies payment #4157,2574.49,Entertainment
TXN793816,paradise biryani payment #4906,3205.92,Food & Dining
TXN967422,cult fit payment #5569,213.19,Health & Fitness
TXN711874,vistara airlines payment #4859,996.51,Travel & Transport
TXN363887,nykaa payment #6180,451.69,Shopping
TXN988605,hdfc loan emi payment #6144,1178.12,Financial Services
TXN874773,talwalkars gym payment #1893,91.74,Health & Fitness
TXN580915,hotstar payment #4231,3850.25,Entertainment
TXN476482,microsoft 365 payment #6674,970.26,Bills & Subscriptions
TXN892473,donation payment payment #6514,1773.8,Others
TXN896205,essar petrol payment #5627,1632.07,Fuel
TXN842608,icici emi payment payment #9456,3806.28,Financial Services
TXN651166,spencer’s retail payment #9246,2307.36,Groceries
TXN937872,apple music payment #3218,3239.51,Bills & Subscriptions